Study_numb,Paper,LeadAuthor,Year_Published,Title,URL,Location,Country,GPS_coordinates_extracted,GPS_Google,GPS_data,GPS_lat,GPS_long,Species,Common name,Taxa,OsHV_var,Year_Sampled,Field_Lab,Search_Strategy,Notes,GenBank Sequence
1,Arzul et al. 2001,Arzul,2001,Evidence for interspecies transmission of oyster herpesvirus in marine bivalves,https://www.microbiologyresearch.org/content/journal/jgv/10.1099/0022-1317-82-4-865,Normandy,France,NA,"49.717346, -1.907873","49.717346, -1.907873",49.717346,-1.907873,Magallana gigas,,Pacific Oyster,OsHV-1,1997,Field,Snowball,,
1,Arzul et al. 2001,Arzul,2001,Evidence for interspecies transmission of oyster herpesvirus in marine bivalves,https://www.microbiologyresearch.org/content/journal/jgv/10.1099/0022-1317-82-4-865,Vendée,France,NA,"46.832531, -2.150655","46.832531, -2.150655",46.832531,-2.150655,Magallana gigas,,Pacific Oyster,OsHV-1,1995,Field,Snowball,,
1,Arzul et al. 2001,Arzul,2001,Evidence for interspecies transmission of oyster herpesvirus in marine bivalves,https://www.microbiologyresearch.org/content/journal/jgv/10.1099/0022-1317-82-4-865,Vendée,France,NA,"46.832531, -2.150655","46.832531, -2.150655",46.832531,-2.150655,Magallana gigas,,Pacific Oyster,OsHV-1,2000,Field,Snowball,,
1,Arzul et al. 2001,Arzul,2001,Evidence for interspecies transmission of oyster herpesvirus in marine bivalves,https://www.microbiologyresearch.org/content/journal/jgv/10.1099/0022-1317-82-4-865,Charente-Maritime,France,NA,"45.948768, -1.094332","45.948768, -1.094332",45.948768,-1.094332,Magallana gigas,,Pacific Oyster,OsHV-1,1997,Field,Snowball,,
1,Arzul et al. 2001,Arzul,2001,Evidence for interspecies transmission of oyster herpesvirus in marine bivalves,https://www.microbiologyresearch.org/content/journal/jgv/10.1099/0022-1317-82-4-865,Normandy,France,NA,"49.717346, -1.907873","49.717346, -1.907873",49.717346,-1.907873,Ostrea edulis,,Other Oyster,OsHV-1,1997,Field,Snowball,,
1,Arzul et al. 2001,Arzul,2001,Evidence for interspecies transmission of oyster herpesvirus in marine bivalves,https://www.microbiologyresearch.org/content/journal/jgv/10.1099/0022-1317-82-4-865,Charente-Maritime,France,NA,"45.948768, -1.094332","45.948768, -1.094332",45.948768,-1.094332,Ostrea edulis,,Other Oyster,OsHV-1,2000,Field,Snowball,,
1,Arzul et al. 2001,Arzul,2001,Evidence for interspecies transmission of oyster herpesvirus in marine bivalves,https://www.microbiologyresearch.org/content/journal/jgv/10.1099/0022-1317-82-4-865,Normandy,France,NA,"49.717346, -1.907873","49.717346, -1.907873",49.717346,-1.907873,Ruditapes dessicatus,,Clam,OsHV-1,1998,Field,Snowball,,
1,Arzul et al. 2001,Arzul,2001,Evidence for interspecies transmission of oyster herpesvirus in marine bivalves,https://www.microbiologyresearch.org/content/journal/jgv/10.1099/0022-1317-82-4-865,Normandy,France,NA,"49.717346, -1.907873","49.717346, -1.907873",49.717346,-1.907873,Ruditapes phillipinarum,,Clam,OsHV-1,1997,Field,Snowball,,
2,Arzul et al. 2001,Arzul,2001,French Scallops: A New Host for Ostreid Herpesvirus-1,https://www.sciencedirect.com/science/article/pii/S0042682201911869?via%3Dihub,Breton (Brittany),France,NA,"48.431392, -4.759700","48.431392, -4.759700",48.431392,-4.7597,Pecten maximus,,Scallop,OsHV-1,2000,Field,Snowball,,
3,Bai et al. 2018,Bai,2018,Dual transcriptomic analysis of Ostreid herpesvirus 1 infected Scapharca broughtonii with an emphasis on viral anti-apoptosis activities and host oxidative bursts,https://www.sciencedirect.com/science/article/abs/pii/S1050464818305278?via%3Dihub,"Jimo, Qingdao, Shandong Province (imported from Korea)",China,NA,"36.460846, 120.948483","36.460846, 120.948483",36.460846,120.948483,Scapharca broughtonii,Ark Shell Blood Clam,Clam,OsHV-1,2014,Lab,Snowball,OsHV-1 SB?,
4,Bai et al. 2015,Bai,2015,Emerging and endemic types of Ostreid herpesvirus 1 were detected in bivalves in China,https://www.sciencedirect.com/science/article/pii/S0022201114001785?via%3Dihub,"Changddao County, Shandong Province",China,NA,"38.184832, 120.762450
","38.184832, 120.762450
",38.184832,120.76245,Chlamys farreri,,Scallop,OsHV-1,2001,Field,Snowball,,
4,Bai et al. 2015,Bai,2015,Emerging and endemic types of Ostreid herpesvirus 1 were detected in bivalves in China,https://www.sciencedirect.com/science/article/pii/S0022201114001785?via%3Dihub,"Changddao County, Shandong Province",China,NA,"38.184832, 120.762450
","38.184832, 120.762450
",38.184832,120.76245,Chlamys farreri,,Scallop,OsHV-1,2002,Field,Snowball,,
4,Bai et al. 2015,Bai,2015,Emerging and endemic types of Ostreid herpesvirus 1 were detected in bivalves in China,https://www.sciencedirect.com/science/article/pii/S0022201114001785?via%3Dihub,"Changddao County, Shandong Province",China,NA,"38.184832, 120.762450
","38.184832, 120.762450
",38.184832,120.76245,Chlamys farreri,,Scallop,OsHV-1,2003,Field,Snowball,,
4,Bai et al. 2015,Bai,2015,Emerging and endemic types of Ostreid herpesvirus 1 were detected in bivalves in China,https://www.sciencedirect.com/science/article/pii/S0022201114001785?via%3Dihub,"Changddao County, Shandong Province",China,NA,"38.184832, 120.762450
","38.184832, 120.762450
",38.184832,120.76245,Chlamys farreri,,Scallop,OsHV-1,2004,Field,Snowball,,
4,Bai et al. 2015,Bai,2015,Emerging and endemic types of Ostreid herpesvirus 1 were detected in bivalves in China,https://www.sciencedirect.com/science/article/pii/S0022201114001785?via%3Dihub,"Changddao County, Shandong Province",China,NA,"38.184832, 120.762450
","38.184832, 120.762450
",38.184832,120.76245,Chlamys farreri,,Scallop,OsHV-1,2005,Field,Snowball,,
4,Bai et al. 2015,Bai,2015,Emerging and endemic types of Ostreid herpesvirus 1 were detected in bivalves in China,https://www.sciencedirect.com/science/article/pii/S0022201114001785?via%3Dihub,"Changddao County, Shandong Province",China,NA,"38.184832, 120.762450
","38.184832, 120.762450
",38.184832,120.76245,Chlamys farreri,,Scallop,OsHV-1,2006,Field,Snowball,,
4,Bai et al. 2015,Bai,2015,Emerging and endemic types of Ostreid herpesvirus 1 were detected in bivalves in China,https://www.sciencedirect.com/science/article/pii/S0022201114001785?via%3Dihub,"Changddao County, Shandong Province",China,NA,"38.184832, 120.762450
","38.184832, 120.762450
",38.184832,120.76245,Chlamys farreri,,Scallop,OsHV-1,2007,Field,Snowball,,
4,Bai et al. 2015,Bai,2015,Emerging and endemic types of Ostreid herpesvirus 1 were detected in bivalves in China,https://www.sciencedirect.com/science/article/pii/S0022201114001785?via%3Dihub,"Changddao County, Shandong Province",China,NA,"38.184832, 120.762450
","38.184832, 120.762450
",38.184832,120.76245,Chlamys farreri,,Scallop,OsHV-1,2008,Field,Snowball,,
4,Bai et al. 2015,Bai,2015,Emerging and endemic types of Ostreid herpesvirus 1 were detected in bivalves in China,https://www.sciencedirect.com/science/article/pii/S0022201114001785?via%3Dihub,"Changddao County, Shandong Province",China,NA,"38.184832, 120.762450
","38.184832, 120.762450
",38.184832,120.76245,Chlamys farreri,,Scallop,OsHV-1,2009,Field,Snowball,,
4,Bai et al. 2015,Bai,2015,Emerging and endemic types of Ostreid herpesvirus 1 were detected in bivalves in China,https://www.sciencedirect.com/science/article/pii/S0022201114001785?via%3Dihub,"Changddao County, Shandong Province",China,NA,"38.184832, 120.762450
","38.184832, 120.762450
",38.184832,120.76245,Chlamys farreri,,Scallop,OsHV-1,2010,Field,Snowball,,
4,Bai et al. 2015,Bai,2015,Emerging and endemic types of Ostreid herpesvirus 1 were detected in bivalves in China,https://www.sciencedirect.com/science/article/pii/S0022201114001785?via%3Dihub,"Changddao County, Shandong Province",China,NA,"38.184832, 120.762450
","38.184832, 120.762450
",38.184832,120.76245,Chlamys farreri,,Scallop,OsHV-1,2011,Field,Snowball,,
4,Bai et al. 2015,Bai,2015,Emerging and endemic types of Ostreid herpesvirus 1 were detected in bivalves in China,https://www.sciencedirect.com/science/article/pii/S0022201114001785?via%3Dihub,"Changddao County, Shandong Province",China,NA,"38.184832, 120.762450
","38.184832, 120.762450
",38.184832,120.76245,Chlamys farreri,,Scallop,OsHV-1,2012,Field,Snowball,,
4,Bai et al. 2015,Bai,2015,Emerging and endemic types of Ostreid herpesvirus 1 were detected in bivalves in China,https://www.sciencedirect.com/science/article/pii/S0022201114001785?via%3Dihub,"Changddao County, Shandong Province",China,NA,"38.184832, 120.762450
","38.184832, 120.762450
",38.184832,120.76245,Chlamys farreri,,Scallop,OsHV-1,2013,Field,Snowball,,
4,Bai et al. 2015,Bai,2015,Emerging and endemic types of Ostreid herpesvirus 1 were detected in bivalves in China,https://www.sciencedirect.com/science/article/pii/S0022201114001785?via%3Dihub,"Changddao County, Shandong Province",China,NA,"38.184832, 120.762450
","38.184832, 120.762450
",38.184832,120.76245,Crassostrea hongkongensis,,Other Oyster,OsHV-1,2011,Field,Snowball,,
4,Bai et al. 2015,Bai,2015,Emerging and endemic types of Ostreid herpesvirus 1 were detected in bivalves in China,https://www.sciencedirect.com/science/article/pii/S0022201114001785?via%3Dihub,"Changddao County, Shandong Province",China,NA,"38.184832, 120.762450
","38.184832, 120.762450
",38.184832,120.76245,Crassostrea hongkongensis,,Other Oyster,OsHV-1,2013,Field,Snowball,,
4,Bai et al. 2015,Bai,2015,Emerging and endemic types of Ostreid herpesvirus 1 were detected in bivalves in China,https://www.sciencedirect.com/science/article/pii/S0022201114001785?via%3Dihub,"Changddao County, Shandong Province",China,NA,"38.184832, 120.762450
","38.184832, 120.762450
",38.184832,120.76245,Magallana gigas,,Pacific Oyster,OsHV-1,2013,Field,Snowball,,
4,Bai et al. 2015,Bai,2015,Emerging and endemic types of Ostreid herpesvirus 1 were detected in bivalves in China,https://www.sciencedirect.com/science/article/pii/S0022201114001785?via%3Dihub,"Changddao County, Shandong Province",China,NA,"38.184832, 120.762450
","38.184832, 120.762450
",38.184832,120.76245,Meretrix meretrix,,Clam,OsHV-1,2013,Field,Snowball,saltwater clam,
4,Bai et al. 2015,Bai,2015,Emerging and endemic types of Ostreid herpesvirus 1 were detected in bivalves in China,https://www.sciencedirect.com/science/article/pii/S0022201114001785?via%3Dihub,"Changddao County, Shandong Province",China,NA,"38.184832, 120.762450
","38.184832, 120.762450
",38.184832,120.76245,Patinopecten yessoensis,,Scallop,OsHV-1,2012,Field,Snowball,"(= Mizuhopecten yessoensis), Giant Ezo Scallop, Yesso Scallop",
4,Bai et al. 2015,Bai,2015,Emerging and endemic types of Ostreid herpesvirus 1 were detected in bivalves in China,https://www.sciencedirect.com/science/article/pii/S0022201114001785?via%3Dihub,"Changddao County, Shandong Province",China,NA,"38.184832, 120.762450
","38.184832, 120.762450
",38.184832,120.76245,Ruditapes phillipinarum,,Clam,OsHV-1,2013,Field,Snowball,,
4,Bai et al. 2015,Bai,2015,Emerging and endemic types of Ostreid herpesvirus 1 were detected in bivalves in China,https://www.sciencedirect.com/science/article/pii/S0022201114001785?via%3Dihub,"Changddao County, Shandong Province",China,NA,"38.184832, 120.762450
","38.184832, 120.762450
",38.184832,120.76245,Scapharca broughtonii,,Clam,OsHV-1,2012,Field,Snowball,,
4,Bai et al. 2015,Bai,2015,Emerging and endemic types of Ostreid herpesvirus 1 were detected in bivalves in China,https://www.sciencedirect.com/science/article/pii/S0022201114001785?via%3Dihub,"Changddao County, Shandong Province",China,NA,"38.184832, 120.762450
","38.184832, 120.762450
",38.184832,120.76245,Scapharca broughtonii,,Clam,OsHV-1,2013,Field,Snowball,,
4,Bai et al. 2015,Bai,2015,Emerging and endemic types of Ostreid herpesvirus 1 were detected in bivalves in China,https://www.sciencedirect.com/science/article/pii/S0022201114001785?via%3Dihub,"Changddao County, Shandong Province",China,NA,"38.184832, 120.762450
","38.184832, 120.762450
",38.184832,120.76245,Scapharca broughtonii,,Clam,OsHV-1,2013,Field,Snowball,,
5,Sanmartín et al. 2016,Sanmartín,2016,Evidence of vertical transmission of ostreid herpesvirus 1 in the Portuguese oyster Crassostrea angulata,https://www.sciencedirect.com/science/article/abs/pii/S0022201116301240?via%3Dihub,"Experimental Shellfish Station of Tavira (IPMA), Ria Formosa",Portugal,NA,"37.121704, -7.620029","37.121704, -7.620029",37.121704,-7.620029,Crassostrea angulata,,Other Oyster,OsHV-1 μVar,NA,Field,Snowball,,
6,Serraca et al. 2016,Serraca,2016,"Mortality and ostreid herpesvirus 1 infection in the pacific oyster Crassostrea gigas in the Gulf of La Spezia, Italy",https://link.springer.com/article/10.1007/s10499-015-9919-2,Gulf of La Spezia,Italy,NA,"44.099972, 9.837052","44.099972, 9.837052",44.099972,9.837052,Magallana gigas,,Pacific Oyster,OsHV-1,2011,Field,Snowball,,
6,Serraca et al. 2016,Serraca,2016,"Mortality and ostreid herpesvirus 1 infection in the pacific oyster Crassostrea gigas in the Gulf of La Spezia, Italy",https://link.springer.com/article/10.1007/s10499-015-9919-2,Gulf of La Spezia,Italy,NA,"44.099972, 9.837052","44.099972, 9.837052",44.099972,9.837052,Magallana gigas,,Pacific Oyster,OsHV-1,2012,Field,Snowball,,
6,Serraca et al. 2016,Serraca,2016,"Mortality and ostreid herpesvirus 1 infection in the pacific oyster Crassostrea gigas in the Gulf of La Spezia, Italy",https://link.springer.com/article/10.1007/s10499-015-9919-2,Gulf of La Spezia,Italy,NA,"44.099972, 9.837052","44.099972, 9.837052",44.099972,9.837052,Magallana gigas,,Pacific Oyster,OsHV-1,2013,Field,Snowball,,
7,Batista et al. 2015,Batista,2015,Sequence variation in ostreid herpesvirus 1 microvar isolates detected in dying and asymptomatic Crassostrea angulata adults in the Iberian Peninsula: Insights into viral origin and spread,https://www.sciencedirect.com/science/article/pii/S0044848614004657?via%3Dihub,Ria Formosa,Portugal,NA,"37.121704, -7.620029","37.121704, -7.620029",37.121704,-7.620029,Crassostrea angulata,,Other Oyster,OsHV-1,2011,Lab,Snowball,,
7,Batista et al. 2015,Batista,2015,Sequence variation in ostreid herpesvirus 1 microvar isolates detected in dying and asymptomatic Crassostrea angulata adults in the Iberian Peninsula: Insights into viral origin and spread,https://www.sciencedirect.com/science/article/pii/S0044848614004657?via%3Dihub,Ria Formosa,Portugal,NA,"37.121704, -7.620029","37.121704, -7.620029",37.121704,-7.620029,Crassostrea angulata,,Other Oyster,OsHV-1,2013,Lab,Snowball,,
7,Batista et al. 2015,Batista,2015,Sequence variation in ostreid herpesvirus 1 microvar isolates detected in dying and asymptomatic Crassostrea angulata adults in the Iberian Peninsula: Insights into viral origin and spread,https://www.sciencedirect.com/science/article/pii/S0044848614004657?via%3Dihub,Carreras River,Spain,NA,"37.198015, -7.309393","37.198015, -7.309393",37.198015,-7.309393,Crassostrea angulata,,Other Oyster,OsHV-1,2013,Field,Snowball,,
8,Xin et al. 2018,Xin,2018,"Ostreid Herpesvirus-1 Infects Specific Hemocytes in Ark Clam, Scapharca broughtonii",https://www.mdpi.com/1999-4915/10/10/529,Qingdao,China,NA,"36.053318, 120.291358

","36.053318, 120.291358

",36.053318,120.291358,Scapharca broughtonii,,Clam,OsHV-1,NA,Lab,Snowball,,
9,Martínez-García et al. 2017,Martínez-García,2017,"OsHV-1 and notifiable protozoa in healthy Crassostrea corteziensis cultured in two distant areas of the Gulf of California
",https://scielo.conicyt.cl/pdf/lajar/v45n4/0718-560X-lajar-45-04-0699.pdf,"Playa Manga, Sonora",Mexico,"27°58’40”N, 111°58’40”W",NA,"27.958275, -111.967971

",27.958275,-111.967971,Crassostrea corteziensis,,Other Oyster,OsHV-1,2012,Field,Snowball,,
10,Martínez-García et al. 2017,Martínez-García,2017,"OsHV-1 and notifiable protozoa in healthy Crassostrea corteziensis cultured in two distant areas of the Gulf of California
",https://scielo.conicyt.cl/pdf/lajar/v45n4/0718-560X-lajar-45-04-0699.pdf,"Boca de Camichín, Nayarit",Mexico,"21º44’36”N, 105º29’30”W",NA,"21.743333, -105.491667",21.743333,-105.491667,Crassostrea corteziensis,,Other Oyster,OsHV-1,2012,Field,Snowball,,
11,Bai et al. 2016,Bai,2016,Identification and characterization of ostreid herpesvirus 1 associated with massive mortalities of Scapharca broughtonii broodstocks in China,https://www.int-res.com/abstracts/dao/v118/n1/p65-75/,"ChangD, Changdong Province, China",China,NA,"37.852516, 120.824291","37.852516, 120.824291",37.852516,120.824291,Scapharca broughtonii,,Clam,OsHV-1,2012,Field,Snowball,,
11,Bai et al. 2016,Bai,2016,Identification and characterization of ostreid herpesvirus 1 associated with massive mortalities of Scapharca broughtonii broodstocks in China,https://www.int-res.com/abstracts/dao/v118/n1/p65-75/,"ChangD, Changdong Province, China",China,NA,"37.852516, 120.824291","37.852516, 120.824291",37.852516,120.824291,Scapharca broughtonii,,Clam,OsHV-1,2013,Field,Snowball,,
12,Renault et al. 2012,Renault,2012,Analysis of Clinical Ostreid Herpesvirus 1 (Malacoherpesviridae) Specimens by Sequencing Amplified Fragments from Three Virus Genome Areas,https://journals.asm.org/doi/10.1128/JVI.06534-11,NA,France,NA,"49.717346, -1.907873","49.717346, -1.907873",49.717346,-1.907873,Magallana gigas,,Pacific Oyster,OsHV-1,1993,Field,Snowball,,
12,Renault et al. 2012,Renault,2012,Analysis of Clinical Ostreid Herpesvirus 1 (Malacoherpesviridae) Specimens by Sequencing Amplified Fragments from Three Virus Genome Areas,https://journals.asm.org/doi/10.1128/JVI.06534-11,NA,France,NA,"49.717346, -1.907873","49.717346, -1.907873",49.717346,-1.907873,Magallana gigas,,Pacific Oyster,OsHV-1,1993,Field,Snowball,,
12,Renault et al. 2012,Renault,2012,Analysis of Clinical Ostreid Herpesvirus 1 (Malacoherpesviridae) Specimens by Sequencing Amplified Fragments from Three Virus Genome Areas,https://journals.asm.org/doi/10.1128/JVI.06534-11,NA,France,NA,"49.717346, -1.907873","49.717346, -1.907873",49.717346,-1.907873,Magallana gigas,,Pacific Oyster,OsHV-1,1993,Field,Snowball,,
12,Renault et al. 2012,Renault,2012,Analysis of Clinical Ostreid Herpesvirus 1 (Malacoherpesviridae) Specimens by Sequencing Amplified Fragments from Three Virus Genome Areas,https://journals.asm.org/doi/10.1128/JVI.06534-11,NA,France,NA,"49.717346, -1.907873","49.717346, -1.907873",49.717346,-1.907873,Magallana gigas,,Pacific Oyster,OsHV-1,1994,Field,Snowball,,
12,Renault et al. 2012,Renault,2012,Analysis of Clinical Ostreid Herpesvirus 1 (Malacoherpesviridae) Specimens by Sequencing Amplified Fragments from Three Virus Genome Areas,https://journals.asm.org/doi/10.1128/JVI.06534-11,NA,France,NA,"49.717346, -1.907873","49.717346, -1.907873",49.717346,-1.907873,Magallana gigas,,Pacific Oyster,OsHV-1,1994,Field,Snowball,,
12,Renault et al. 2012,Renault,2012,Analysis of Clinical Ostreid Herpesvirus 1 (Malacoherpesviridae) Specimens by Sequencing Amplified Fragments from Three Virus Genome Areas,https://journals.asm.org/doi/10.1128/JVI.06534-11,NA,France,NA,"49.717346, -1.907873","49.717346, -1.907873",49.717346,-1.907873,Magallana gigas,,Pacific Oyster,OsHV-1,1994,Field,Snowball,,
12,Renault et al. 2012,Renault,2012,Analysis of Clinical Ostreid Herpesvirus 1 (Malacoherpesviridae) Specimens by Sequencing Amplified Fragments from Three Virus Genome Areas,https://journals.asm.org/doi/10.1128/JVI.06534-11,NA,France,NA,"49.717346, -1.907873","49.717346, -1.907873",49.717346,-1.907873,Magallana gigas,,Pacific Oyster,OsHV-1,1994,Field,Snowball,,
12,Renault et al. 2012,Renault,2012,Analysis of Clinical Ostreid Herpesvirus 1 (Malacoherpesviridae) Specimens by Sequencing Amplified Fragments from Three Virus Genome Areas,https://journals.asm.org/doi/10.1128/JVI.06534-11,NA,France,NA,"49.717346, -1.907873","49.717346, -1.907873",49.717346,-1.907873,Magallana gigas,,Pacific Oyster,OsHV-1,1995,Field,Snowball,,
12,Renault et al. 2012,Renault,2012,Analysis of Clinical Ostreid Herpesvirus 1 (Malacoherpesviridae) Specimens by Sequencing Amplified Fragments from Three Virus Genome Areas,https://journals.asm.org/doi/10.1128/JVI.06534-11,NA,France,NA,"49.717346, -1.907873","49.717346, -1.907873",49.717346,-1.907873,Magallana gigas,,Pacific Oyster,OsHV-1,1995,Field,Snowball,,
12,Renault et al. 2012,Renault,2012,Analysis of Clinical Ostreid Herpesvirus 1 (Malacoherpesviridae) Specimens by Sequencing Amplified Fragments from Three Virus Genome Areas,https://journals.asm.org/doi/10.1128/JVI.06534-11,NA,France,NA,"49.717346, -1.907873","49.717346, -1.907873",49.717346,-1.907873,Magallana gigas,,Pacific Oyster,OsHV-1,1995,Field,Snowball,,
12,Renault et al. 2012,Renault,2012,Analysis of Clinical Ostreid Herpesvirus 1 (Malacoherpesviridae) Specimens by Sequencing Amplified Fragments from Three Virus Genome Areas,https://journals.asm.org/doi/10.1128/JVI.06534-11,NA,France,NA,"49.717346, -1.907873","49.717346, -1.907873",49.717346,-1.907873,Magallana gigas,,Pacific Oyster,OsHV-1,2003,Field,Snowball,,
12,Renault et al. 2012,Renault,2012,Analysis of Clinical Ostreid Herpesvirus 1 (Malacoherpesviridae) Specimens by Sequencing Amplified Fragments from Three Virus Genome Areas,https://journals.asm.org/doi/10.1128/JVI.06534-11,NA,France,NA,"49.717346, -1.907873","49.717346, -1.907873",49.717346,-1.907873,Magallana gigas,,Pacific Oyster,OsHV-1,2003,Field,Snowball,,
12,Renault et al. 2012,Renault,2012,Analysis of Clinical Ostreid Herpesvirus 1 (Malacoherpesviridae) Specimens by Sequencing Amplified Fragments from Three Virus Genome Areas,https://journals.asm.org/doi/10.1128/JVI.06534-11,NA,France,NA,"49.717346, -1.907873","49.717346, -1.907873",49.717346,-1.907873,Magallana gigas,,Pacific Oyster,OsHV-1,2003,Field,Snowball,,
12,Renault et al. 2012,Renault,2012,Analysis of Clinical Ostreid Herpesvirus 1 (Malacoherpesviridae) Specimens by Sequencing Amplified Fragments from Three Virus Genome Areas,https://journals.asm.org/doi/10.1128/JVI.06534-11,NA,France,NA,"49.717346, -1.907873","49.717346, -1.907873",49.717346,-1.907873,Magallana gigas,,Pacific Oyster,OsHV-1,2003,Field,Snowball,,
12,Renault et al. 2012,Renault,2012,Analysis of Clinical Ostreid Herpesvirus 1 (Malacoherpesviridae) Specimens by Sequencing Amplified Fragments from Three Virus Genome Areas,https://journals.asm.org/doi/10.1128/JVI.06534-11,NA,France,NA,"49.717346, -1.907873","49.717346, -1.907873",49.717346,-1.907873,Magallana gigas,,Pacific Oyster,OsHV-1,2003,Field,Snowball,,
12,Renault et al. 2012,Renault,2012,Analysis of Clinical Ostreid Herpesvirus 1 (Malacoherpesviridae) Specimens by Sequencing Amplified Fragments from Three Virus Genome Areas,https://journals.asm.org/doi/10.1128/JVI.06534-11,NA,France,NA,"49.717346, -1.907873","49.717346, -1.907873",49.717346,-1.907873,Magallana gigas,,Pacific Oyster,OsHV-1,2003,Field,Snowball,,
12,Renault et al. 2012,Renault,2012,Analysis of Clinical Ostreid Herpesvirus 1 (Malacoherpesviridae) Specimens by Sequencing Amplified Fragments from Three Virus Genome Areas,https://journals.asm.org/doi/10.1128/JVI.06534-11,NA,France,NA,"49.717346, -1.907873","49.717346, -1.907873",49.717346,-1.907873,Magallana gigas,,Pacific Oyster,OsHV-1,2005,Field,Snowball,,
12,Renault et al. 2012,Renault,2012,Analysis of Clinical Ostreid Herpesvirus 1 (Malacoherpesviridae) Specimens by Sequencing Amplified Fragments from Three Virus Genome Areas,https://journals.asm.org/doi/10.1128/JVI.06534-11,NA,France,NA,"49.717346, -1.907873","49.717346, -1.907873",49.717346,-1.907873,Magallana gigas,,Pacific Oyster,OsHV-1,2005,Field,Snowball,,
12,Renault et al. 2012,Renault,2012,Analysis of Clinical Ostreid Herpesvirus 1 (Malacoherpesviridae) Specimens by Sequencing Amplified Fragments from Three Virus Genome Areas,https://journals.asm.org/doi/10.1128/JVI.06534-11,NA,France,NA,"49.717346, -1.907873","49.717346, -1.907873",49.717346,-1.907873,Magallana gigas,,Pacific Oyster,OsHV-1,2005,Field,Snowball,,
12,Renault et al. 2012,Renault,2012,Analysis of Clinical Ostreid Herpesvirus 1 (Malacoherpesviridae) Specimens by Sequencing Amplified Fragments from Three Virus Genome Areas,https://journals.asm.org/doi/10.1128/JVI.06534-11,NA,France,NA,"49.717346, -1.907873","49.717346, -1.907873",49.717346,-1.907873,Magallana gigas,,Pacific Oyster,OsHV-1,2005,Field,Snowball,,
12,Renault et al. 2012,Renault,2012,Analysis of Clinical Ostreid Herpesvirus 1 (Malacoherpesviridae) Specimens by Sequencing Amplified Fragments from Three Virus Genome Areas,https://journals.asm.org/doi/10.1128/JVI.06534-11,NA,France,NA,"49.717346, -1.907873","49.717346, -1.907873",49.717346,-1.907873,Magallana gigas,,Pacific Oyster,OsHV-1,2006,Field,Snowball,,
12,Renault et al. 2012,Renault,2012,Analysis of Clinical Ostreid Herpesvirus 1 (Malacoherpesviridae) Specimens by Sequencing Amplified Fragments from Three Virus Genome Areas,https://journals.asm.org/doi/10.1128/JVI.06534-11,NA,France,NA,"49.717346, -1.907873","49.717346, -1.907873",49.717346,-1.907873,Magallana gigas,,Pacific Oyster,OsHV-1,2006,Field,Snowball,,
12,Renault et al. 2012,Renault,2012,Analysis of Clinical Ostreid Herpesvirus 1 (Malacoherpesviridae) Specimens by Sequencing Amplified Fragments from Three Virus Genome Areas,https://journals.asm.org/doi/10.1128/JVI.06534-11,NA,France,NA,"49.717346, -1.907873","49.717346, -1.907873",49.717346,-1.907873,Magallana gigas,,Pacific Oyster,OsHV-1,2006,Field,Snowball,,
12,Renault et al. 2012,Renault,2012,Analysis of Clinical Ostreid Herpesvirus 1 (Malacoherpesviridae) Specimens by Sequencing Amplified Fragments from Three Virus Genome Areas,https://journals.asm.org/doi/10.1128/JVI.06534-11,NA,France,NA,"49.717346, -1.907873","49.717346, -1.907873",49.717346,-1.907873,Magallana gigas,,Pacific Oyster,OsHV-1,2006,Field,Snowball,,
12,Renault et al. 2012,Renault,2012,Analysis of Clinical Ostreid Herpesvirus 1 (Malacoherpesviridae) Specimens by Sequencing Amplified Fragments from Three Virus Genome Areas,https://journals.asm.org/doi/10.1128/JVI.06534-11,NA,France,NA,"49.717346, -1.907873","49.717346, -1.907873",49.717346,-1.907873,Magallana gigas,,Pacific Oyster,OsHV-1,2006,Field,Snowball,,
12,Renault et al. 2012,Renault,2012,Analysis of Clinical Ostreid Herpesvirus 1 (Malacoherpesviridae) Specimens by Sequencing Amplified Fragments from Three Virus Genome Areas,https://journals.asm.org/doi/10.1128/JVI.06534-11,NA,France,NA,"49.717346, -1.907873","49.717346, -1.907873",49.717346,-1.907873,Magallana gigas,,Pacific Oyster,OsHV-1,2006,Field,Snowball,,
12,Renault et al. 2012,Renault,2012,Analysis of Clinical Ostreid Herpesvirus 1 (Malacoherpesviridae) Specimens by Sequencing Amplified Fragments from Three Virus Genome Areas,https://journals.asm.org/doi/10.1128/JVI.06534-11,NA,France,NA,"49.717346, -1.907873","49.717346, -1.907873",49.717346,-1.907873,Magallana gigas,,Pacific Oyster,OsHV-1,2007,Field,Snowball,,
12,Renault et al. 2012,Renault,2012,Analysis of Clinical Ostreid Herpesvirus 1 (Malacoherpesviridae) Specimens by Sequencing Amplified Fragments from Three Virus Genome Areas,https://journals.asm.org/doi/10.1128/JVI.06534-11,NA,France,NA,"49.717346, -1.907873","49.717346, -1.907873",49.717346,-1.907873,Magallana gigas,,Pacific Oyster,OsHV-1,2007,Field,Snowball,,
12,Renault et al. 2012,Renault,2012,Analysis of Clinical Ostreid Herpesvirus 1 (Malacoherpesviridae) Specimens by Sequencing Amplified Fragments from Three Virus Genome Areas,https://journals.asm.org/doi/10.1128/JVI.06534-11,NA,France,NA,"49.717346, -1.907873","49.717346, -1.907873",49.717346,-1.907873,Magallana gigas,,Pacific Oyster,OsHV-1,2007,Field,Snowball,,
12,Renault et al. 2012,Renault,2012,Analysis of Clinical Ostreid Herpesvirus 1 (Malacoherpesviridae) Specimens by Sequencing Amplified Fragments from Three Virus Genome Areas,https://journals.asm.org/doi/10.1128/JVI.06534-11,NA,France,NA,"49.717346, -1.907873","49.717346, -1.907873",49.717346,-1.907873,Magallana gigas,,Pacific Oyster,OsHV-1,2007,Field,Snowball,,
12,Renault et al. 2012,Renault,2012,Analysis of Clinical Ostreid Herpesvirus 1 (Malacoherpesviridae) Specimens by Sequencing Amplified Fragments from Three Virus Genome Areas,https://journals.asm.org/doi/10.1128/JVI.06534-11,NA,France,NA,"49.717346, -1.907873","49.717346, -1.907873",49.717346,-1.907873,Magallana gigas,,Pacific Oyster,OsHV-1,2007,Field,Snowball,,
12,Renault et al. 2012,Renault,2012,Analysis of Clinical Ostreid Herpesvirus 1 (Malacoherpesviridae) Specimens by Sequencing Amplified Fragments from Three Virus Genome Areas,https://journals.asm.org/doi/10.1128/JVI.06534-11,NA,France,NA,"49.717346, -1.907873","49.717346, -1.907873",49.717346,-1.907873,Magallana gigas,,Pacific Oyster,OsHV-1,2007,Field,Snowball,,
12,Renault et al. 2012,Renault,2012,Analysis of Clinical Ostreid Herpesvirus 1 (Malacoherpesviridae) Specimens by Sequencing Amplified Fragments from Three Virus Genome Areas,https://journals.asm.org/doi/10.1128/JVI.06534-11,NA,France,NA,"49.717346, -1.907873","49.717346, -1.907873",49.717346,-1.907873,Magallana gigas,,Pacific Oyster,OsHV-1,2007,Field,Snowball,,
12,Renault et al. 2012,Renault,2012,Analysis of Clinical Ostreid Herpesvirus 1 (Malacoherpesviridae) Specimens by Sequencing Amplified Fragments from Three Virus Genome Areas,https://journals.asm.org/doi/10.1128/JVI.06534-11,NA,France,NA,"49.717346, -1.907873","49.717346, -1.907873",49.717346,-1.907873,Magallana gigas,,Pacific Oyster,OsHV-1,2007,Field,Snowball,,
12,Renault et al. 2012,Renault,2012,Analysis of Clinical Ostreid Herpesvirus 1 (Malacoherpesviridae) Specimens by Sequencing Amplified Fragments from Three Virus Genome Areas,https://journals.asm.org/doi/10.1128/JVI.06534-11,NA,France,NA,"49.717346, -1.907873","49.717346, -1.907873",49.717346,-1.907873,Magallana gigas,,Pacific Oyster,OsHV-1,2007,Field,Snowball,,
12,Renault et al. 2012,Renault,2012,Analysis of Clinical Ostreid Herpesvirus 1 (Malacoherpesviridae) Specimens by Sequencing Amplified Fragments from Three Virus Genome Areas,https://journals.asm.org/doi/10.1128/JVI.06534-11,NA,France,NA,"49.717346, -1.907873","49.717346, -1.907873",49.717346,-1.907873,Magallana gigas,,Pacific Oyster,OsHV-1,2008,Field,Snowball,,
12,Renault et al. 2012,Renault,2012,Analysis of Clinical Ostreid Herpesvirus 1 (Malacoherpesviridae) Specimens by Sequencing Amplified Fragments from Three Virus Genome Areas,https://journals.asm.org/doi/10.1128/JVI.06534-11,NA,France,NA,"49.717346, -1.907873","49.717346, -1.907873",49.717346,-1.907873,Magallana gigas,,Pacific Oyster,OsHV-1,2008,Field,Snowball,,
12,Renault et al. 2012,Renault,2012,Analysis of Clinical Ostreid Herpesvirus 1 (Malacoherpesviridae) Specimens by Sequencing Amplified Fragments from Three Virus Genome Areas,https://journals.asm.org/doi/10.1128/JVI.06534-11,NA,France,NA,"49.717346, -1.907873","49.717346, -1.907873",49.717346,-1.907873,Magallana gigas,,Pacific Oyster,OsHV-1,2008,Field,Snowball,,
12,Renault et al. 2012,Renault,2012,Analysis of Clinical Ostreid Herpesvirus 1 (Malacoherpesviridae) Specimens by Sequencing Amplified Fragments from Three Virus Genome Areas,https://journals.asm.org/doi/10.1128/JVI.06534-11,NA,France,NA,"49.717346, -1.907873","49.717346, -1.907873",49.717346,-1.907873,Magallana gigas,,Pacific Oyster,OsHV-1,2008,Field,Snowball,,
12,Renault et al. 2012,Renault,2012,Analysis of Clinical Ostreid Herpesvirus 1 (Malacoherpesviridae) Specimens by Sequencing Amplified Fragments from Three Virus Genome Areas,https://journals.asm.org/doi/10.1128/JVI.06534-11,NA,France,NA,"49.717346, -1.907873","49.717346, -1.907873",49.717346,-1.907873,Magallana gigas,,Pacific Oyster,OsHV-1,2008,Field,Snowball,,
12,Renault et al. 2012,Renault,2012,Analysis of Clinical Ostreid Herpesvirus 1 (Malacoherpesviridae) Specimens by Sequencing Amplified Fragments from Three Virus Genome Areas,https://journals.asm.org/doi/10.1128/JVI.06534-11,NA,France,NA,"49.717346, -1.907873","49.717346, -1.907873",49.717346,-1.907873,Magallana gigas,,Pacific Oyster,OsHV-1,2008,Field,Snowball,,
12,Renault et al. 2012,Renault,2012,Analysis of Clinical Ostreid Herpesvirus 1 (Malacoherpesviridae) Specimens by Sequencing Amplified Fragments from Three Virus Genome Areas,https://journals.asm.org/doi/10.1128/JVI.06534-11,NA,France,NA,"49.717346, -1.907873","49.717346, -1.907873",49.717346,-1.907873,Magallana gigas,,Pacific Oyster,OsHV-1,2008,Field,Snowball,,
12,Renault et al. 2012,Renault,2012,Analysis of Clinical Ostreid Herpesvirus 1 (Malacoherpesviridae) Specimens by Sequencing Amplified Fragments from Three Virus Genome Areas,https://journals.asm.org/doi/10.1128/JVI.06534-11,NA,France,NA,"49.717346, -1.907873","49.717346, -1.907873",49.717346,-1.907873,Magallana gigas,,Pacific Oyster,OsHV-1,2008,Field,Snowball,,
12,Renault et al. 2012,Renault,2012,Analysis of Clinical Ostreid Herpesvirus 1 (Malacoherpesviridae) Specimens by Sequencing Amplified Fragments from Three Virus Genome Areas,https://journals.asm.org/doi/10.1128/JVI.06534-11,NA,France,NA,"49.717346, -1.907873","49.717346, -1.907873",49.717346,-1.907873,Magallana gigas,,Pacific Oyster,OsHV-1,2008,Field,Snowball,,
12,Renault et al. 2012,Renault,2012,Analysis of Clinical Ostreid Herpesvirus 1 (Malacoherpesviridae) Specimens by Sequencing Amplified Fragments from Three Virus Genome Areas,https://journals.asm.org/doi/10.1128/JVI.06534-11,NA,France,NA,"49.717346, -1.907873","49.717346, -1.907873",49.717346,-1.907873,Magallana gigas,,Pacific Oyster,OsHV-1,2008,Field,Snowball,,
12,Renault et al. 2012,Renault,2012,Analysis of Clinical Ostreid Herpesvirus 1 (Malacoherpesviridae) Specimens by Sequencing Amplified Fragments from Three Virus Genome Areas,https://journals.asm.org/doi/10.1128/JVI.06534-11,NA,France,NA,"49.717346, -1.907873","49.717346, -1.907873",49.717346,-1.907873,Magallana gigas,,Pacific Oyster,OsHV-1,2008,Field,Snowball,,
12,Renault et al. 2012,Renault,2012,Analysis of Clinical Ostreid Herpesvirus 1 (Malacoherpesviridae) Specimens by Sequencing Amplified Fragments from Three Virus Genome Areas,https://journals.asm.org/doi/10.1128/JVI.06534-11,NA,France,NA,"49.717346, -1.907873","49.717346, -1.907873",49.717346,-1.907873,Magallana gigas,,Pacific Oyster,OsHV-1,2008,Field,Snowball,,
12,Renault et al. 2012,Renault,2012,Analysis of Clinical Ostreid Herpesvirus 1 (Malacoherpesviridae) Specimens by Sequencing Amplified Fragments from Three Virus Genome Areas,https://journals.asm.org/doi/10.1128/JVI.06534-11,NA,France,NA,"49.717346, -1.907873","49.717346, -1.907873",49.717346,-1.907873,Magallana gigas,,Pacific Oyster,OsHV-1,2008,Field,Snowball,,
12,Renault et al. 2012,Renault,2012,Analysis of Clinical Ostreid Herpesvirus 1 (Malacoherpesviridae) Specimens by Sequencing Amplified Fragments from Three Virus Genome Areas,https://journals.asm.org/doi/10.1128/JVI.06534-11,NA,France,NA,"49.717346, -1.907873","49.717346, -1.907873",49.717346,-1.907873,Magallana gigas,,Pacific Oyster,OsHV-1,2008,Field,Snowball,,
12,Renault et al. 2012,Renault,2012,Analysis of Clinical Ostreid Herpesvirus 1 (Malacoherpesviridae) Specimens by Sequencing Amplified Fragments from Three Virus Genome Areas,https://journals.asm.org/doi/10.1128/JVI.06534-11,NA,France,NA,"49.717346, -1.907873","49.717346, -1.907873",49.717346,-1.907873,Magallana gigas,,Pacific Oyster,OsHV-1,2008,Field,Snowball,,
12,Renault et al. 2012,Renault,2012,Analysis of Clinical Ostreid Herpesvirus 1 (Malacoherpesviridae) Specimens by Sequencing Amplified Fragments from Three Virus Genome Areas,https://journals.asm.org/doi/10.1128/JVI.06534-11,NA,France,NA,"49.717346, -1.907873","49.717346, -1.907873",49.717346,-1.907873,Magallana gigas,,Pacific Oyster,OsHV-1,2009,Field,Snowball,,
12,Renault et al. 2012,Renault,2012,Analysis of Clinical Ostreid Herpesvirus 1 (Malacoherpesviridae) Specimens by Sequencing Amplified Fragments from Three Virus Genome Areas,https://journals.asm.org/doi/10.1128/JVI.06534-11,NA,France,NA,"49.717346, -1.907873","49.717346, -1.907873",49.717346,-1.907873,Magallana gigas,,Pacific Oyster,OsHV-1,2009,Field,Snowball,,
12,Renault et al. 2012,Renault,2012,Analysis of Clinical Ostreid Herpesvirus 1 (Malacoherpesviridae) Specimens by Sequencing Amplified Fragments from Three Virus Genome Areas,https://journals.asm.org/doi/10.1128/JVI.06534-11,NA,France,NA,"49.717346, -1.907873","49.717346, -1.907873",49.717346,-1.907873,Magallana gigas,,Pacific Oyster,OsHV-1,2009,Field,Snowball,,
12,Renault et al. 2012,Renault,2012,Analysis of Clinical Ostreid Herpesvirus 1 (Malacoherpesviridae) Specimens by Sequencing Amplified Fragments from Three Virus Genome Areas,https://journals.asm.org/doi/10.1128/JVI.06534-11,NA,France,NA,"49.717346, -1.907873","49.717346, -1.907873",49.717346,-1.907873,Magallana gigas,,Pacific Oyster,OsHV-1,2009,Field,Snowball,,
12,Renault et al. 2012,Renault,2012,Analysis of Clinical Ostreid Herpesvirus 1 (Malacoherpesviridae) Specimens by Sequencing Amplified Fragments from Three Virus Genome Areas,https://journals.asm.org/doi/10.1128/JVI.06534-11,NA,France,NA,"49.717346, -1.907873","49.717346, -1.907873",49.717346,-1.907873,Magallana gigas,,Pacific Oyster,OsHV-1,2009,Field,Snowball,,
12,Renault et al. 2012,Renault,2012,Analysis of Clinical Ostreid Herpesvirus 1 (Malacoherpesviridae) Specimens by Sequencing Amplified Fragments from Three Virus Genome Areas,https://journals.asm.org/doi/10.1128/JVI.06534-11,NA,France,NA,"49.717346, -1.907873","49.717346, -1.907873",49.717346,-1.907873,Magallana gigas,,Pacific Oyster,OsHV-1,2010,Field,Snowball,,
12,Renault et al. 2012,Renault,2012,Analysis of Clinical Ostreid Herpesvirus 1 (Malacoherpesviridae) Specimens by Sequencing Amplified Fragments from Three Virus Genome Areas,https://journals.asm.org/doi/10.1128/JVI.06534-11,NA,France,NA,"49.717346, -1.907873","49.717346, -1.907873",49.717346,-1.907873,Magallana gigas,,Pacific Oyster,OsHV-1,2010,Field,Snowball,,
12,Renault et al. 2012,Renault,2012,Analysis of Clinical Ostreid Herpesvirus 1 (Malacoherpesviridae) Specimens by Sequencing Amplified Fragments from Three Virus Genome Areas,https://journals.asm.org/doi/10.1128/JVI.06534-11,NA,France,NA,"49.717346, -1.907873","49.717346, -1.907873",49.717346,-1.907873,Magallana gigas,,Pacific Oyster,OsHV-1,2010,Field,Snowball,,
12,Renault et al. 2012,Renault,2012,Analysis of Clinical Ostreid Herpesvirus 1 (Malacoherpesviridae) Specimens by Sequencing Amplified Fragments from Three Virus Genome Areas,https://journals.asm.org/doi/10.1128/JVI.06534-11,NA,France,NA,"49.717346, -1.907873","49.717346, -1.907873",49.717346,-1.907873,Magallana gigas,,Pacific Oyster,OsHV-1,2010,Field,Snowball,,
12,Renault et al. 2012,Renault,2012,Analysis of Clinical Ostreid Herpesvirus 1 (Malacoherpesviridae) Specimens by Sequencing Amplified Fragments from Three Virus Genome Areas,https://journals.asm.org/doi/10.1128/JVI.06534-11,NA,France,NA,"49.717346, -1.907873","49.717346, -1.907873",49.717346,-1.907873,Magallana gigas,,Pacific Oyster,OsHV-1,2010,Field,Snowball,,
12,Renault et al. 2012,Renault,2012,Analysis of Clinical Ostreid Herpesvirus 1 (Malacoherpesviridae) Specimens by Sequencing Amplified Fragments from Three Virus Genome Areas,https://journals.asm.org/doi/10.1128/JVI.06534-11,NA,France,NA,"49.717346, -1.907873","49.717346, -1.907873",49.717346,-1.907873,Magallana gigas,,Pacific Oyster,OsHV-1,2010,Field,Snowball,,
12,Renault et al. 2012,Renault,2012,Analysis of Clinical Ostreid Herpesvirus 1 (Malacoherpesviridae) Specimens by Sequencing Amplified Fragments from Three Virus Genome Areas,https://journals.asm.org/doi/10.1128/JVI.06534-11,NA,France,NA,"49.717346, -1.907873","49.717346, -1.907873",49.717346,-1.907873,Magallana gigas,,Pacific Oyster,OsHV-1,2010,Field,Snowball,,
12,Renault et al. 2012,Renault,2012,Analysis of Clinical Ostreid Herpesvirus 1 (Malacoherpesviridae) Specimens by Sequencing Amplified Fragments from Three Virus Genome Areas,https://journals.asm.org/doi/10.1128/JVI.06534-11,NA,France,NA,"49.717346, -1.907873","49.717346, -1.907873",49.717346,-1.907873,Magallana gigas,,Pacific Oyster,OsHV-1,2010,Field,Snowball,,
12,Renault et al. 2012,Renault,2012,Analysis of Clinical Ostreid Herpesvirus 1 (Malacoherpesviridae) Specimens by Sequencing Amplified Fragments from Three Virus Genome Areas,https://journals.asm.org/doi/10.1128/JVI.06534-11,NA,China,NA,"36.053318, 120.291358

","36.053318, 120.291358

",36.053318,120.291358,Magallana gigas,,Pacific Oyster,OsHV-1,2002,Field,Snowball,,
12,Renault et al. 2012,Renault,2012,Analysis of Clinical Ostreid Herpesvirus 1 (Malacoherpesviridae) Specimens by Sequencing Amplified Fragments from Three Virus Genome Areas,https://journals.asm.org/doi/10.1128/JVI.06534-11,California,USA,NA,"38.205431, -122.939066

","38.205431, -122.939066

",38.205431,-122.939066,Magallana gigas,,Pacific Oyster,OsHV-1,2007,Field,Snowball,,
12,Renault et al. 2012,Renault,2012,Analysis of Clinical Ostreid Herpesvirus 1 (Malacoherpesviridae) Specimens by Sequencing Amplified Fragments from Three Virus Genome Areas,https://journals.asm.org/doi/10.1128/JVI.06534-11,NA,Japan,NA,"33.017331, 130.183847

","33.017331, 130.183847

",33.017331,130.183847,Magallana gigas,,Pacific Oyster,OsHV-1,2010,Field,Snowball,,
12,Renault et al. 2012,Renault,2012,Analysis of Clinical Ostreid Herpesvirus 1 (Malacoherpesviridae) Specimens by Sequencing Amplified Fragments from Three Virus Genome Areas,https://journals.asm.org/doi/10.1128/JVI.06534-11,NA,Ireland,NA,"-41.283525, 174.832068

","-41.283525, 174.832068

",-41.283525,174.832068,Magallana gigas,,Pacific Oyster,OsHV-1,2009,Field,Snowball,,
12,Renault et al. 2012,Renault,2012,Analysis of Clinical Ostreid Herpesvirus 1 (Malacoherpesviridae) Specimens by Sequencing Amplified Fragments from Three Virus Genome Areas,https://journals.asm.org/doi/10.1128/JVI.06534-11,NA,New Zealand,NA,"-41.283525, 174.832068

","-41.283525, 174.832068

",-41.283525,174.832068,Magallana gigas,,Pacific Oyster,OsHV-1,2010,Field,Snowball,,
12,Renault et al. 2012,Renault,2012,Analysis of Clinical Ostreid Herpesvirus 1 (Malacoherpesviridae) Specimens by Sequencing Amplified Fragments from Three Virus Genome Areas,https://journals.asm.org/doi/10.1128/JVI.06534-11,NA,New Zealand,NA,"-41.283525, 174.832068

","-41.283525, 174.832068

",-41.283525,174.832068,Magallana gigas,,Pacific Oyster,OsHV-1,2010,Field,Snowball,,
12,Renault et al. 2012,Renault,2012,Analysis of Clinical Ostreid Herpesvirus 1 (Malacoherpesviridae) Specimens by Sequencing Amplified Fragments from Three Virus Genome Areas,https://journals.asm.org/doi/10.1128/JVI.06534-11,NA,New Zealand,NA,"-41.283525, 174.832068

","-41.283525, 174.832068

",-41.283525,174.832068,Magallana gigas,,Pacific Oyster,OsHV-1 μVar,2005,Field,Snowball,,
12,Renault et al. 2012,Renault,2012,Analysis of Clinical Ostreid Herpesvirus 1 (Malacoherpesviridae) Specimens by Sequencing Amplified Fragments from Three Virus Genome Areas,https://journals.asm.org/doi/10.1128/JVI.06534-11,NA,New Zealand,NA,"-41.283525, 174.832068

","-41.283525, 174.832068

",-41.283525,174.832068,Magallana gigas,,Pacific Oyster,OsHV-1 μVar,2005,Field,Snowball,,
12,Renault et al. 2012,Renault,2012,Analysis of Clinical Ostreid Herpesvirus 1 (Malacoherpesviridae) Specimens by Sequencing Amplified Fragments from Three Virus Genome Areas,https://journals.asm.org/doi/10.1128/JVI.06534-11,NA,New Zealand,NA,"-41.283525, 174.832068

","-41.283525, 174.832068

",-41.283525,174.832068,Magallana gigas,,Pacific Oyster,OsHV-1 μVar,2005,Field,Snowball,,
13,Moss et al. 2007,Moss,2007,Pathogens in Crassostrea ariakensis and other Asian oyster species: implications for non-native oyster introduction to Chesapeake Bay,https://www.int-res.com/abstracts/dao/v77/n3/p207-223/,"Itoki River, Ariake Bay",Japan,NA,"33.017331, 130.183847

","33.017331, 130.183847

",33.017331,130.183847,Crassostrea ariakensis,,Other oyster,OsHV-1,1999,Field,Snowball,,
13,Moss et al. 2007,Moss,2007,Pathogens in Crassostrea ariakensis and other Asian oyster species: implications for non-native oyster introduction to Chesapeake Bay,https://www.int-res.com/abstracts/dao/v77/n3/p207-223/,Mie Prefecture,Japan,NA,"34.291871, 136.892738

","34.291871, 136.892738

",34.291871,136.892738,Crassostrea ariakensis,,Other oyster,OsHV-1,2005,Field,Snowball,,
13,Moss et al. 2007,Moss,2007,Pathogens in Crassostrea ariakensis and other Asian oyster species: implications for non-native oyster introduction to Chesapeake Bay,https://www.int-res.com/abstracts/dao/v77/n3/p207-223/,Kahwa River,Korea,NA,"35.045033, 126.345200","35.045033, 126.345200",35.045033,126.3452,Crassostrea ariakensis,,Other oyster,OsHV-1,2004,Field,Snowball,,
13,Moss et al. 2007,Moss,2007,Pathogens in Crassostrea ariakensis and other Asian oyster species: implications for non-native oyster introduction to Chesapeake Bay,https://www.int-res.com/abstracts/dao/v77/n3/p207-223/,Kanghwa Island,Korea,NA,"37.691132, 126.379997","37.691132, 126.379997",37.691132,126.379997,Crassostrea ariakensis,,Other oyster,OsHV-1,2004,Field,Snowball,,
13,Moss et al. 2007,Moss,2007,Pathogens in Crassostrea ariakensis and other Asian oyster species: implications for non-native oyster introduction to Chesapeake Bay,https://www.int-res.com/abstracts/dao/v77/n3/p207-223/,Sumjin River,Korea,NA,"34.683352, 127.292399

","34.683352, 127.292399

",34.683352,127.292399,Crassostrea ariakensis,,Other oyster,OsHV-1,2004,Field,Snowball,,
13,Moss et al. 2007,Moss,2007,Pathogens in Crassostrea ariakensis and other Asian oyster species: implications for non-native oyster introduction to Chesapeake Bay,https://www.int-res.com/abstracts/dao/v77/n3/p207-223/,Yamen River,China,NA,"22.104046, 113.082397","22.104046, 113.082397",22.104046,113.082397,Crassostrea ariakensis,,Other oyster,OsHV-1,1999,Field,Snowball,,
13,Moss et al. 2007,Moss,2007,Pathogens in Crassostrea ariakensis and other Asian oyster species: implications for non-native oyster introduction to Chesapeake Bay,https://www.int-res.com/abstracts/dao/v77/n3/p207-223/,Shouchang River,China,NA,"21.780572, 112.194075","21.780572, 112.194075",21.780572,112.194075,Crassostrea ariakensis,,Other oyster,OsHV-1,1999,Field,Snowball,,
13,Moss et al. 2007,Moss,2007,Pathogens in Crassostrea ariakensis and other Asian oyster species: implications for non-native oyster introduction to Chesapeake Bay,https://www.int-res.com/abstracts/dao/v77/n3/p207-223/,Dafen River,China,NA,"21.519281, 109.784833

","21.519281, 109.784833

",21.519281,109.784833,Crassostrea ariakensis,,Other oyster,OsHV-1,1999,Field,Snowball,,
13,Moss et al. 2007,Moss,2007,Pathogens in Crassostrea ariakensis and other Asian oyster species: implications for non-native oyster introduction to Chesapeake Bay,https://www.int-res.com/abstracts/dao/v77/n3/p207-223/,Chengcun,China,NA,"21.450543, 111.566180

","21.450543, 111.566180

",21.450543,111.56618,Crassostrea ariakensis,,Other oyster,OsHV-1,2002,Field,Snowball,,
14,Renault et al. 2001,Renault,2001,A herpes-like virus infecting Crassostrea gigas and Ruditapes philippinarum larvae in France,https://onlinelibrary.wiley.com/doi/full/10.1046/j.1365-2761.2001.00300.x?casa_token=DNEj9k2OMDYAAAAA%3AZVQ-yQk2U1ZwzkvFr-Gh4-a5NuOSaAPbvA9K08yYDS8-8MKmBrlwGInGR3twelzEtwlxqvclaVo1G0Xr,Normandy,France,NA,"49.717346, -1.907873","49.717346, -1.907873",49.717346,-1.907873,Magallana gigas,,Pacific Oyster,Herpes-like virus,1997,Field,Snowball,,
14,Renault et al. 2001,Renault,2001,A herpes-like virus infecting Crassostrea gigas and Ruditapes philippinarum larvae in France,https://onlinelibrary.wiley.com/doi/full/10.1046/j.1365-2761.2001.00300.x?casa_token=DNEj9k2OMDYAAAAA%3AZVQ-yQk2U1ZwzkvFr-Gh4-a5NuOSaAPbvA9K08yYDS8-8MKmBrlwGInGR3twelzEtwlxqvclaVo1G0Xr,Normandy,France,NA,"49.717346, -1.907873","49.717346, -1.907873",49.717346,-1.907873,Ruditapes phillipinarum,,Clam,Herpes-like virus,1997,Field,Snowball,,
15,Renault et al. 2001,Renault,2001,A herpes-like virus infects a non-ostreid bivalve species: virus replication in Ruditapes philippinarum larvae,https://www.int-res.com/abstracts/dao/v45/n1/p1-7/,Normandy,France,NA,"49.717346, -1.907873","49.717346, -1.907873",49.717346,-1.907873,Ruditapes phillipinarum,,Clam,OsHV-1,1997,Field,Snowball,,
16,Burge et al. 2021,Burge,2021,"The first detection of a novel OsHV-1 microvariant in San Diego, California, USA",https://www.sciencedirect.com/science/article/abs/pii/S0022201121001038,"San Diego Bay, California",USA,"32◦42′37.4“N, 117◦10’23.9“W",NA,"32.71038888888889, -117.17330555555556
",32.71038889,-117.1733056,Magallana gigas,,Pacific Oyster,OsHV-1 μVar,2018,Field,Snowball,https://www.vercalendario.info/en/how/convert-latitude-longitude-degrees-decimals.html,
17,Segarra et al. 2010,Segarra,2010,"Detection and description of a particular Ostreid herpesvirus 1 genotype associated with massive mortality outbreaks of Pacific oysters, Crassostrea gigas, in France in 2008",https://www.sciencedirect.com/science/article/pii/S0168170210002364?via=ihub,Charente-Maritime,France,NA,"45.948768, -1.094332","45.948768, -1.094332",45.948768,-1.094332,Magallana gigas,,Pacific Oyster,OsHV-1 μVar,2008,Field,Snowball,,
17,Segarra et al. 2010,Segarra,2010,"Detection and description of a particular Ostreid herpesvirus 1 genotype associated with massive mortality outbreaks of Pacific oysters, Crassostrea gigas, in France in 2008",https://www.sciencedirect.com/science/article/pii/S0168170210002364?via=ihub,Charente-Maritime,France,NA,"45.948768, -1.094332","45.948768, -1.094332",45.948768,-1.094332,Magallana gigas,,Pacific Oyster,OsHV-1 μVar,2008,Field,Snowball,,
17,Segarra et al. 2010,Segarra,2010,"Detection and description of a particular Ostreid herpesvirus 1 genotype associated with massive mortality outbreaks of Pacific oysters, Crassostrea gigas, in France in 2008",https://www.sciencedirect.com/science/article/pii/S0168170210002364?via=ihub,Charente-Maritime,France,NA,"45.948768, -1.094332","45.948768, -1.094332",45.948768,-1.094332,Magallana gigas,,Pacific Oyster,OsHV-1 μVar,2008,Field,Snowball,,
17,Segarra et al. 2010,Segarra,2010,"Detection and description of a particular Ostreid herpesvirus 1 genotype associated with massive mortality outbreaks of Pacific oysters, Crassostrea gigas, in France in 2008",https://www.sciencedirect.com/science/article/pii/S0168170210002364?via=ihub,Charente-Maritime,France,NA,"45.948768, -1.094332","45.948768, -1.094332",45.948768,-1.094332,Magallana gigas,,Pacific Oyster,OsHV-1 μVar,2008,Field,Snowball,,
17,Segarra et al. 2010,Segarra,2010,"Detection and description of a particular Ostreid herpesvirus 1 genotype associated with massive mortality outbreaks of Pacific oysters, Crassostrea gigas, in France in 2008",https://www.sciencedirect.com/science/article/pii/S0168170210002364?via=ihub,Languedoc Roussillon,France,NA,"43.825073, 4.390202","43.825073, 4.390202",43.825073,4.390202,Magallana gigas,,Pacific Oyster,OsHV-1 μVar,2008,Field,Snowball,,
17,Segarra et al. 2010,Segarra,2010,"Detection and description of a particular Ostreid herpesvirus 1 genotype associated with massive mortality outbreaks of Pacific oysters, Crassostrea gigas, in France in 2008",https://www.sciencedirect.com/science/article/pii/S0168170210002364?via=ihub,Languedoc Roussillon,France,NA,"43.825073, 4.390202","43.825073, 4.390202",43.825073,4.390202,Magallana gigas,,Pacific Oyster,OsHV-1 μVar,2008,Field,Snowball,,
17,Segarra et al. 2010,Segarra,2010,"Detection and description of a particular Ostreid herpesvirus 1 genotype associated with massive mortality outbreaks of Pacific oysters, Crassostrea gigas, in France in 2008",https://www.sciencedirect.com/science/article/pii/S0168170210002364?via=ihub,Languedoc Roussillon,France,NA,"43.825073, 4.390202","43.825073, 4.390202",43.825073,4.390202,Magallana gigas,,Pacific Oyster,OsHV-1 μVar,2008,Field,Snowball,,
17,Segarra et al. 2010,Segarra,2010,"Detection and description of a particular Ostreid herpesvirus 1 genotype associated with massive mortality outbreaks of Pacific oysters, Crassostrea gigas, in France in 2008",https://www.sciencedirect.com/science/article/pii/S0168170210002364?via=ihub,Languedoc Roussillon,France,NA,"43.825073, 4.390202","43.825073, 4.390202",43.825073,4.390202,Magallana gigas,,Pacific Oyster,OsHV-1 μVar,2008,Field,Snowball,,
17,Segarra et al. 2010,Segarra,2010,"Detection and description of a particular Ostreid herpesvirus 1 genotype associated with massive mortality outbreaks of Pacific oysters, Crassostrea gigas, in France in 2008",https://www.sciencedirect.com/science/article/pii/S0168170210002364?via=ihub,Languedoc Roussillon,France,NA,"43.825073, 4.390202","43.825073, 4.390202",43.825073,4.390202,Magallana gigas,,Pacific Oyster,OsHV-1 μVar,2008,Field,Snowball,,
17,Segarra et al. 2010,Segarra,2010,"Detection and description of a particular Ostreid herpesvirus 1 genotype associated with massive mortality outbreaks of Pacific oysters, Crassostrea gigas, in France in 2008",https://www.sciencedirect.com/science/article/pii/S0168170210002364?via=ihub,Languedoc Roussillon,France,NA,"43.825073, 4.390202","43.825073, 4.390202",43.825073,4.390202,Magallana gigas,,Pacific Oyster,OsHV-1 μVar,2008,Field,Snowball,,
17,Segarra et al. 2010,Segarra,2010,"Detection and description of a particular Ostreid herpesvirus 1 genotype associated with massive mortality outbreaks of Pacific oysters, Crassostrea gigas, in France in 2008",https://www.sciencedirect.com/science/article/pii/S0168170210002364?via=ihub,Languedoc Roussillon,France,NA,"43.825073, 4.390202","43.825073, 4.390202",43.825073,4.390202,Magallana gigas,,Pacific Oyster,OsHV-1 μVar,2008,Field,Snowball,,
17,Segarra et al. 2010,Segarra,2010,"Detection and description of a particular Ostreid herpesvirus 1 genotype associated with massive mortality outbreaks of Pacific oysters, Crassostrea gigas, in France in 2008",https://www.sciencedirect.com/science/article/pii/S0168170210002364?via=ihub,Languedoc Roussillon,France,NA,"43.825073, 4.390202","43.825073, 4.390202",43.825073,4.390202,Magallana gigas,,Pacific Oyster,OsHV-1 μVar,2008,Field,Snowball,,
17,Segarra et al. 2010,Segarra,2010,"Detection and description of a particular Ostreid herpesvirus 1 genotype associated with massive mortality outbreaks of Pacific oysters, Crassostrea gigas, in France in 2008",https://www.sciencedirect.com/science/article/pii/S0168170210002364?via=ihub,Languedoc Roussillon,France,NA,"43.825073, 4.390202","43.825073, 4.390202",43.825073,4.390202,Magallana gigas,,Pacific Oyster,OsHV-1 μVar,2008,Field,Snowball,,
17,Segarra et al. 2010,Segarra,2010,"Detection and description of a particular Ostreid herpesvirus 1 genotype associated with massive mortality outbreaks of Pacific oysters, Crassostrea gigas, in France in 2008",https://www.sciencedirect.com/science/article/pii/S0168170210002364?via=ihub,Languedoc Roussillon,France,NA,"43.825073, 4.390202","43.825073, 4.390202",43.825073,4.390202,Magallana gigas,,Pacific Oyster,OsHV-1 μVar,2008,Field,Snowball,,
17,Segarra et al. 2010,Segarra,2010,"Detection and description of a particular Ostreid herpesvirus 1 genotype associated with massive mortality outbreaks of Pacific oysters, Crassostrea gigas, in France in 2008",https://www.sciencedirect.com/science/article/pii/S0168170210002364?via=ihub,Normandy,France,NA,"49.717346, -1.907873","49.717346, -1.907873",49.717346,-1.907873,Magallana gigas,,Pacific Oyster,OsHV-1 μVar,2008,Field,Snowball,,
17,Segarra et al. 2010,Segarra,2010,"Detection and description of a particular Ostreid herpesvirus 1 genotype associated with massive mortality outbreaks of Pacific oysters, Crassostrea gigas, in France in 2008",https://www.sciencedirect.com/science/article/pii/S0168170210002364?via=ihub,Languedoc Roussillon,France,NA,"43.825073, 4.390202","43.825073, 4.390202",43.825073,4.390202,Magallana gigas,,Pacific Oyster,OsHV-1 μVar,2008,Field,Snowball,,
17,Segarra et al. 2010,Segarra,2010,"Detection and description of a particular Ostreid herpesvirus 1 genotype associated with massive mortality outbreaks of Pacific oysters, Crassostrea gigas, in France in 2008",https://www.sciencedirect.com/science/article/pii/S0168170210002364?via=ihub,Normandy,France,NA,"49.717346, -1.907873","49.717346, -1.907873",49.717346,-1.907873,Magallana gigas,,Pacific Oyster,OsHV-1 μVar,2008,Field,Snowball,,
17,Segarra et al. 2010,Segarra,2010,"Detection and description of a particular Ostreid herpesvirus 1 genotype associated with massive mortality outbreaks of Pacific oysters, Crassostrea gigas, in France in 2008",https://www.sciencedirect.com/science/article/pii/S0168170210002364?via=ihub,Charente-Maritime,France,NA,"45.948768, -1.094332","45.948768, -1.094332",45.948768,-1.094332,Magallana gigas,,Pacific Oyster,OsHV-1 μVar,2008,Field,Snowball,,
17,Segarra et al. 2010,Segarra,2010,"Detection and description of a particular Ostreid herpesvirus 1 genotype associated with massive mortality outbreaks of Pacific oysters, Crassostrea gigas, in France in 2008",https://www.sciencedirect.com/science/article/pii/S0168170210002364?via=ihub,Charente-Maritime,France,NA,"45.948768, -1.094332","45.948768, -1.094332",45.948768,-1.094332,Magallana gigas,,Pacific Oyster,OsHV-1 μVar,2008,Field,Snowball,,
17,Segarra et al. 2010,Segarra,2010,"Detection and description of a particular Ostreid herpesvirus 1 genotype associated with massive mortality outbreaks of Pacific oysters, Crassostrea gigas, in France in 2008",https://www.sciencedirect.com/science/article/pii/S0168170210002364?via=ihub,Normandy,France,NA,"49.717346, -1.907873","49.717346, -1.907873",49.717346,-1.907873,Magallana gigas,,Pacific Oyster,OsHV-1 μVar,2008,Field,Snowball,,
17,Segarra et al. 2010,Segarra,2010,"Detection and description of a particular Ostreid herpesvirus 1 genotype associated with massive mortality outbreaks of Pacific oysters, Crassostrea gigas, in France in 2008",https://www.sciencedirect.com/science/article/pii/S0168170210002364?via=ihub,Normandy,France,NA,"49.717346, -1.907873","49.717346, -1.907873",49.717346,-1.907873,Magallana gigas,,Pacific Oyster,OsHV-1 μVar,2008,Field,Snowball,,
17,Segarra et al. 2010,Segarra,2010,"Detection and description of a particular Ostreid herpesvirus 1 genotype associated with massive mortality outbreaks of Pacific oysters, Crassostrea gigas, in France in 2008",https://www.sciencedirect.com/science/article/pii/S0168170210002364?via=ihub,South Brittany,France,NA,"48.431392, -4.759700","48.431392, -4.759700",48.431392,-4.7597,Magallana gigas,,Pacific Oyster,OsHV-1 μVar,2008,Field,Snowball,,
17,Segarra et al. 2010,Segarra,2010,"Detection and description of a particular Ostreid herpesvirus 1 genotype associated with massive mortality outbreaks of Pacific oysters, Crassostrea gigas, in France in 2008",https://www.sciencedirect.com/science/article/pii/S0168170210002364?via=ihub,South Brittany,France,NA,"48.431392, -4.759700","48.431392, -4.759700",48.431392,-4.7597,Magallana gigas,,Pacific Oyster,OsHV-1 μVar,2008,Field,Snowball,,
17,Segarra et al. 2010,Segarra,2010,"Detection and description of a particular Ostreid herpesvirus 1 genotype associated with massive mortality outbreaks of Pacific oysters, Crassostrea gigas, in France in 2008",https://www.sciencedirect.com/science/article/pii/S0168170210002364?via=ihub,South Brittany,France,NA,"48.431392, -4.759700","48.431392, -4.759700",48.431392,-4.7597,Magallana gigas,,Pacific Oyster,OsHV-1 μVar,2008,Field,Snowball,,
17,Segarra et al. 2010,Segarra,2010,"Detection and description of a particular Ostreid herpesvirus 1 genotype associated with massive mortality outbreaks of Pacific oysters, Crassostrea gigas, in France in 2008",https://www.sciencedirect.com/science/article/pii/S0168170210002364?via=ihub,South Brittany,France,NA,"48.431392, -4.759700","48.431392, -4.759700",48.431392,-4.7597,Magallana gigas,,Pacific Oyster,OsHV-1 μVar,2008,Field,Snowball,,
17,Segarra et al. 2010,Segarra,2010,"Detection and description of a particular Ostreid herpesvirus 1 genotype associated with massive mortality outbreaks of Pacific oysters, Crassostrea gigas, in France in 2008",https://www.sciencedirect.com/science/article/pii/S0168170210002364?via=ihub,North Brittany,France,NA,"48.431392, -4.759700","48.431392, -4.759700",48.431392,-4.7597,Magallana gigas,,Pacific Oyster,OsHV-1 μVar,2008,Field,Snowball,,
17,Segarra et al. 2010,Segarra,2010,"Detection and description of a particular Ostreid herpesvirus 1 genotype associated with massive mortality outbreaks of Pacific oysters, Crassostrea gigas, in France in 2008",https://www.sciencedirect.com/science/article/pii/S0168170210002364?via=ihub,Charente-Maritime,France,NA,"45.948768, -1.094332","45.948768, -1.094332",45.948768,-1.094332,Magallana gigas,,Pacific Oyster,OsHV-1 μVar,2008,Field,Snowball,,
17,Segarra et al. 2010,Segarra,2010,"Detection and description of a particular Ostreid herpesvirus 1 genotype associated with massive mortality outbreaks of Pacific oysters, Crassostrea gigas, in France in 2008",https://www.sciencedirect.com/science/article/pii/S0168170210002364?via=ihub,Charente-Maritime,France,NA,"45.948768, -1.094332","45.948768, -1.094332",45.948768,-1.094332,Magallana gigas,,Pacific Oyster,OsHV-1 μVar,2008,Field,Snowball,,
17,Segarra et al. 2010,Segarra,2010,"Detection and description of a particular Ostreid herpesvirus 1 genotype associated with massive mortality outbreaks of Pacific oysters, Crassostrea gigas, in France in 2008",https://www.sciencedirect.com/science/article/pii/S0168170210002364?via=ihub,Charente-Maritime,France,NA,"45.948768, -1.094332","45.948768, -1.094332",45.948768,-1.094332,Magallana gigas,,Pacific Oyster,OsHV-1 μVar,2008,Field,Snowball,,
17,Segarra et al. 2010,Segarra,2010,"Detection and description of a particular Ostreid herpesvirus 1 genotype associated with massive mortality outbreaks of Pacific oysters, Crassostrea gigas, in France in 2008",https://www.sciencedirect.com/science/article/pii/S0168170210002364?via=ihub,Charente-Maritime,France,NA,"45.948768, -1.094332","45.948768, -1.094332",45.948768,-1.094332,Magallana gigas,,Pacific Oyster,OsHV-1 μVar,2008,Field,Snowball,,
17,Segarra et al. 2010,Segarra,2010,"Detection and description of a particular Ostreid herpesvirus 1 genotype associated with massive mortality outbreaks of Pacific oysters, Crassostrea gigas, in France in 2008",https://www.sciencedirect.com/science/article/pii/S0168170210002364?via=ihub,Charente-Maritime,France,NA,"45.948768, -1.094332","45.948768, -1.094332",45.948768,-1.094332,Magallana gigas,,Pacific Oyster,OsHV-1 μVar,2008,Field,Snowball,,
17,Segarra et al. 2010,Segarra,2010,"Detection and description of a particular Ostreid herpesvirus 1 genotype associated with massive mortality outbreaks of Pacific oysters, Crassostrea gigas, in France in 2008",https://www.sciencedirect.com/science/article/pii/S0168170210002364?via=ihub,Vendée,France,NA,"46.832531, -2.150655","46.832531, -2.150655",46.832531,-2.150655,Magallana gigas,,Pacific Oyster,OsHV-1 μVar,2008,Field,Snowball,,
17,Segarra et al. 2010,Segarra,2010,"Detection and description of a particular Ostreid herpesvirus 1 genotype associated with massive mortality outbreaks of Pacific oysters, Crassostrea gigas, in France in 2008",https://www.sciencedirect.com/science/article/pii/S0168170210002364?via=ihub,Arcachon,France,NA,"44.651403, -1.175354","44.651403, -1.175354",44.651403,-1.175354,Magallana gigas,,Pacific Oyster,OsHV-1 μVar,2008,Field,Snowball,,
18,Xia et al. 2015,Xia,2015,Complete genome sequence of Ostreid herpesvirus-1 associated with mortalities of Scapharca broughtonii broodstocks,https://virologyj.biomedcentral.com/articles/10.1186/s12985-015-0334-0,Changdao,China,NA,"37.852516, 120.824291","37.852516, 120.824291",37.852516,120.824291,Scapharca broughtonii,,Clam,OsHV-1,2012,Field,Snowball,OsHV-1 SB?,
19,Schikorski et al. 2011,Schikorski,2011,Experimental infection of Pacific oyster Crassostrea gigas spat by ostreid herpesvirus 1: demonstration of oyster spat susceptibility,https://veterinaryresearch.biomedcentral.com/articles/10.1186/1297-9716-42-27,Normandy,France,NA,"49.717346, -1.907873","49.717346, -1.907873",49.717346,-1.907873,Magallana gigas,,Pacific Oyster,OsHV-1 μVar,2008,Field,Snowball,,
19,Schikorski et al. 2011,Schikorski,2011,Experimental infection of Pacific oyster Crassostrea gigas spat by ostreid herpesvirus 1: demonstration of oyster spat susceptibility,https://veterinaryresearch.biomedcentral.com/articles/10.1186/1297-9716-42-27,North Brittany (Breton),France,NA,"48.431392, -4.759700","48.431392, -4.759700",48.431392,-4.7597,Magallana gigas,,Pacific Oyster,OsHV-1 μVar,2008,Field,Snowball,,
19,Schikorski et al. 2011,Schikorski,2011,Experimental infection of Pacific oyster Crassostrea gigas spat by ostreid herpesvirus 1: demonstration of oyster spat susceptibility,https://veterinaryresearch.biomedcentral.com/articles/10.1186/1297-9716-42-27,South Brittany (Breton),France,NA,"48.431392, -4.759700","48.431392, -4.759700",48.431392,-4.7597,Magallana gigas,,Pacific Oyster,OsHV-1 μVar,2008,Field,Snowball,,
20,Xin et al. 2018,Xin,2018,"Validation of housekeeping genes for quantitative mRNA expression analysis in OsHV-1 infected ark clam, Scapharca broughtonii",https://www.sciencedirect.com/science/article/pii/S0022201117304366?via%3Dihub,Qingdao,China,NA,"36.053318, 120.291358

","36.053318, 120.291358

",36.053318,120.291358,Scapharca broughtonii,,Clam,OsHV-1,NA,Lab,Snowball,,
21,Bai et al. 2022,Bai,2022,Paired miRNA and RNA sequencing provides a first insight into molecular defense mechanisms of Scapharca broughtonii during ostreid herpesvirus-1 infection,https://www.sciencedirect.com/science/article/pii/S105046482200064X?via%3Dihub,Bohai Bay,China,NA,"38.455657, 117.858286","38.455657, 117.858286",38.455657,117.858286,Scapharca broughtonii,,Clam,OsHV-1,2019,Lab,Snowball,,
22,Barbosa-Solomieu et al. 2004,Barbosa-Solomieu,2004,Diagnosis of Ostreid herpesvirus 1 in fixed paraffin-embedded archival samples using PCR and in situ hybridisation,https://www.sciencedirect.com/science/article/pii/S016609340400045X?via%3Dihub,Charente Maritime,France,NA,"45.948768, -1.094332","45.948768, -1.094332",45.948768,-1.094332,Magallana gigas,,Pacific Oyster,OsHV-1,1994,Field,Snowball,,
22,Barbosa-Solomieu et al. 2004,Barbosa-Solomieu,2004,Diagnosis of Ostreid herpesvirus 1 in fixed paraffin-embedded archival samples using PCR and in situ hybridisation,https://www.sciencedirect.com/science/article/pii/S016609340400045X?via%3Dihub,Charente Maritime,France,NA,"45.948768, -1.094332","45.948768, -1.094332",45.948768,-1.094332,Ostrea edulis,,Other oyster,OsHV-1,1994,Field,Snowball,,
23,Wang et al. 2022,Wang,2022,Characterization  of  a  Novel  C-type  Lectin  against  OsHV-1  infection  in Scapharca broughtonii,https://www.isj.unimore.it/index.php/ISJ/article/view/730/488,Qingdao,China,NA,"36.053318, 120.291358

","36.053318, 120.291358

",36.053318,120.291358,Scapharca broughtonii,,Clam,OsHV-1,NA,Lab,Snowball,,
24,da Silva et al. 2008,da Silva,2008,Herpesvirus infection in European flat oysters Ostrea edulis obtained from brood stocks of various geographic origins and grown in Galicia (NW Spain),https://www.int-res.com/articles/dao2007/78/d078p181.pdf,"Ría de Ortigueira, Galicia",Spain,NA,"43.753142, -7.727630","43.753142, -7.727630",43.753142,-7.72763,Ostrea edulis,,Other oyster,OsHV-1,2002,Field,Snowball,,
24,da Silva et al. 2008,da Silva,2008,Herpesvirus infection in European flat oysters Ostrea edulis obtained from brood stocks of various geographic origins and grown in Galicia (NW Spain),https://www.int-res.com/articles/dao2007/78/d078p181.pdf,"Ría de Ortigueira, Galicia",Spain,NA,"43.753142, -7.727630","43.753142, -7.727630",43.753142,-7.72763,Ostrea edulis,,Other oyster,OsHV-1,2001,Field,Snowball,,
24,da Silva et al. 2008,da Silva,2008,Herpesvirus infection in European flat oysters Ostrea edulis obtained from brood stocks of various geographic origins and grown in Galicia (NW Spain),https://www.int-res.com/articles/dao2007/78/d078p181.pdf,"Ría de Arousa, Galicia",Spain,NA,"42.557357, -8.903498","42.557357, -8.903498",42.557357,-8.903498,Ostrea edulis,,Other oyster,OsHV-1,2001,Field,Snowball,,
24,da Silva et al. 2008,da Silva,2008,Herpesvirus infection in European flat oysters Ostrea edulis obtained from brood stocks of various geographic origins and grown in Galicia (NW Spain),https://www.int-res.com/articles/dao2007/78/d078p181.pdf,"Ría de Arousa, Galicia",Spain,NA,"42.557357, -8.903498","42.557357, -8.903498",42.557357,-8.903498,Ostrea edulis,,Other oyster,OsHV-1,2002,Field,Snowball,,
24,da Silva et al. 2008,da Silva,2008,Herpesvirus infection in European flat oysters Ostrea edulis obtained from brood stocks of various geographic origins and grown in Galicia (NW Spain),https://www.int-res.com/articles/dao2007/78/d078p181.pdf,"Ría de Arousa, Galicia",Spain,NA,"42.557357, -8.903498","42.557357, -8.903498",42.557357,-8.903498,Ostrea edulis,,Other oyster,OsHV-1,2003,Field,Snowball,,
24,da Silva et al. 2008,da Silva,2008,Herpesvirus infection in European flat oysters Ostrea edulis obtained from brood stocks of various geographic origins and grown in Galicia (NW Spain),https://www.int-res.com/articles/dao2007/78/d078p181.pdf,NA,Greece,NA,"37.826217, 24.199100","37.826217, 24.199100",37.826217,24.1991,Ostrea edulis,,Other oyster,OsHV-1,2001,Field,Snowball,,
24,da Silva et al. 2008,da Silva,2008,Herpesvirus infection in European flat oysters Ostrea edulis obtained from brood stocks of various geographic origins and grown in Galicia (NW Spain),https://www.int-res.com/articles/dao2007/78/d078p181.pdf,NA,Greece,NA,"37.826217, 24.199100","37.826217, 24.199100",37.826217,24.1991,Ostrea edulis,,Other oyster,OsHV-1,2002,Field,Snowball,,
24,da Silva et al. 2008,da Silva,2008,Herpesvirus infection in European flat oysters Ostrea edulis obtained from brood stocks of various geographic origins and grown in Galicia (NW Spain),https://www.int-res.com/articles/dao2007/78/d078p181.pdf,NA,Ireland,NA,"51.593005, -8.858027","51.593005, -8.858027",51.593005,-8.858027,Ostrea edulis,,Other oyster,OsHV-1,2001,Field,Snowball,,
24,da Silva et al. 2008,da Silva,2008,Herpesvirus infection in European flat oysters Ostrea edulis obtained from brood stocks of various geographic origins and grown in Galicia (NW Spain),https://www.int-res.com/articles/dao2007/78/d078p181.pdf,NA,Ireland,NA,"51.593005, -8.858027","51.593005, -8.858027",51.593005,-8.858027,Ostrea edulis,,Other oyster,OsHV-1,2002,Field,Snowball,,
25,Renault et al. 2000,Renault,2000,Concomitant herpes-like virus infections in hatchery-reared larvae and nursery-cultured spat Crassostrea gigas and Ostrea edulis,https://pubmed.ncbi.nlm.nih.gov/11104068/,"Bourgneuf Bay, Vendée",France,NA,"47.034744, -2.133321","47.034744, -2.133321",47.034744,-2.133321,Magallana gigas,,Pacific Oyster,Herpes-like virus,1994,Field,Snowball,,
25,Renault et al. 2000,Renault,2000,Concomitant herpes-like virus infections in hatchery-reared larvae and nursery-cultured spat Crassostrea gigas and Ostrea edulis,https://pubmed.ncbi.nlm.nih.gov/11104068/,"Bourgneuf Bay, Vendée",France,NA,"47.034744, -2.133321","47.034744, -2.133321",47.034744,-2.133321,Ostrea edulis,,Other oyster,Herpes-like virus,1994,Field,Snowball,,
26,Arzul et al. 2001,Arzul,2001,Experimental herpes-like viral infections in marine bivalves: demonstration of interspecies transmission,https://www.int-res.com/articles/dao/46/d046p001.pdf,NA,NA,NA,NA,NA,NA,NA,Crassostrea angulata,,Other oyster,OsHV-1,1997,Lab,Snowball,,
26,Arzul et al. 2001,Arzul,2001,Experimental herpes-like viral infections in marine bivalves: demonstration of interspecies transmission,https://www.int-res.com/articles/dao/46/d046p001.pdf,NA,NA,NA,NA,NA,NA,NA,Crassostrea angulata,,Other oyster,OsHV-1,1998,Lab,Snowball,,
26,Arzul et al. 2001,Arzul,2001,Experimental herpes-like viral infections in marine bivalves: demonstration of interspecies transmission,https://www.int-res.com/articles/dao/46/d046p001.pdf,NA,NA,NA,NA,NA,NA,NA,Crassostrea angulata,,Other oyster,OsHV-1,1999,Lab,Snowball,,
26,Arzul et al. 2001,Arzul,2001,Experimental herpes-like viral infections in marine bivalves: demonstration of interspecies transmission,https://www.int-res.com/articles/dao/46/d046p001.pdf,NA,NA,NA,NA,NA,NA,NA,Crassostrea angulata,,Other oyster,OsHV-1,2000,Lab,Snowball,,
26,Arzul et al. 2001,Arzul,2001,Experimental herpes-like viral infections in marine bivalves: demonstration of interspecies transmission,https://www.int-res.com/articles/dao/46/d046p001.pdf,NA,NA,NA,NA,NA,NA,NA,Magallana gigas,,Pacific Oyster,OsHV-1,1997,Lab,Snowball,,
26,Arzul et al. 2001,Arzul,2001,Experimental herpes-like viral infections in marine bivalves: demonstration of interspecies transmission,https://www.int-res.com/articles/dao/46/d046p001.pdf,NA,NA,NA,NA,NA,NA,NA,Magallana gigas,,Pacific Oyster,OsHV-1,1998,Lab,Snowball,,
26,Arzul et al. 2001,Arzul,2001,Experimental herpes-like viral infections in marine bivalves: demonstration of interspecies transmission,https://www.int-res.com/articles/dao/46/d046p001.pdf,NA,NA,NA,NA,NA,NA,NA,Magallana gigas,,Pacific Oyster,OsHV-1,1999,Lab,Snowball,,
26,Arzul et al. 2001,Arzul,2001,Experimental herpes-like viral infections in marine bivalves: demonstration of interspecies transmission,https://www.int-res.com/articles/dao/46/d046p001.pdf,NA,NA,NA,NA,NA,NA,NA,Magallana gigas,,Pacific Oyster,OsHV-1,2000,Lab,Snowball,,
26,Arzul et al. 2001,Arzul,2001,Experimental herpes-like viral infections in marine bivalves: demonstration of interspecies transmission,https://www.int-res.com/articles/dao/46/d046p001.pdf,NA,NA,NA,NA,NA,NA,NA,Magallana gigas,,Pacific Oyster,OsHV-1,2001,Lab,Snowball,,
26,Arzul et al. 2001,Arzul,2001,Experimental herpes-like viral infections in marine bivalves: demonstration of interspecies transmission,https://www.int-res.com/articles/dao/46/d046p001.pdf,NA,NA,NA,NA,NA,NA,NA,Ostrea edulis,,Other oyster,OsHV-1,1997,Lab,Snowball,,
26,Arzul et al. 2001,Arzul,2001,Experimental herpes-like viral infections in marine bivalves: demonstration of interspecies transmission,https://www.int-res.com/articles/dao/46/d046p001.pdf,NA,NA,NA,NA,NA,NA,NA,Ostrea edulis,,Other oyster,OsHV-1,1998,Lab,Snowball,,
26,Arzul et al. 2001,Arzul,2001,Experimental herpes-like viral infections in marine bivalves: demonstration of interspecies transmission,https://www.int-res.com/articles/dao/46/d046p001.pdf,NA,NA,NA,NA,NA,NA,NA,Ostrea edulis,,Other oyster,OsHV-1,1999,Lab,Snowball,,
26,Arzul et al. 2001,Arzul,2001,Experimental herpes-like viral infections in marine bivalves: demonstration of interspecies transmission,https://www.int-res.com/articles/dao/46/d046p001.pdf,NA,NA,NA,NA,NA,NA,NA,Ostrea edulis,,Other oyster,OsHV-1,2000,Lab,Snowball,,
26,Arzul et al. 2001,Arzul,2001,Experimental herpes-like viral infections in marine bivalves: demonstration of interspecies transmission,https://www.int-res.com/articles/dao/46/d046p001.pdf,NA,NA,NA,NA,NA,NA,NA,Ostrea edulis,,Other oyster,OsHV-1,2001,Lab,Snowball,,
26,Arzul et al. 2001,Arzul,2001,Experimental herpes-like viral infections in marine bivalves: demonstration of interspecies transmission,https://www.int-res.com/articles/dao/46/d046p001.pdf,NA,NA,NA,NA,NA,NA,NA,Ostrea edulis,,Other oyster,OsHV-1,2002,Lab,Snowball,,
27,Renault & Arzul 2001,Renault,2001,Herpes-like virus infections in hatchery-reared bivalve larvae in Europe: speci®c viral DNA detection by PCR,https://onlinelibrary.wiley.com/doi/pdfdirect/10.1046/j.1365-2761.2001.00282.x,NA,United Kingdom,NA,"53.637027, -4.747346","53.637027, -4.747346",53.637027,-4.747346,Magallana gigas,,Pacific Oyster,OsHV-1,1997,Field,Snowball,,
27,Renault & Arzul 2001,Renault,2001,Herpes-like virus infections in hatchery-reared bivalve larvae in Europe: speci®c viral DNA detection by PCR,https://onlinelibrary.wiley.com/doi/pdfdirect/10.1046/j.1365-2761.2001.00282.x,NA,United Kingdom,NA,"53.637027, -4.747346","53.637027, -4.747346",53.637027,-4.747346,Magallana gigas,,Pacific Oyster,OsHV-1,1998,Field,Snowball,,
27,Renault & Arzul 2001,Renault,2001,Herpes-like virus infections in hatchery-reared bivalve larvae in Europe: speci®c viral DNA detection by PCR,https://onlinelibrary.wiley.com/doi/pdfdirect/10.1046/j.1365-2761.2001.00282.x,NA,United Kingdom,NA,"53.637027, -4.747346","53.637027, -4.747346",53.637027,-4.747346,Magallana gigas,,Pacific Oyster,OsHV-1,1999,Field,Snowball,,
27,Renault & Arzul 2001,Renault,2001,Herpes-like virus infections in hatchery-reared bivalve larvae in Europe: speci®c viral DNA detection by PCR,https://onlinelibrary.wiley.com/doi/pdfdirect/10.1046/j.1365-2761.2001.00282.x,NA,United Kingdom,NA,"53.637027, -4.747346","53.637027, -4.747346",53.637027,-4.747346,Magallana gigas,,Pacific Oyster,OsHV-1,2000,Field,Snowball,,
27,Renault & Arzul 2001,Renault,2001,Herpes-like virus infections in hatchery-reared bivalve larvae in Europe: speci®c viral DNA detection by PCR,https://onlinelibrary.wiley.com/doi/pdfdirect/10.1046/j.1365-2761.2001.00282.x,NA,United Kingdom,NA,"53.637027, -4.747346","53.637027, -4.747346",53.637027,-4.747346,Magallana gigas,,Pacific Oyster,OsHV-1,2001,Field,Snowball,,
27,Renault & Arzul 2001,Renault,2001,Herpes-like virus infections in hatchery-reared bivalve larvae in Europe: speci®c viral DNA detection by PCR,https://onlinelibrary.wiley.com/doi/pdfdirect/10.1046/j.1365-2761.2001.00282.x,NA,United Kingdom,NA,"53.637027, -4.747346","53.637027, -4.747346",53.637027,-4.747346,Magallana gigas,,Pacific Oyster,OsHV-1,2002,Field,Snowball,,
27,Renault & Arzul 2001,Renault,2001,Herpes-like virus infections in hatchery-reared bivalve larvae in Europe: speci®c viral DNA detection by PCR,https://onlinelibrary.wiley.com/doi/pdfdirect/10.1046/j.1365-2761.2001.00282.x,NA,United Kingdom,NA,"53.637027, -4.747346","53.637027, -4.747346",53.637027,-4.747346,Magallana gigas,,Pacific Oyster,OsHV-1,2003,Field,Snowball,,
27,Renault & Arzul 2001,Renault,2001,Herpes-like virus infections in hatchery-reared bivalve larvae in Europe: speci®c viral DNA detection by PCR,https://onlinelibrary.wiley.com/doi/pdfdirect/10.1046/j.1365-2761.2001.00282.x,NA,France,NA,"47.034744, -2.133321","47.034744, -2.133321",47.034744,-2.133321,Magallana gigas,,Pacific Oyster,OsHV-1,1997,Field,Snowball,,
27,Renault & Arzul 2001,Renault,2001,Herpes-like virus infections in hatchery-reared bivalve larvae in Europe: speci®c viral DNA detection by PCR,https://onlinelibrary.wiley.com/doi/pdfdirect/10.1046/j.1365-2761.2001.00282.x,NA,France,NA,"47.034744, -2.133321","47.034744, -2.133321",47.034744,-2.133321,Magallana gigas,,Pacific Oyster,OsHV-1,1998,Field,Snowball,,
27,Renault & Arzul 2001,Renault,2001,Herpes-like virus infections in hatchery-reared bivalve larvae in Europe: speci®c viral DNA detection by PCR,https://onlinelibrary.wiley.com/doi/pdfdirect/10.1046/j.1365-2761.2001.00282.x,NA,France,NA,"47.034744, -2.133321","47.034744, -2.133321",47.034744,-2.133321,Magallana gigas,,Pacific Oyster,OsHV-1,1999,Field,Snowball,,
27,Renault & Arzul 2001,Renault,2001,Herpes-like virus infections in hatchery-reared bivalve larvae in Europe: speci®c viral DNA detection by PCR,https://onlinelibrary.wiley.com/doi/pdfdirect/10.1046/j.1365-2761.2001.00282.x,NA,France,NA,"47.034744, -2.133321","47.034744, -2.133321",47.034744,-2.133321,Magallana gigas,,Pacific Oyster,OsHV-1,2000,Field,Snowball,,
27,Renault & Arzul 2001,Renault,2001,Herpes-like virus infections in hatchery-reared bivalve larvae in Europe: speci®c viral DNA detection by PCR,https://onlinelibrary.wiley.com/doi/pdfdirect/10.1046/j.1365-2761.2001.00282.x,NA,France,NA,"47.034744, -2.133321","47.034744, -2.133321",47.034744,-2.133321,Magallana gigas,,Pacific Oyster,OsHV-1,2001,Field,Snowball,,
27,Renault & Arzul 2001,Renault,2001,Herpes-like virus infections in hatchery-reared bivalve larvae in Europe: speci®c viral DNA detection by PCR,https://onlinelibrary.wiley.com/doi/pdfdirect/10.1046/j.1365-2761.2001.00282.x,NA,France,NA,"47.034744, -2.133321","47.034744, -2.133321",47.034744,-2.133321,Magallana gigas,,Pacific Oyster,OsHV-1,2002,Field,Snowball,,
27,Renault & Arzul 2001,Renault,2001,Herpes-like virus infections in hatchery-reared bivalve larvae in Europe: speci®c viral DNA detection by PCR,https://onlinelibrary.wiley.com/doi/pdfdirect/10.1046/j.1365-2761.2001.00282.x,NA,France,NA,"47.034744, -2.133321","47.034744, -2.133321",47.034744,-2.133321,Magallana gigas,,Pacific Oyster,OsHV-1,2003,Field,Snowball,,
27,Renault & Arzul 2001,Renault,2001,Herpes-like virus infections in hatchery-reared bivalve larvae in Europe: speci®c viral DNA detection by PCR,https://onlinelibrary.wiley.com/doi/pdfdirect/10.1046/j.1365-2761.2001.00282.x,NA,France,NA,"47.034744, -2.133321","47.034744, -2.133321",47.034744,-2.133321,Magallana gigas,,Pacific Oyster,OsHV-1,2004,Field,Snowball,,
27,Renault & Arzul 2001,Renault,2001,Herpes-like virus infections in hatchery-reared bivalve larvae in Europe: speci®c viral DNA detection by PCR,https://onlinelibrary.wiley.com/doi/pdfdirect/10.1046/j.1365-2761.2001.00282.x,NA,France,NA,"47.034744, -2.133321","47.034744, -2.133321",47.034744,-2.133321,Magallana gigas,,Pacific Oyster,OsHV-1,1997,Field,Snowball,,
27,Renault & Arzul 2001,Renault,2001,Herpes-like virus infections in hatchery-reared bivalve larvae in Europe: speci®c viral DNA detection by PCR,https://onlinelibrary.wiley.com/doi/pdfdirect/10.1046/j.1365-2761.2001.00282.x,NA,France,NA,"47.034744, -2.133321","47.034744, -2.133321",47.034744,-2.133321,Magallana gigas,,Pacific Oyster,OsHV-1,1998,Field,Snowball,,
27,Renault & Arzul 2001,Renault,2001,Herpes-like virus infections in hatchery-reared bivalve larvae in Europe: speci®c viral DNA detection by PCR,https://onlinelibrary.wiley.com/doi/pdfdirect/10.1046/j.1365-2761.2001.00282.x,NA,France,NA,"47.034744, -2.133321","47.034744, -2.133321",47.034744,-2.133321,Magallana gigas,,Pacific Oyster,OsHV-1,1999,Field,Snowball,,
27,Renault & Arzul 2001,Renault,2001,Herpes-like virus infections in hatchery-reared bivalve larvae in Europe: speci®c viral DNA detection by PCR,https://onlinelibrary.wiley.com/doi/pdfdirect/10.1046/j.1365-2761.2001.00282.x,NA,France,NA,"47.034744, -2.133321","47.034744, -2.133321",47.034744,-2.133321,Magallana gigas,,Pacific Oyster,OsHV-1,2000,Field,Snowball,,
27,Renault & Arzul 2001,Renault,2001,Herpes-like virus infections in hatchery-reared bivalve larvae in Europe: speci®c viral DNA detection by PCR,https://onlinelibrary.wiley.com/doi/pdfdirect/10.1046/j.1365-2761.2001.00282.x,NA,France,NA,"47.034744, -2.133321","47.034744, -2.133321",47.034744,-2.133321,Magallana gigas,,Pacific Oyster,OsHV-1,2001,Field,Snowball,,
27,Renault & Arzul 2001,Renault,2001,Herpes-like virus infections in hatchery-reared bivalve larvae in Europe: speci®c viral DNA detection by PCR,https://onlinelibrary.wiley.com/doi/pdfdirect/10.1046/j.1365-2761.2001.00282.x,NA,France,NA,"47.034744, -2.133321","47.034744, -2.133321",47.034744,-2.133321,Magallana gigas,,Pacific Oyster,OsHV-1,2002,Field,Snowball,,
27,Renault & Arzul 2001,Renault,2001,Herpes-like virus infections in hatchery-reared bivalve larvae in Europe: speci®c viral DNA detection by PCR,https://onlinelibrary.wiley.com/doi/pdfdirect/10.1046/j.1365-2761.2001.00282.x,NA,France,NA,"47.034744, -2.133321","47.034744, -2.133321",47.034744,-2.133321,Magallana gigas,,Pacific Oyster,OsHV-1,2003,Field,Snowball,,
27,Renault & Arzul 2001,Renault,2001,Herpes-like virus infections in hatchery-reared bivalve larvae in Europe: speci®c viral DNA detection by PCR,https://onlinelibrary.wiley.com/doi/pdfdirect/10.1046/j.1365-2761.2001.00282.x,NA,France,NA,"47.034744, -2.133321","47.034744, -2.133321",47.034744,-2.133321,Magallana gigas,,Pacific Oyster,OsHV-1,2004,Field,Snowball,,
27,Renault & Arzul 2001,Renault,2001,Herpes-like virus infections in hatchery-reared bivalve larvae in Europe: speci®c viral DNA detection by PCR,https://onlinelibrary.wiley.com/doi/pdfdirect/10.1046/j.1365-2761.2001.00282.x,NA,France,NA,"47.034744, -2.133321","47.034744, -2.133321",47.034744,-2.133321,Magallana gigas,,Pacific Oyster,OsHV-1,2005,Field,Snowball,,
27,Renault & Arzul 2001,Renault,2001,Herpes-like virus infections in hatchery-reared bivalve larvae in Europe: speci®c viral DNA detection by PCR,https://onlinelibrary.wiley.com/doi/pdfdirect/10.1046/j.1365-2761.2001.00282.x,NA,France,NA,"49.717346, -1.907873","49.717346, -1.907873",49.717346,-1.907873,Ruditapes decussatus,,Clam,OsHV-1,1997,Field,Snowball,,
27,Renault & Arzul 2001,Renault,2001,Herpes-like virus infections in hatchery-reared bivalve larvae in Europe: speci®c viral DNA detection by PCR,https://onlinelibrary.wiley.com/doi/pdfdirect/10.1046/j.1365-2761.2001.00282.x,NA,France,NA,"49.717346, -1.907873","49.717346, -1.907873",49.717346,-1.907873,Ruditapes decussatus,,Clam,OsHV-1,1998,Field,Snowball,,
27,Renault & Arzul 2001,Renault,2001,Herpes-like virus infections in hatchery-reared bivalve larvae in Europe: speci®c viral DNA detection by PCR,https://onlinelibrary.wiley.com/doi/pdfdirect/10.1046/j.1365-2761.2001.00282.x,NA,France,NA,"49.717346, -1.907873","49.717346, -1.907873",49.717346,-1.907873,Ruditapes decussatus,,Clam,OsHV-1,1999,Field,Snowball,,
27,Renault & Arzul 2001,Renault,2001,Herpes-like virus infections in hatchery-reared bivalve larvae in Europe: speci®c viral DNA detection by PCR,https://onlinelibrary.wiley.com/doi/pdfdirect/10.1046/j.1365-2761.2001.00282.x,NA,France,NA,"49.717346, -1.907873","49.717346, -1.907873",49.717346,-1.907873,Ruditapes decussatus,,Clam,OsHV-1,2000,Field,Snowball,,
27,Renault & Arzul 2001,Renault,2001,Herpes-like virus infections in hatchery-reared bivalve larvae in Europe: speci®c viral DNA detection by PCR,https://onlinelibrary.wiley.com/doi/pdfdirect/10.1046/j.1365-2761.2001.00282.x,NA,France,NA,"49.717346, -1.907873","49.717346, -1.907873",49.717346,-1.907873,Ruditapes decussatus,,Clam,OsHV-1,2001,Field,Snowball,,
27,Renault & Arzul 2001,Renault,2001,Herpes-like virus infections in hatchery-reared bivalve larvae in Europe: speci®c viral DNA detection by PCR,https://onlinelibrary.wiley.com/doi/pdfdirect/10.1046/j.1365-2761.2001.00282.x,NA,France,NA,"49.717346, -1.907873","49.717346, -1.907873",49.717346,-1.907873,Ruditapes decussatus,,Clam,OsHV-1,2002,Field,Snowball,,
27,Renault & Arzul 2001,Renault,2001,Herpes-like virus infections in hatchery-reared bivalve larvae in Europe: speci®c viral DNA detection by PCR,https://onlinelibrary.wiley.com/doi/pdfdirect/10.1046/j.1365-2761.2001.00282.x,NA,France,NA,"49.717346, -1.907873","49.717346, -1.907873",49.717346,-1.907873,Ruditapes decussatus,,Clam,OsHV-1,2003,Field,Snowball,,
27,Renault & Arzul 2001,Renault,2001,Herpes-like virus infections in hatchery-reared bivalve larvae in Europe: speci®c viral DNA detection by PCR,https://onlinelibrary.wiley.com/doi/pdfdirect/10.1046/j.1365-2761.2001.00282.x,NA,France,NA,"49.717346, -1.907873","49.717346, -1.907873",49.717346,-1.907873,Ruditapes decussatus,,Clam,OsHV-1,2004,Field,Snowball,,
27,Renault & Arzul 2001,Renault,2001,Herpes-like virus infections in hatchery-reared bivalve larvae in Europe: speci®c viral DNA detection by PCR,https://onlinelibrary.wiley.com/doi/pdfdirect/10.1046/j.1365-2761.2001.00282.x,NA,France,NA,"49.717346, -1.907873","49.717346, -1.907873",49.717346,-1.907873,Ruditapes decussatus,,Clam,OsHV-1,2005,Field,Snowball,,
27,Renault & Arzul 2001,Renault,2001,Herpes-like virus infections in hatchery-reared bivalve larvae in Europe: speci®c viral DNA detection by PCR,https://onlinelibrary.wiley.com/doi/pdfdirect/10.1046/j.1365-2761.2001.00282.x,NA,France,NA,"49.717346, -1.907873","49.717346, -1.907873",49.717346,-1.907873,Ruditapes decussatus,,Clam,OsHV-1,2006,Field,Snowball,,
27,Renault & Arzul 2001,Renault,2001,Herpes-like virus infections in hatchery-reared bivalve larvae in Europe: speci®c viral DNA detection by PCR,https://onlinelibrary.wiley.com/doi/pdfdirect/10.1046/j.1365-2761.2001.00282.x,NA,Spain,NA,"43.753142, -7.727630","43.753142, -7.727630",43.753142,-7.72763,Ruditapes phillipinarum,,Clam,OsHV-1,1997,Field,Snowball,,
27,Renault & Arzul 2001,Renault,2001,Herpes-like virus infections in hatchery-reared bivalve larvae in Europe: speci®c viral DNA detection by PCR,https://onlinelibrary.wiley.com/doi/pdfdirect/10.1046/j.1365-2761.2001.00282.x,NA,Spain,NA,"43.753142, -7.727630","43.753142, -7.727630",43.753142,-7.72763,Ruditapes phillipinarum,,Clam,OsHV-1,1998,Field,Snowball,,
27,Renault & Arzul 2001,Renault,2001,Herpes-like virus infections in hatchery-reared bivalve larvae in Europe: speci®c viral DNA detection by PCR,https://onlinelibrary.wiley.com/doi/pdfdirect/10.1046/j.1365-2761.2001.00282.x,NA,Spain,NA,"43.753142, -7.727630","43.753142, -7.727630",43.753142,-7.72763,Ruditapes phillipinarum,,Clam,OsHV-1,1999,Field,Snowball,,
27,Renault & Arzul 2001,Renault,2001,Herpes-like virus infections in hatchery-reared bivalve larvae in Europe: speci®c viral DNA detection by PCR,https://onlinelibrary.wiley.com/doi/pdfdirect/10.1046/j.1365-2761.2001.00282.x,NA,Spain,NA,"43.753142, -7.727630","43.753142, -7.727630",43.753142,-7.72763,Ruditapes phillipinarum,,Clam,OsHV-1,2000,Field,Snowball,,
27,Renault & Arzul 2001,Renault,2001,Herpes-like virus infections in hatchery-reared bivalve larvae in Europe: speci®c viral DNA detection by PCR,https://onlinelibrary.wiley.com/doi/pdfdirect/10.1046/j.1365-2761.2001.00282.x,NA,Spain,NA,"43.753142, -7.727630","43.753142, -7.727630",43.753142,-7.72763,Ruditapes phillipinarum,,Clam,OsHV-1,2001,Field,Snowball,,
27,Renault & Arzul 2001,Renault,2001,Herpes-like virus infections in hatchery-reared bivalve larvae in Europe: speci®c viral DNA detection by PCR,https://onlinelibrary.wiley.com/doi/pdfdirect/10.1046/j.1365-2761.2001.00282.x,NA,Spain,NA,"43.753142, -7.727630","43.753142, -7.727630",43.753142,-7.72763,Ruditapes phillipinarum,,Clam,OsHV-1,2002,Field,Snowball,,
27,Renault & Arzul 2001,Renault,2001,Herpes-like virus infections in hatchery-reared bivalve larvae in Europe: speci®c viral DNA detection by PCR,https://onlinelibrary.wiley.com/doi/pdfdirect/10.1046/j.1365-2761.2001.00282.x,NA,Spain,NA,"43.753142, -7.727630","43.753142, -7.727630",43.753142,-7.72763,Ruditapes phillipinarum,,Clam,OsHV-1,2003,Field,Snowball,,
27,Renault & Arzul 2001,Renault,2001,Herpes-like virus infections in hatchery-reared bivalve larvae in Europe: speci®c viral DNA detection by PCR,https://onlinelibrary.wiley.com/doi/pdfdirect/10.1046/j.1365-2761.2001.00282.x,NA,Spain,NA,"43.753142, -7.727630","43.753142, -7.727630",43.753142,-7.72763,Ruditapes phillipinarum,,Clam,OsHV-1,2004,Field,Snowball,,
27,Renault & Arzul 2001,Renault,2001,Herpes-like virus infections in hatchery-reared bivalve larvae in Europe: speci®c viral DNA detection by PCR,https://onlinelibrary.wiley.com/doi/pdfdirect/10.1046/j.1365-2761.2001.00282.x,NA,Spain,NA,"43.753142, -7.727630","43.753142, -7.727630",43.753142,-7.72763,Ruditapes phillipinarum,,Clam,OsHV-1,2005,Field,Snowball,,
27,Renault & Arzul 2001,Renault,2001,Herpes-like virus infections in hatchery-reared bivalve larvae in Europe: speci®c viral DNA detection by PCR,https://onlinelibrary.wiley.com/doi/pdfdirect/10.1046/j.1365-2761.2001.00282.x,NA,Spain,NA,"43.753142, -7.727630","43.753142, -7.727630",43.753142,-7.72763,Ruditapes phillipinarum,,Clam,OsHV-1,2006,Field,Snowball,,
27,Renault & Arzul 2001,Renault,2001,Herpes-like virus infections in hatchery-reared bivalve larvae in Europe: speci®c viral DNA detection by PCR,https://onlinelibrary.wiley.com/doi/pdfdirect/10.1046/j.1365-2761.2001.00282.x,NA,Spain,NA,"43.753142, -7.727630","43.753142, -7.727630",43.753142,-7.72763,Ruditapes phillipinarum,,Clam,OsHV-1,2007,Field,Snowball,,
28,Hine et al. 1998,Hine,1998,Replication of a herpes-like virus in larvae of the flat oyster Tiostrea chilensis at ambient temperatures ,https://www.int-res.com/articles/dao/32/d032p161.pdf,Wellington Harbour,New Zealand,NA,"-41.283525, 174.832068

","-41.283525, 174.832068

",-41.283525,174.832068,Tiostrea chilensis,,Other oyster,OsHV-1,NA,Field,Snowball,,
29,Hine et al. 1992,Hine,1992,Herpesviruses associated with mortalities among hatchery-reared larval Pacific oysters Crassostrea gigas,https://www.semanticscholar.org/paper/Herpesviruses-associated-with-mortalities-among-Hine-Wesney/8a0c4d9d9f6caa22a79308d04334dbf980ac8eab,Mahurangi,New Zealand,NA,"-36.476935, 174.722596","-36.476935, 174.722596",-36.476935,174.722596,Magallana gigas,,Pacific Oyster,Herpesvirus,1991,Field,Snowball,,
30,Nicolas et al. 1992,Nicolas,1992,Herpes-like virus infecting Pacific-oyster larvae Crassostrea gigas,http://eafp.org/download/1992-Volume12/Issue%201/3-Nicolas%20et%20al.pdf,NA,France,NA,"49.717346, -1.907873","49.717346, -1.907873",49.717346,-1.907873,Magallana gigas,,Pacific Oyster,Herpes-like virus,1991,Field,Snowball,,
31,Comps & Cochennec 1993,Comps,1993,A Herpes-like Virus from the European Oyster Ostrea edulis L.,https://www.sciencedirect.com/science/article/pii/S0022201183710980?via%3Dihub,Breton (Brittany),France,NA,"48.431392, -4.759700","48.431392, -4.759700",48.431392,-4.7597,Ostrea edulis,,Other oyster,Herpes-like virus,NA,Field,Snowball,,
32,Friedman et al. 2005,Friedman,2005,"Herpes virus in juvenile Pacific oysters Crassostrea gigas from Tomales Bay, California, coincides with summer mortality episodes",https://www.int-res.com/abstracts/dao/v63/n1/p33-41/,"Tomales Bay, California",USA,NA,"38.205431, -122.939066

","38.205431, -122.939066

",38.205431,-122.939066,Magallana gigas,,Pacific Oyster,Herpesvirus,2002,Field,Snowball,,
33,Jenkins et al. 2013,Jenkins,2013,Identification and characterisation of an ostreid herpesvirus-1 microvariant (OsHV-1 µ-var) in Crassostrea gigas (Pacific oysters) in Australia,https://pubmed.ncbi.nlm.nih.gov/23872855/,Woolooware Bay,Australia,NA,"-34.031666666666666, 151.1511111111111
","-34.031666666666666, 151.1511111111111
",-34.03166667,151.1511111,Saccostrea glomerata,,Other oyster,OsHV-1 μVar,"2010, 2011",Field,Snowball,,
34,Hine & Thorne 1997,Hine,1997,Replication of herpes-like viruses in haemocytes of adult flat oysters Ostrea angasi: an ultrastructural study ,https://www.int-res.com/articles/dao/29/d029p189.pdf,"Albany, Western Australia",Australia,NA,"-35.029908, 117.881675","-35.029908, 117.881675",-35.029908,117.881675,Ostrea angasi,,Other oyster,OsHV-1,1994,Field,Snowball,,
35,Shimahara et al. 2012,Shimahara,2012,Surveillance of Type 1 Ostreid Herpesvirus (OsHV-1) Variants in Japan,https://www.jstage.jst.go.jp/article/jsfp/47/4/47_129/_article,Kumamoto,Japan,NA,"32.785682, 130.588925

","32.785682, 130.588925

",32.785682,130.588925,Crassostrea ariakensis,,Other oyster,OsHV-1,2007,Field,Snowball,,
35,Shimahara et al. 2012,Shimahara,2012,Surveillance of Type 1 Ostreid Herpesvirus (OsHV-1) Variants in Japan,https://www.jstage.jst.go.jp/article/jsfp/47/4/47_129/_article,Kumamoto,Japan,NA,"32.785682, 130.588925

","32.785682, 130.588925

",32.785682,130.588925,Crassostrea sikamea,,Other oyster,OsHV-1,2007,Field,Snowball,,
35,Shimahara et al. 2012,Shimahara,2012,Surveillance of Type 1 Ostreid Herpesvirus (OsHV-1) Variants in Japan,https://www.jstage.jst.go.jp/article/jsfp/47/4/47_129/_article,Mie Prefecture,Japan,NA,"34.387551, 136.965868","34.387551, 136.965868",34.387551,136.965868,Magallana gigas,,Pacific Oyster,OsHV-1,2011,Field,Snowball,,
35,Shimahara et al. 2012,Shimahara,2012,Surveillance of Type 1 Ostreid Herpesvirus (OsHV-1) Variants in Japan,https://www.jstage.jst.go.jp/article/jsfp/47/4/47_129/_article,Hiroshima Prefecture,Japan,NA,"34.143747, 132.695714","34.143747, 132.695714",34.143747,132.695714,Magallana gigas,,Pacific Oyster,OsHV-1,2011,Field,Snowball,,
35,Shimahara et al. 2012,Shimahara,2012,Surveillance of Type 1 Ostreid Herpesvirus (OsHV-1) Variants in Japan,https://www.jstage.jst.go.jp/article/jsfp/47/4/47_129/_article,Miyagi Prefecture,Japan,NA,"38.246616, 141.143571","38.246616, 141.143571",38.246616,141.143571,Magallana gigas,,Pacific Oyster,OsHV-1,2011,Field,Snowball,,
35,Shimahara et al. 2012,Shimahara,2012,Surveillance of Type 1 Ostreid Herpesvirus (OsHV-1) Variants in Japan,https://www.jstage.jst.go.jp/article/jsfp/47/4/47_129/_article,Mie Prefecture,Japan,NA,"34.387551, 136.965868","34.387551, 136.965868",34.387551,136.965868,Magallana gigas,,Pacific Oyster,OsHV-1,2007,Field,Snowball,,
35,Shimahara et al. 2012,Shimahara,2012,Surveillance of Type 1 Ostreid Herpesvirus (OsHV-1) Variants in Japan,https://www.jstage.jst.go.jp/article/jsfp/47/4/47_129/_article,Hiroshima Prefecture,Japan,NA,"34.143747, 132.695714","34.143747, 132.695714",34.143747,132.695714,Magallana gigas,,Pacific Oyster,OsHV-1,2007,Field,Snowball,,
35,Shimahara et al. 2012,Shimahara,2012,Surveillance of Type 1 Ostreid Herpesvirus (OsHV-1) Variants in Japan,https://www.jstage.jst.go.jp/article/jsfp/47/4/47_129/_article,Miyagi Prefecture,Japan,NA,"38.246616, 141.143571","38.246616, 141.143571",38.246616,141.143571,Magallana gigas,,Pacific Oyster,OsHV-1,2007,Field,Snowball,,
36,Prado-Alvarez et al. 2021,Prado-Alvarez,2021,First detection of OsHV-1 in the cephalopod Octopus vulgaris. Is the octopus a dead-end for OsHV-1?,https://www.sciencedirect.com/science/article/pii/S0022201121000203,Vigo,Spain,NA,"42.237904, -8.747742","42.237904, -8.747742",42.237904,-8.747742,Octopus vulgaris,,Octopus,OsHV-1 μVar,2010,Field,Snowball,,
36,Prado-Alvarez et al. 2021,Prado-Alvarez,2021,First detection of OsHV-1 in the cephalopod Octopus vulgaris. Is the octopus a dead-end for OsHV-1?,https://www.sciencedirect.com/science/article/pii/S0022201121000203,Vigo,Spain,NA,"42.237904, -8.747742","42.237904, -8.747742",42.237904,-8.747742,Octopus vulgaris,,Octopus,OsHV-1 μVar,2011,Field,Snowball,,
36,Prado-Alvarez et al. 2021,Prado-Alvarez,2021,First detection of OsHV-1 in the cephalopod Octopus vulgaris. Is the octopus a dead-end for OsHV-1?,https://www.sciencedirect.com/science/article/pii/S0022201121000203,Vigo,Spain,NA,"42.237904, -8.747742","42.237904, -8.747742",42.237904,-8.747742,Octopus vulgaris,,Octopus,OsHV-1 μVar,2014,Field,Snowball,,
36,Prado-Alvarez et al. 2021,Prado-Alvarez,2021,First detection of OsHV-1 in the cephalopod Octopus vulgaris. Is the octopus a dead-end for OsHV-1?,https://www.sciencedirect.com/science/article/pii/S0022201121000203,Vigo,Spain,NA,"42.237904, -8.747742","42.237904, -8.747742",42.237904,-8.747742,Octopus vulgaris,,Octopus,OsHV-1 μVar,2015,Field,Snowball,,
37,Costello et al. 2021,Costello,2021,The role of invasive tunicates as reservoirs of molluscan pathogens,https://link.springer.com/article/10.1007/s10530-020-02392-5,"Crosshaven, Co. Cork",Ireland,NA,"51.807539, -8.292553","51.807539, -8.292553",51.807539,-8.292553,Botrylloides violaceus,,Tunicate,OsHV-1 μVar,2018,Field,Snowball,,
37,Costello et al. 2021,Costello,2021,The role of invasive tunicates as reservoirs of molluscan pathogens,https://link.springer.com/article/10.1007/s10530-020-02392-5,"Rossmore, Co. Cork",Ireland,NA,"51.593005, -8.858027","51.593005, -8.858027",51.593005,-8.858027,Styela clava ,,Tunicate,OsHV-1 μVar,2018,Field,Snowball,,
38,Bookelaar et al. 2018,Bookelaar,2018,Role of the intertidal predatory shore crab Carcinus maenas in transmission dynamics of ostreid herpesvirus-1 microvariant,https://pubmed.ncbi.nlm.nih.gov/30259874/,"Dungarvan, Co. Waterford",Ireland,"52.0936° N, 7.6204° W",NA,"52.868227777777776, -7.127005555555555",52.86822778,-7.127005556,Carcinus maenas,,Crab,OsHV-1 μVar,2015,Field,Snowball,https://www.vercalendario.info/en/how/convert-latitude-longitude-degrees-decimals.html,
38,Bookelaar et al. 2018,Bookelaar,2018,Role of the intertidal predatory shore crab Carcinus maenas in transmission dynamics of ostreid herpesvirus-1 microvariant,https://pubmed.ncbi.nlm.nih.gov/30259874/,"Carlingford Lough, Co. Lough",Ireland,"54.0733° N, 6.1994° W",NA,"54.90122222222222, -6.103322222222221",54.90122222,-6.103322222,Carcinus maenas,,Crab,OsHV-1 μVar,2015,Field,Snowball,https://www.vercalendario.info/en/how/convert-latitude-longitude-degrees-decimals.html,
39,O'Reilly et al. 2018,O'Reilly,2018,The role of the mussel Mytilus spp. in the transmission of ostreid herpesvirus-1 microVar,https://www.cambridge.org/core/journals/parasitology/article/role-of-the-mussel-mytilus-spp-in-the-transmission-of-ostreid-herpesvirus1-microvar/5DBEC59DD1A86F8709E3433D0EF1CB68,Ardmore,Ireland,"51°57′04″N, 7°43′23″W",NA,"51.95111111111111, -7.723055555555556",51.95111111,-7.723055556,Mytilus spp.,,Mussel,OsHV-1 μVar,2014,Field,Web of Science,https://www.vercalendario.info/en/how/convert-latitude-longitude-degrees-decimals.html,
39,O'Reilly et al. 2018,O'Reilly,2018,The role of the mussel Mytilus spp. in the transmission of ostreid herpesvirus-1 microVar,https://www.cambridge.org/core/journals/parasitology/article/role-of-the-mussel-mytilus-spp-in-the-transmission-of-ostreid-herpesvirus1-microvar/5DBEC59DD1A86F8709E3433D0EF1CB68,"Garrettstown, Kinsale, Co. Cork",Ireland,"51°38′16·93″N, 8°34′21·41″W",NA,"51.63777777777778, -8.5725",51.63777778,-8.5725,Mytilus spp.,,Mussel,OsHV-1 μVar,2014,Field,Web of Science,https://www.vercalendario.info/en/how/convert-latitude-longitude-degrees-decimals.html,
39,O'Reilly et al. 2018,O'Reilly,2018,The role of the mussel Mytilus spp. in the transmission of ostreid herpesvirus-1 microVar,https://www.cambridge.org/core/journals/parasitology/article/role-of-the-mussel-mytilus-spp-in-the-transmission-of-ostreid-herpesvirus1-microvar/5DBEC59DD1A86F8709E3433D0EF1CB68,"Ballymacoda Bay, Youghal Co. Cork",Ireland,"51°53′24″N, 7°55′57″W",NA,"51.89, -7.9325",51.89,-7.9325,Mytilus spp.,,Mussel,OsHV-1 μVar,2014,Field,Web of Science,https://www.vercalendario.info/en/how/convert-latitude-longitude-degrees-decimals.html,
39,O'Reilly et al. 2018,O'Reilly,2018,The role of the mussel Mytilus spp. in the transmission of ostreid herpesvirus-1 microVar,https://www.cambridge.org/core/journals/parasitology/article/role-of-the-mussel-mytilus-spp-in-the-transmission-of-ostreid-herpesvirus1-microvar/5DBEC59DD1A86F8709E3433D0EF1CB68,"Carlingford Lough, Co. Lough",Ireland,NA,"54.90122222222222, -6.103322222222221","54.90122222222222, -6.103322222222221",54.90122222,-6.103322222,Mytilus spp.,,Mussel,OsHV-1 μVar,2013,Field,Web of Science,,
39,O'Reilly et al. 2018,O'Reilly,2018,The role of the mussel Mytilus spp. in the transmission of ostreid herpesvirus-1 microVar,https://www.cambridge.org/core/journals/parasitology/article/role-of-the-mussel-mytilus-spp-in-the-transmission-of-ostreid-herpesvirus1-microvar/5DBEC59DD1A86F8709E3433D0EF1CB68,"Carlingford Lough, Co. Lough",Ireland,NA,"54.90122222222222, -6.103322222222221","54.90122222222222, -6.103322222222221",54.90122222,-6.103322222,Mytilus spp.,,Mussel,OsHV-1 μVar,2015,Field,Web of Science,,
39,O'Reilly et al. 2018,O'Reilly,2018,The role of the mussel Mytilus spp. in the transmission of ostreid herpesvirus-1 microVar,https://www.cambridge.org/core/journals/parasitology/article/role-of-the-mussel-mytilus-spp-in-the-transmission-of-ostreid-herpesvirus1-microvar/5DBEC59DD1A86F8709E3433D0EF1CB68,"Dungarvan, Co. Waterford",Ireland,NA,"52.868227777777776, -7.127005555555555","52.868227777777776, -7.127005555555555",52.86822778,-7.127005556,Mytilus spp.,,Mussel,OsHV-1 μVar,2015,Field,Web of Science,,
40,Garcia et al. 2018,Garcia,2018,"Descriptions of Mikrocytos veneroïdes n. sp. and Mikrocytos donaxi n. sp. (Ascetosporea: Mikrocytida: Mikrocytiidae), detected during important mortality events of the wedge clam Donax trunculus Linnaeus (Veneroida: Donacidae), in France between 2008 and 2011",https://parasitesandvectors.biomedcentral.com/articles/10.1186/s13071-018-2692-0,Quiberon Bay,France,"47.54°N, 3.13°W","47.562584, -3.050641","47.562584, -3.050641",47.562584,-3.050641,Donax trunculus,Wedge clam,Clam,OsHV-1,2010,Field,Snowball,https://www.vercalendario.info/en/how/convert-latitude-longitude-degrees-decimals.html,
40,Garcia et al. 2018,Garcia,2018,"Descriptions of Mikrocytos veneroïdes n. sp. and Mikrocytos donaxi n. sp. (Ascetosporea: Mikrocytida: Mikrocytiidae), detected during important mortality events of the wedge clam Donax trunculus Linnaeus (Veneroida: Donacidae), in France between 2008 and 2011",https://parasitesandvectors.biomedcentral.com/articles/10.1186/s13071-018-2692-0,Audierne Bay,France,"47.85°N, 4.35°W","48.011321, -4.545187","48.011321, -4.545187",48.011321,-4.545187,Donax trunculus,Wedge clam,Clam,OsHV-1,2011,Field,Snowball,https://www.vercalendario.info/en/how/convert-latitude-longitude-degrees-decimals.html,
41,Evans et al. 2017,Evans,2017,"Detection of ostreid herpesvirus 1 microvariant DNA in aquatic invertebrate species, sediment and other samples collected from the Georges River estuary, New South Wales, Australia",https://www.int-res.com/abstracts/dao/v122/n3/p247-255/,"Site A, Woolooware Bay",Australia,"34° 01’ 54.0’’ S, 151° 09’ 04.0’’ E","-34.011088, 151.147129

","-34.011088, 151.147129

",-34.011088,151.147129,Anadara trapezia,Sydney cockle,Cockle,OsHV-1 μVar,2012,Field,Snowball,,
41,Evans et al. 2017,Evans,2017,"Detection of ostreid herpesvirus 1 microvariant DNA in aquatic invertebrate species, sediment and other samples collected from the Georges River estuary, New South Wales, Australia",https://www.int-res.com/abstracts/dao/v122/n3/p247-255/,"Site A, Woolooware Bay",Australia,"34° 01’ 54.0’’ S, 151° 09’ 04.0’’ E","-34.011088, 151.147129

","-34.011088, 151.147129

",-34.011088,151.147129,Magallana gigas,,Pacific Oyster,OsHV-1 μVar,2012,Field,Snowball,https://www.vercalendario.info/en/how/convert-latitude-longitude-degrees-decimals.html,
41,Evans et al. 2017,Evans,2017,"Detection of ostreid herpesvirus 1 microvariant DNA in aquatic invertebrate species, sediment and other samples collected from the Georges River estuary, New South Wales, Australia",https://www.int-res.com/abstracts/dao/v122/n3/p247-255/,"Site C, Woolooware Bay",Australia,"34° 01’ 54.0’’ S, 151° 09’ 04.0’’ E","-34.033813, 151.148375

","-34.033813, 151.148375

",-34.033813,151.148375,Magallana gigas,,Pacific Oyster,OsHV-1 μVar,2013,Field,Snowball,,
41,Evans et al. 2017,Evans,2017,"Detection of ostreid herpesvirus 1 microvariant DNA in aquatic invertebrate species, sediment and other samples collected from the Georges River estuary, New South Wales, Australia",https://www.int-res.com/abstracts/dao/v122/n3/p247-255/,"Site B, Woolooware Bay",Australia,"34° 01’ 54.0’’ S, 151° 09’ 04.0’’ E","-34.028167, 151.138987

","-34.028167, 151.138987

",-34.028167,151.138987,Magallana gigas,,Pacific Oyster,OsHV-1 μVar,2013,Field,Snowball,,
41,Evans et al. 2017,Evans,2017,"Detection of ostreid herpesvirus 1 microvariant DNA in aquatic invertebrate species, sediment and other samples collected from the Georges River estuary, New South Wales, Australia",https://www.int-res.com/abstracts/dao/v122/n3/p247-255/,"Gwawley Bay, Woolooware Bay",Australia,"34° 01’ 54.0’’ S, 151° 09’ 04.0’’ E","-34.015809, 151.117647

","-34.015809, 151.117647

",-34.015809,151.117647,Magallana gigas,,Pacific Oyster,OsHV-1 μVar,2013,Field,Snowball,,
41,Evans et al. 2017,Evans,2017,"Detection of ostreid herpesvirus 1 microvariant DNA in aquatic invertebrate species, sediment and other samples collected from the Georges River estuary, New South Wales, Australia",https://www.int-res.com/abstracts/dao/v122/n3/p247-255/,"Oyster Bay, Woolooware Bay",Australia,"34° 01’ 54.0’’ S, 151° 09’ 04.0’’ E","-34.005674, 151.087626

","-34.005674, 151.087626

",-34.005674,151.087626,Magallana gigas,,Pacific Oyster,OsHV-1 μVar,2013,Field,Snowball,,
41,Evans et al. 2017,Evans,2017,"Detection of ostreid herpesvirus 1 microvariant DNA in aquatic invertebrate species, sediment and other samples collected from the Georges River estuary, New South Wales, Australia",https://www.int-res.com/abstracts/dao/v122/n3/p247-255/,"Lime Kiln, Woolooware Bay",Australia,"34° 01’ 54.0’’ S, 151° 09’ 04.0’’ E","-33.988758, 151.055406","-33.988758, 151.055406",-33.988758,151.055406,Magallana gigas,,Pacific Oyster,OsHV-1 μVar,2013,Field,Snowball,,
41,Evans et al. 2017,Evans,2017,"Detection of ostreid herpesvirus 1 microvariant DNA in aquatic invertebrate species, sediment and other samples collected from the Georges River estuary, New South Wales, Australia",https://www.int-res.com/abstracts/dao/v122/n3/p247-255/,"Site A, Woolooware Bay",Australia,"34° 01’ 54.0’’ S, 151° 09’ 04.0’’ E","-34.011088, 151.147129

","-34.011088, 151.147129

",-34.011088,151.147129,Mytilus spp.,,Mussel,OsHV-1 μVar,2012,Field,Snowball,,
41,Evans et al. 2017,Evans,2017,"Detection of ostreid herpesvirus 1 microvariant DNA in aquatic invertebrate species, sediment and other samples collected from the Georges River estuary, New South Wales, Australia",https://www.int-res.com/abstracts/dao/v122/n3/p247-255/,"Site A, Woolooware Bay",Australia,"34° 01’ 54.0’’ S, 151° 09’ 04.0’’ E","-34.011088, 151.147129

","-34.011088, 151.147129

",-34.011088,151.147129,Pyrazus ebeninus,,Whelk,OsHV-1 μVar,2012,Field,Snowball,,
41,Evans et al. 2017,Evans,2017,"Detection of ostreid herpesvirus 1 microvariant DNA in aquatic invertebrate species, sediment and other samples collected from the Georges River estuary, New South Wales, Australia",https://www.int-res.com/abstracts/dao/v122/n3/p247-255/,"Site A, Woolooware Bay",Australia,"34° 01’ 54.0’’ S, 151° 09’ 04.0’’ E","-34.011088, 151.147129

","-34.011088, 151.147129

",-34.011088,151.147129,Saccostrea glomerata,,Other oyster,OsHV-1 μVar,2012,Field,Snowball,,
41,Evans et al. 2017,Evans,2017,"Detection of ostreid herpesvirus 1 microvariant DNA in aquatic invertebrate species, sediment and other samples collected from the Georges River estuary, New South Wales, Australia",https://www.int-res.com/abstracts/dao/v122/n3/p247-255/,"Site C, Woolooware Bay",Australia,"34° 01’ 54.0’’ S, 151° 09’ 04.0’’ E","-34.033813, 151.148375

","-34.033813, 151.148375

",-34.033813,151.148375,Saccostrea glomerata,,Other oyster,OsHV-1 μVar,2012,Field,Snowball,,
41,Evans et al. 2017,Evans,2017,"Detection of ostreid herpesvirus 1 microvariant DNA in aquatic invertebrate species, sediment and other samples collected from the Georges River estuary, New South Wales, Australia",https://www.int-res.com/abstracts/dao/v122/n3/p247-255/,"Site B, Woolooware Bay",Australia,"34° 01’ 54.0’’ S, 151° 09’ 04.0’’ E","-34.028167, 151.138987

","-34.028167, 151.138987

",-34.028167,151.138987,Saccostrea glomerata,,Other oyster,OsHV-1 μVar,2012,Field,Snowball,,
41,Evans et al. 2017,Evans,2017,"Detection of ostreid herpesvirus 1 microvariant DNA in aquatic invertebrate species, sediment and other samples collected from the Georges River estuary, New South Wales, Australia",https://www.int-res.com/abstracts/dao/v122/n3/p247-255/,"Site A, Woolooware Bay",Australia,"34° 01’ 54.0’’ S, 151° 09’ 04.0’’ E","-34.011088, 151.147129

","-34.011088, 151.147129

",-34.011088,151.147129,Saccostrea glomerata,,Other oyster,OsHV-1 μVar,2013,Field,Snowball,,
41,Evans et al. 2017,Evans,2017,"Detection of ostreid herpesvirus 1 microvariant DNA in aquatic invertebrate species, sediment and other samples collected from the Georges River estuary, New South Wales, Australia",https://www.int-res.com/abstracts/dao/v122/n3/p247-255/,"Site C, Woolooware Bay",Australia,"34° 01’ 54.0’’ S, 151° 09’ 04.0’’ E","-34.033813, 151.148375

","-34.033813, 151.148375

",-34.033813,151.148375,Saccostrea glomerata,,Other oyster,OsHV-1 μVar,2013,Field,Snowball,,
41,Evans et al. 2017,Evans,2017,"Detection of ostreid herpesvirus 1 microvariant DNA in aquatic invertebrate species, sediment and other samples collected from the Georges River estuary, New South Wales, Australia",https://www.int-res.com/abstracts/dao/v122/n3/p247-255/,"Site B, Woolooware Bay",Australia,"34° 01’ 54.0’’ S, 151° 09’ 04.0’’ E","-34.028167, 151.138987

","-34.028167, 151.138987

",-34.028167,151.138987,Saccostrea glomerata,,Other oyster,OsHV-1 μVar,2013,Field,Snowball,,
41,Evans et al. 2017,Evans,2017,"Detection of ostreid herpesvirus 1 microvariant DNA in aquatic invertebrate species, sediment and other samples collected from the Georges River estuary, New South Wales, Australia",https://www.int-res.com/abstracts/dao/v122/n3/p247-255/,"Gwawley Bay, Woolooware Bay",Australia,"34° 01’ 54.0’’ S, 151° 09’ 04.0’’ E","-34.015809, 151.117647

","-34.015809, 151.117647

",-34.015809,151.117647,Saccostrea glomerata,,Other oyster,OsHV-1 μVar,2013,Field,Snowball,,
41,Evans et al. 2017,Evans,2017,"Detection of ostreid herpesvirus 1 microvariant DNA in aquatic invertebrate species, sediment and other samples collected from the Georges River estuary, New South Wales, Australia",https://www.int-res.com/abstracts/dao/v122/n3/p247-255/,"Oyster Bay, Woolooware Bay",Australia,"34° 01’ 54.0’’ S, 151° 09’ 04.0’’ E","-34.005674, 151.087626

","-34.005674, 151.087626

",-34.005674,151.087626,Saccostrea glomerata,,Other oyster,OsHV-1 μVar,2013,Field,Snowball,,
41,Evans et al. 2017,Evans,2017,"Detection of ostreid herpesvirus 1 microvariant DNA in aquatic invertebrate species, sediment and other samples collected from the Georges River estuary, New South Wales, Australia",https://www.int-res.com/abstracts/dao/v122/n3/p247-255/,"Lime Kiln, Woolooware Bay",Australia,"34° 01’ 54.0’’ S, 151° 09’ 04.0’’ E","-33.988758, 151.055406","-33.988758, 151.055406",-33.988758,151.055406,Saccostrea glomerata,,Other oyster,OsHV-1 μVar,2013,Field,Snowball,,
41,Evans et al. 2017,Evans,2017,"Detection of ostreid herpesvirus 1 microvariant DNA in aquatic invertebrate species, sediment and other samples collected from the Georges River estuary, New South Wales, Australia",https://www.int-res.com/abstracts/dao/v122/n3/p247-255/,"Site A, Woolooware Bay",Australia,"34° 01’ 54.0’’ S, 151° 09’ 04.0’’ E","-34.011088, 151.147129

","-34.011088, 151.147129

",-34.011088,151.147129,Trichomya hirsuta,,Mussel,OsHV-1 μVar,2012,Field,Snowball,,
42,Whittington et al. 2013,Whittington,2013,"Final Report: 2011/053 Aquatic Animal Health Subprogram: Pacific oyster mortality syndrome (POMS) – understanding biotic and abiotic environmental and husbandry effects to reduce economic losses
",https://www.frdc.com.au/sites/default/files/products/2011-053-DLD.pdf,Woolooware Bay,Australia,"-34.031666666666666, 151.1511111111111
",NA,"-34.031666666666666, 151.1511111111111
",-34.03166667,151.1511111,Magallana gigas,,Pacific Oyster,OsHV-1,2011,Field,Snowball,,
42,Whittington et al. 2013,Whittington,2013,"Final Report: 2011/053 Aquatic Animal Health Subprogram: Pacific oyster mortality syndrome (POMS) – understanding biotic and abiotic environmental and husbandry effects to reduce economic losses
",https://www.frdc.com.au/sites/default/files/products/2011-053-DLD.pdf,Woolooware Bay,Australia,"-34.031666666666666, 151.1511111111111
",NA,"-34.031666666666666, 151.1511111111111
",-34.03166667,151.1511111,Magallana gigas,,Pacific Oyster,OsHV-1,2012,Field,Snowball,,
42,Whittington et al. 2013,Whittington,2013,"Final Report: 2011/053 Aquatic Animal Health Subprogram: Pacific oyster mortality syndrome (POMS) – understanding biotic and abiotic environmental and husbandry effects to reduce economic losses
",https://www.frdc.com.au/sites/default/files/products/2011-053-DLD.pdf,Woolooware Bay,Australia,"-34.031666666666666, 151.1511111111111
",NA,"-34.031666666666666, 151.1511111111111
",-34.03166667,151.1511111,Saccostrea glomerata,,Other Oyster,OsHV-1,2011,Field,Snowball,,
42,Whittington et al. 2013,Whittington,2013,"Final Report: 2011/053 Aquatic Animal Health Subprogram: Pacific oyster mortality syndrome (POMS) – understanding biotic and abiotic environmental and husbandry effects to reduce economic losses
",https://www.frdc.com.au/sites/default/files/products/2011-053-DLD.pdf,Woolooware Bay,Australia,"-34.031666666666666, 151.1511111111111
",NA,"-34.031666666666666, 151.1511111111111
",-34.03166667,151.1511111,Saccostrea glomerata,,Other Oyster,OsHV-1,2012,Field,Snowball,,
43,Mello et al. 2018,Mello,2018,First evidence of viral and bacterial oyster pathogens in the Brazilian coast,https://onlinelibrary.wiley.com/doi/10.1111/jfd.12755,"Sambaqui, Santa Catarina,",Brazil,"27°75′S, 48°57′W",NA,"-27.492213, -48.530338",-27.492213,-48.530338,Crassostrea brasiliana,,Other oyster,OsHV-1,2013,Field,Web of Science,https://www.vercalendario.info/en/how/convert-latitude-longitude-degrees-decimals.html,
43,Mello et al. 2018,Mello,2018,First evidence of viral and bacterial oyster pathogens in the Brazilian coast,https://onlinelibrary.wiley.com/doi/10.1111/jfd.12755,"Sambaqui, Santa Catarina",Brazil,"27°75′S, 48°57′W",NA,"-27.492213, -48.530338",-27.492213,-48.530338,Crassostrea brasiliana,,Other oyster,OsHV-1,2014,Field,Web of Science,,
43,Mello et al. 2018,Mello,2018,First evidence of viral and bacterial oyster pathogens in the Brazilian coast,https://onlinelibrary.wiley.com/doi/10.1111/jfd.12755,"Balneário Barra do Sul, Santa Catarina",Brazil,"26°32′S, 48°66′W",NA,"-27.492213, -48.530338",-27.492213,-48.530338,Crassostrea brasiliana,,Other oyster,OsHV-1,2013,Field,Web of Science,,
43,Mello et al. 2018,Mello,2018,First evidence of viral and bacterial oyster pathogens in the Brazilian coast,https://onlinelibrary.wiley.com/doi/10.1111/jfd.12755,"Balneário Barra do Sul, Santa Catarina",Brazil,"26°32′S, 48°66′W",NA,"-27.492213, -48.530338",-27.492213,-48.530338,Crassostrea brasiliana,,Other oyster,OsHV-1,2014,Field,Web of Science,https://www.vercalendario.info/en/how/convert-latitude-longitude-degrees-decimals.html,
43,Mello et al. 2018,Mello,2018,First evidence of viral and bacterial oyster pathogens in the Brazilian coast,https://onlinelibrary.wiley.com/doi/10.1111/jfd.12755,"Sambaqui, Santa Catarina",Brazil,"27°75′S, 48°57′W",NA,"-27.492213, -48.530338",-27.492213,-48.530338,Magallana gigas,,Pacific Oyster,OsHV-1,2013,Field,Web of Science,https://www.vercalendario.info/en/how/convert-latitude-longitude-degrees-decimals.html,
43,Mello et al. 2018,Mello,2018,First evidence of viral and bacterial oyster pathogens in the Brazilian coast,https://onlinelibrary.wiley.com/doi/10.1111/jfd.12755,"Sambaqui, Santa Catarina",Brazil,"27°75′S, 48°57′W",NA,"-27.492213, -48.530338",-27.492213,-48.530338,Magallana gigas,,Pacific Oyster,OsHV-1,2014,Field,Web of Science,,
43,Mello et al. 2018,Mello,2018,First evidence of viral and bacterial oyster pathogens in the Brazilian coast,https://onlinelibrary.wiley.com/doi/10.1111/jfd.12755,"Balneário Barra do Sul, Santa Catarina",Brazil,"26°32′S, 48°66′W",NA,"-27.492213, -48.530338",-27.492213,-48.530338,Magallana gigas,,Pacific Oyster,OsHV-1,2013,Field,Web of Science,https://www.vercalendario.info/en/how/convert-latitude-longitude-degrees-decimals.html,
43,Mello et al. 2018,Mello,2018,First evidence of viral and bacterial oyster pathogens in the Brazilian coast,https://onlinelibrary.wiley.com/doi/10.1111/jfd.12755,"Balneário Barra do Sul, Santa Catarina",Brazil,"26°32′S, 48°66′W",NA,"-27.492213, -48.530338",-27.492213,-48.530338,Magallana gigas,,Pacific Oyster,OsHV-1,2014,Field,Web of Science,,
44,Domeneghetti et al. 2014,Domeneghetti,2014,"Mortality occurrence and pathogen detection in Crassostrea gigas and Mytilus galloprovincialis close-growing in shallow waters (Goro lagoon, Italy)",https://www.sciencedirect.com/science/article/abs/pii/S1050464814001727?via%3Dihub,"Po river delta, Sacca di Goro",Italy,"44° 48.728N, 12°17.905E",NA,"44.812151, 12.298466",44.812151,12.298466,Mytilus galloprovincialis,,Mussel,OsHV-1 μVar,2011,Field,Snowball,,
45,Ren et al. 2013,Ren ,2013,"Complete genome sequence of acute viral necrosis virus associated with massive mortality outbreaks in the Chinese scallop, Chlamys farreri",https://virologyj.biomedcentral.com/articles/10.1186/1743-422X-10-110,Qingdao,China,NA,"36.059298, 120.384721

","36.059298, 120.384721

",36.059298,120.384721,Chlamys farreri,,Scallop,AVNV,2007,Field,Snowball,,
46,Gao et al. 2018,Gao,2018,Real-time quantitative isothermal detection of Ostreid herpesvirus-1 DNA in Scapharca subcrenata using recombinase polymerase amplification,https://www.sciencedirect.com/science/article/pii/S0166093417307577?casa_token=6sAbE2BQTr8AAAAA:IJEZyboQVPTKy6Ql4HtvBepn9L8VMWhOBvkw4t35Xrb_xclCDSDM8_0iqNrSq4g9fT5ZPIYtW90,"Dongshan Pier, Guangdong Province",China,NA,"23.678811, 117.413670

","23.678811, 117.413670

",23.678811,117.41367,Scapharca subcrenata,,Clam,OsHV-1,2017,Field,Web of Science,,
47,Bookelaar et al. 2020,Bookelaar,2020,Host plasticity supports spread of an aquaculture introduced virus to an ecosystem engineer,https://parasitesandvectors.biomedcentral.com/articles/10.1186/s13071-020-04373-y,Dungarvan,Ireland,"52.0704°N, 7.5939°W","52.070400, -7.593900","52.070400, -7.593900",52.0704,-7.5939,Cerastoderma edule,,Cockle,OsHV-1 μVar,2015,Field,Web of Science,,KU861511.1
47,Bookelaar et al. 2020,Bookelaar,2020,Host plasticity supports spread of an aquaculture introduced virus to an ecosystem engineer,https://parasitesandvectors.biomedcentral.com/articles/10.1186/s13071-020-04373-y,Carlingford,Ireland,"54.0733°N, 6.1994°W","54.073300, -6.199400","54.073300, -6.199400",54.0733,-6.1994,Cerastoderma edule,,Cockle,OsHV-1 μVar,2015,Field,Web of Science,,KU861511.1
48,Burge et al. 2011,Burge,2011,"Detection of the oyster herpesvirus in commercial bivalve in northern California, USA: conventional and quantitative PCR",https://www.int-res.com/abstracts/dao/v94/n2/p107-116/,"Tomales Bay, California",USA,NA,"38.210853, -122.932268","38.210853, -122.932268",38.210853,-122.932268,Crassostrea sikamea,Kumamoto oyster,Other oyster,OsHV,2003,Field,Web of Science,,
48,Burge et al. 2011,Burge,2011,"Detection of the oyster herpesvirus in commercial bivalve in northern California, USA: conventional and quantitative PCR",https://www.int-res.com/abstracts/dao/v94/n2/p107-116/,"Tomales Bay, California",USA,NA,"38.210853, -122.932268","38.210853, -122.932268",38.210853,-122.932268,Crassostrea virginica,Eastern oyster,Other oyster,OsHV,2003,Field,Web of Science,,
48,Burge et al. 2011,Burge,2011,"Detection of the oyster herpesvirus in commercial bivalve in northern California, USA: conventional and quantitative PCR",https://www.int-res.com/abstracts/dao/v94/n2/p107-116/,"Tomales Bay, California",USA,NA,"38.210853, -122.932268","38.210853, -122.932268",38.210853,-122.932268,Mytilus galloprovincialis,Mediterranean Mussel,Mussel,OsHV,2003,Field,Web of Science,,
48,Burge et al. 2011,Burge,2011,"Detection of the oyster herpesvirus in commercial bivalve in northern California, USA: conventional and quantitative PCR",https://www.int-res.com/abstracts/dao/v94/n2/p107-116/,"Tomales Bay, California",USA,NA,"38.210853, -122.932268","38.210853, -122.932268",38.210853,-122.932268,Ostrea edulis,European flat oyster,Other oyster,OsHV,2003,Field,Web of Science,,
48,Burge et al. 2011,Burge,2011,"Detection of the oyster herpesvirus in commercial bivalve in northern California, USA: conventional and quantitative PCR",https://www.int-res.com/abstracts/dao/v94/n2/p107-116/,"Tomales Bay, California",USA,NA,"38.210853, -122.932268","38.210853, -122.932268",38.210853,-122.932268,Venerupis phillipinarum,Manila clam,Clam,OsHV,2003,Field,Web of Science,,
49,Bai et al. 2017,Bai,2017,Experimental infection of adult Scapharca broughtonii with Ostreid herpesvirus SB strain,https://www.sciencedirect.com/science/article/pii/S0022201116302348?via%3Dihub,"Chengshantou area, Shandong Province",China,NA,"37.391497, 122.703273","37.391497, 122.703273",37.391497,122.703273,Scapharca broughtonii,Ark Clam,Clam,OsHV-1,NA,Lab,Web of Science,OsHV-1 SB,
50,Morga et al. 2021,Morga,2021,Genomic Diversity of the Ostreid Herpesvirus Type 1 Across Time and Location and Among Host Species,https://www.frontiersin.org/articles/10.3389/fmicb.2021.711377/full,NA,Sweden,NA,"62.319441, 17.540644","62.319441, 17.540644",62.319441,17.540644,Ostrea edulis,,Other oyster,OsHV-1,2012,Field,Web of Science,Collected during mortality outbreaks,
51,Xin et al. 2019,Xin,2019,"OsHV-1 infection leads to mollusc tissue lesion and iron redistribution, revealing a strategy of iron limitation against pathogen",https://academic.oup.com/metallomics/article/11/4/822/5952389,Qingdao,China,"36°50′ N, 120°96′ E","36.79278, 120.89083","36.79278, 120.89083",36.79278,"36.79278, 120.89083",Scapharca broughtonii,Ark Clam,Clam,OsHV-1,NA,Lab,Web of Science,,
52,Chen et al. 2013,Chen,2013,A preliminary study of differentially expressed genes of the scallop Chlamys farreri against acute viral necrobiotic virus (AVNV),https://www.sciencedirect.com/science/article/pii/S1050464813000910?via%3Dihub,"Weihai, Shandong",China,NA,"37.510880, 122.139127","37.510880, 122.139127",37.51088,122.139127,Chlamys farreri,,Scallop,AVNV,NA,Lab,Web of Science,,
53,Chen et al. 2011,Chen,2011,Haemocyte protein expression profiling of scallop Chlamys farreri response to acute viral necrosis virus (AVNV) infection,https://www.sciencedirect.com/science/article/pii/S0145305X11000942?via%3Dihub,"Yantai, Shandong",China,NA,"37.604696, 121.350849","37.604696, 121.350849",37.604696,121.350849,Chlamys farreri,,Scallop,AVNV,NA,Lab,Web of Science,,
54,Sanmartin et al. 2016,Sanmartin,2016,"Experimental infection of European flat oyster Ostrea edulis with ostreid herpesvirus 1 microvar (OsHV-1 μVar): Mortality, viral load and detection of viral transcripts by in situ hybridization",https://www.sciencedirect.com/science/article/pii/S0168170216300739?via%3Dihub,Experimental Shellfish Hatchery of Tavira (ESHT) of IPMA,Portugal,NA,"37.103300, -7.627847","37.103300, -7.627847",37.1033,-7.627847,Ostrea edulis,,Other oyster,OsHV-1 μVar,2014,Lab,Web of Science,,
55,Huang et al. 2022,Huang,2022,"Iron Regulatory Protein 1 Inhibits Ferritin Translation Responding to OsHV-1 Infection in Ark Clams, Scapharca Broughtonii",https://www.mdpi.com/2073-4409/11/6/982,"Rizhao, Shandong",China,NA,"35.405295, 119.569974","35.405295, 119.569974",35.405295,119.569974,Scapharca broughtonii,Ark Clam,Clam,OsHV-1,NA,Lab,Web of Science,,
56,Battistini et al. 2020,Battistini,2020,"Microbiological and Histological Analysis for the Evaluation of Farmed Mussels (Mytilus galloprovincialis) Health Status, in Coastal Areas of Italy",https://www.mdpi.com/2076-0817/9/5/395,"IWS, Gulf of La Spezia",Italy,NA,"44.072218, 9.855709","44.072218, 9.855709",44.072218,9.855709,Mytilus galloprovincialis,Mediterranean Mussel,Mussel,OsHV-1,2017,Field,Web of Science,,
56,Battistini et al. 2020,Battistini,2020,"Microbiological and Histological Analysis for the Evaluation of Farmed Mussels (Mytilus galloprovincialis) Health Status, in Coastal Areas of Italy",https://www.mdpi.com/2076-0817/9/5/395,"PV, Gulf of La Spezia",Italy,NA,"44.054023, 9.842257","44.054023, 9.842257",44.054023,9.842257,Mytilus galloprovincialis,Mediterranean Mussel,Mussel,OsHV-1,2016,Field,Web of Science,,
56,Battistini et al. 2020,Battistini,2020,"Microbiological and Histological Analysis for the Evaluation of Farmed Mussels (Mytilus galloprovincialis) Health Status, in Coastal Areas of Italy",https://www.mdpi.com/2076-0817/9/5/395,"PV, Gulf of La Spezia",Italy,NA,"44.054023, 9.842257","44.054023, 9.842257",44.054023,9.842257,Mytilus galloprovincialis,Mediterranean Mussel,Mussel,OsHV-1,2017,Field,Web of Science,,
57,Pernet et al. 2021,Pernet,2021,Competition for food reduces disease susceptibility in a marine invertebrate,https://esajournals.onlinelibrary.wiley.com/doi/10.1002/ecs2.3435,Oyster Farm near Anse du Roz,France,"48°20′06.19″ N, 4°19′06.37″ W","48.325176, -4.317438","48.325176, -4.317438",48.325176,-4.317438,Mytilus spp.,,Mussel,OsHV-1,2017,Lab,Web of Science,,
57,Pernet et al. 2021,Pernet,2021,Competition for food reduces disease susceptibility in a marine invertebrate,https://esajournals.onlinelibrary.wiley.com/doi/10.1002/ecs2.3435,Anse du Roz,France,"48°19′547″ N, 4°19′841″ W","48.324605, -4.322631","48.324605, -4.322631",48.324605,-4.322631,Ostrea edulis,,Other oyster,OsHV-1,2017,Lab,Web of Science,,
58,Chen et al. 2014,Chen,2014,Bioinformatics analysis of hemocyte miRNAs of scallop Chlamys farreri against acute viral necrobiotic virus (AVNV),https://www.sciencedirect.com/science/article/pii/S1050464814000035?via%3Dihub,"Weihai, Shandong Province",China,NA,"37.510880, 122.139127","37.510880, 122.139127",37.51088,122.139127,Chlamys farreri,,Scallop,AVNV,NA,Lab,Web of Science,,
59,Tang et al. 2010,Tang,2010,Physiological and immune responses of zhikong scallop Chlamys farreri to the acute viral necrobiotic virus infection,https://www.sciencedirect.com/science/article/pii/S1050464810000690?via%3Dihub,"Jiaozhou Bay in Qingdao, Shandong Province",China,NA,"37.264727, 119.380916","37.264727, 119.380916",37.264727,119.380916,Chlamys farreri,,Scallop,AVNV,2007,Lab,Web of Science,,
60,Vanhuysse et al. 2021,Vanhuysse,2021,Changes in benthic macrofauna in oyster parks during an OsHV-1 μVar oyster spat mortality outbreak,https://www.sciencedirect.com/science/article/pii/S0025326X21002733?via%3Dihub,"Bay des Veys, Normandy ",France,49°22′53.2″ N; 001°05′44.2″ W ,"49.386373, -1.130040","49.386373, -1.130040",49.386373,-1.13004,Balanus spp.,,Barnacle,OsHV-1 μVar,2017,Field,Web of Science,,
60,Vanhuysse et al. 2021,Vanhuysse,2021,Changes in benthic macrofauna in oyster parks during an OsHV-1 μVar oyster spat mortality outbreak,https://www.sciencedirect.com/science/article/pii/S0025326X21002733?via%3Dihub,"Bay des Veys, Normandy ",France,49°22′53.2″ N; 001°05′44.2″ W ,"49.386373, -1.130040","49.386373, -1.130040",49.386373,-1.13004,Carcinus maenas,,Crab,OsHV-1 μVar,2017,Field,Web of Science,,
60,Vanhuysse et al. 2021,Vanhuysse,2021,Changes in benthic macrofauna in oyster parks during an OsHV-1 μVar oyster spat mortality outbreak,https://www.sciencedirect.com/science/article/pii/S0025326X21002733?via%3Dihub,"Bay des Veys, Normandy ",France,49°22′53.2″ N; 001°05′44.2″ W ,"49.386373, -1.130040","49.386373, -1.130040",49.386373,-1.13004,Gammarus obtusatus,,Amphipod,OsHV-1 μVar,2017,Field,Web of Science,,
60,Vanhuysse et al. 2021,Vanhuysse,2021,Changes in benthic macrofauna in oyster parks during an OsHV-1 μVar oyster spat mortality outbreak,https://www.sciencedirect.com/science/article/pii/S0025326X21002733?via%3Dihub,"Bay des Veys, Normandy ",France,49°22′53.2″ N; 001°05′44.2″ W ,"49.386373, -1.130040","49.386373, -1.130040",49.386373,-1.13004,Littorina littorea,,Gastropod,OsHV-1 μVar,2017,Field,Web of Science,,
60,Vanhuysse et al. 2021,Vanhuysse,2021,Changes in benthic macrofauna in oyster parks during an OsHV-1 μVar oyster spat mortality outbreak,https://www.sciencedirect.com/science/article/pii/S0025326X21002733?via%3Dihub,"Bay des Veys, Normandy ",France,49°22′53.2″ N; 001°05′44.2″ W ,"49.386373, -1.130040","49.386373, -1.130040",49.386373,-1.13004,Mytilus edulis,,Mussel,OsHV-1 μVar,2017,Field,Web of Science,,
60,Vanhuysse et al. 2021,Vanhuysse,2021,Changes in benthic macrofauna in oyster parks during an OsHV-1 μVar oyster spat mortality outbreak,https://www.sciencedirect.com/science/article/pii/S0025326X21002733?via%3Dihub,"Bay des Veys, Normandy ",France,49°22′53.2″ N; 001°05′44.2″ W ,"49.386373, -1.130040","49.386373, -1.130040",49.386373,-1.13004,Scoloplos armiger,,Annelid,OsHV-1 μVar,2017,Field,Web of Science,,
61,Batista et al. 2014,Batista,2014,"Insights on the association between somatic aneuploidy and ostreid herpesvirus 1 detection in the oysters Crassostrea gigas, C. angulata and their F1 hybrids",https://onlinelibrary.wiley.com/doi/10.1111/are.12613,Ria Formosa,Portugal,NA,"37.121704, -7.620029","37.121704, -7.620029",37.121704,-7.620029,Crassostrea angulata,,Other oyster,OsHV-1,2004,Field,Web of Science,,
61,Batista et al. 2014,Batista,2014,"Insights on the association between somatic aneuploidy and ostreid herpesvirus 1 detection in the oysters Crassostrea gigas, C. angulata and their F1 hybrids",https://onlinelibrary.wiley.com/doi/10.1111/are.12613,Ria Formosa,Portugal,NA,"37.121704, -7.620029","37.121704, -7.620029",37.121704,-7.620029,Crassostrea angulata x Crassostrea gigas hybrid,,Other oyster,OsHV-1,2004,Field,Web of Science,,
62,Xin et al. 2020,Xin,2020,"Influence of temperature on the pathogenicity of Ostreid herpesvirus-1 in ark clam, Scapharca broughtonii",https://www.sciencedirect.com/science/article/pii/S0022201118303707?via%3Dihub,"Jimo, Qingdao",China,NA,"36.409390, 120.735734","36.409390, 120.735734",36.40939,120.735734,Scapharca broughtonii,Ark Clam,Clam,OsHV-1,NA,Lab,Web of Science,,
63,Cochennec-Laureau et al. 2011,Cochennec-Laureau,2011,"Les surmortalités des naissains d’huîtres creuses, Crassostrea gigas : acquis des recherches en 2010",https://archimer.ifremer.fr/doc/00033/14423/11719.pdf,NA,France,NA,"49.717346, -1.907873","49.717346, -1.907873",49.717346,-1.907873,Donax trunculus,Wedge clam,Clam,OsHV-1 μVar,2010,Field,Web of Science,,
63,Cochennec-Laureau et al. 2011,Cochennec-Laureau,2011,"Les surmortalités des naissains d’huîtres creuses, Crassostrea gigas : acquis des recherches en 2010",https://archimer.ifremer.fr/doc/00033/14423/11719.pdf,NA,France,NA,"49.717346, -1.907873","49.717346, -1.907873",49.717346,-1.907873,Mytilus edulis,,Mussel,OsHV-1 μVar,2010,Field,Web of Science,,
63,Cochennec-Laureau et al. 2011,Cochennec-Laureau,2011,"Les surmortalités des naissains d’huîtres creuses, Crassostrea gigas : acquis des recherches en 2010",https://archimer.ifremer.fr/doc/00033/14423/11719.pdf,NA,France,NA,"49.717346, -1.907873","49.717346, -1.907873",49.717346,-1.907873,Mytilus galloprovincialis,,Mussel,OsHV-1 μVar,2010,Field,Web of Science,,
64,Batista et al. 2014,Batista,2014,"Insights on the association between somatic aneuploidy and ostreid herpesvirus 1 detection in the oysters Crassostrea gigas, C. angulata and their F1 hybrids",https://onlinelibrary.wiley.com/doi/10.1111/are.12613,Ria Formosa,Portugal,NA,"37.121704, -7.620029","37.121704, -7.620029",37.121704,-7.620029,Crassostrea angulata x Crassostrea gigas hybrid,OsHV-1,Other oyster,OsHV-1,2004,Field,Web of Science,,
35,Ugalde et al. 2018,Ugalde et al. 2018,2018,"Analysis of farm management strategies following herpesvirus (OsHV-1) disease outbreaks in Pacific oysters in Tasmania, Australia",https://www.sciencedirect.com/science/article/pii/S0044848618304484,"Little Swanport, Tasmania",Australia,"−42.340497, 147.937958",NA,"−42.340497, 147.937958",-42.340497,147.937958,Magallana gigas,,Pacific Oyster,OsHV-1 μVar ,2017,Field,Snowball,,NA
35,Ugalde et al. 2018,Ugalde et al. 2018,2018,"Analysis of farm management strategies following herpesvirus (OsHV-1) disease outbreaks in Pacific oysters in Tasmania, Australia",https://www.sciencedirect.com/science/article/pii/S0044848618304484,"Blackman Bay, Tasmania",Australia,"−42.854509, 147.831351",NA,"−42.854509, 147.831351",-42.854509,147.831351,Magallana gigas,,Pacific Oyster,OsHV-1 μVar ,2017,Field,Snowball,,NA
35,Ugalde et al. 2018,Ugalde et al. 2018,2018,"Analysis of farm management strategies following herpesvirus (OsHV-1) disease outbreaks in Pacific oysters in Tasmania, Australia",https://www.sciencedirect.com/science/article/pii/S0044848618304484,"Pitt Water, Tasmania",Australia,"−42.80806, 147.494742",NA,"−42.80806, 147.494742",-42.80806,147.494742,Magallana gigas,,Pacific Oyster,OsHV-1 μVar ,2017,Field,Snowball,,NA
35,Ugalde et al. 2018,Ugalde et al. 2018,2018,"Analysis of farm management strategies following herpesvirus (OsHV-1) disease outbreaks in Pacific oysters in Tasmania, Australia",https://www.sciencedirect.com/science/article/pii/S0044848618304484,"Pipeclay Lagoon, Tasmania",Australia,"−42.969895, 147.524052",NA,"−42.969895, 147.524052",-42.969895,147.524052,Magallana gigas,,Pacific Oyster,OsHV-1 μVar ,2017,Field,Snowball,,NA
36,Prado-Alvarez et al. 2015,Prado-Alvarez et al. 2015,2015,Occurrence of OsHV-1 in Crassostrea gigas Cultured in Ireland during an Exceptionally Warm Summer. Selection of Less Susceptible Oysters,https://www.ncbi.nlm.nih.gov/pmc/articles/PMC5099240/,East Coast,Ireland,NA,"54.000245, -6.199476","54.000245, -6.199476",54.000245,-6.199476,Magallana gigas,,Pacific Oyster,OsHV-1 μVar,2012,Field,Web of Science,"Site B, approx.",
36,Prado-Alvarez et al. 2015,Prado-Alvarez et al. 2015,2015,Occurrence of OsHV-1 in Crassostrea gigas Cultured in Ireland during an Exceptionally Warm Summer. Selection of Less Susceptible Oysters,https://www.ncbi.nlm.nih.gov/pmc/articles/PMC5099240/,East Coast,Ireland,NA,"52.081455, -7.580300","52.081455, -7.580300",52.081455,-7.5803,Magallana gigas,,Pacific Oyster,OsHV-1 μVar,2012,Field,Web of Science,"Site C, approx.",
37,Vásquez-Yeomans et al. 2010,Vásquez-Yeomans et al. 2010,2010,"Gill erosion and herpesvirus in Crassostrea gigas cultured in Baja California, Mexico
",https://www.int-res.com/articles/dao2010/89/d089p137.pdf,"Bahía de San Quintín, Baja California",Mexico,"30° 24’ to 30° 30’ N, 115° 57’ to 116° 01’ W",NA,"30.433320, -115.966632",30.43332,-115.966632,Magallana gigas,,Pacific Oyster,OsHV-1 μVar,2000,Field,Snowball,,
39,Xia et al. 2015,Xia et al. 2015,2015,Complete genome sequence of Ostreid herpesvirus-1 associated with mortalities of Scapharca broughtonii broodstocks,https://virologyj.biomedcentral.com/articles/10.1186/s12985-015-0334-0,Changdao,China,NA,"37.852516, 120.824291","37.852516, 120.824291",37.852516,120.824291,Magallana gigas,,Pacific Oyster,OsHV-1 μVar,2012,Field,Snowball,,KP412538
38,Kim et al. 2019,Kim et al. 2019,2019,Mass mortality in Korean bay scallop (Argopecten irradians) associated with Ostreid Herpesvirus-1 μVar,https://pubmed.ncbi.nlm.nih.gov/30972971/,South Coast,Korea,NA,"35.013575, 128.538183

","35.013575, 128.538183

",35.013575,128.538183,Magallana gigas,,Pacific Oyster,OsHV-1 μVar,2017,Field,Snowball,,"MK569378, MK569379 and MK591136"
38,Kim et al. 2019,Kim et al. 2019,2019,Mass mortality in Korean bay scallop (Argopecten irradians) associated with Ostreid Herpesvirus-1 μVar,https://pubmed.ncbi.nlm.nih.gov/30972971/,South Coast,Korea,NA,"35.013575, 128.538183

","35.013575, 128.538183

",35.013575,128.538183,Magallana gigas,,Pacific Oyster,OsHV-1 μVar,2018,Field,Snowball,,"MK569378, MK569379 and MK591136"
40,Jee et al. 2013,Jee et al. 2013,2013,Detection of Ostreid Herpesvirus 1 from adult Pacific Oysters Crassostrea gigas Cultured in Korea,http://koreascience.or.kr/article/JAKO201319947249778.page,Tongyeong Bay,Korea,NA,"34.830227, 128.434548

","34.830227, 128.434548

",34.830227,128.434548,Magallana gigas,,Pacific Oyster,OsHV-1 μVar,2012,Field,Snowball,,
41,Shimahara et al. 2012,Shimahara et al. 2012,2012,Surveillance of Type 1 Ostreid Herpesvirus (OsHV-1) Variants in Japan,https://www.jstage.jst.go.jp/article/jsfp/47/4/47_129/_article,Mie Prefecture,Japan,NA,"34.387551, 136.965868","34.387551, 136.965868",34.387551,136.965868,Magallana gigas,,Pacific Oyster,OsHV-1 μVar,2011,Field,Snowball,,
41,Shimahara et al. 2012,Shimahara et al. 2012,2012,Surveillance of Type 1 Ostreid Herpesvirus (OsHV-1) Variants in Japan,https://www.jstage.jst.go.jp/article/jsfp/47/4/47_129/_article,Hiroshima Prefecture,Japan,NA,"34.143747, 132.695714","34.143747, 132.695714",34.143747,132.695714,Magallana gigas,,Pacific Oyster,OsHV-1 μVar,2011,Field,Snowball,,
41,Shimahara et al. 2012,Shimahara et al. 2012,2012,Surveillance of Type 1 Ostreid Herpesvirus (OsHV-1) Variants in Japan,https://www.jstage.jst.go.jp/article/jsfp/47/4/47_129/_article,Miyagi Prefecture,Japan,NA,"38.246616, 141.143571","38.246616, 141.143571",38.246616,141.143571,Magallana gigas,,Pacific Oyster,OsHV-1 μVar,2011,Field,Snowball,,
41,Shimahara et al. 2012,Shimahara et al. 2012,2012,Surveillance of Type 1 Ostreid Herpesvirus (OsHV-1) Variants in Japan,https://www.jstage.jst.go.jp/article/jsfp/47/4/47_129/_article,Mie Prefecture,Japan,NA,"34.387551, 136.965868","34.387551, 136.965868",34.387551,136.965868,Magallana gigas,,Pacific Oyster,OsHV-1 μVar,2007,Field,Snowball,,
41,Shimahara et al. 2012,Shimahara et al. 2012,2012,Surveillance of Type 1 Ostreid Herpesvirus (OsHV-1) Variants in Japan,https://www.jstage.jst.go.jp/article/jsfp/47/4/47_129/_article,Hiroshima Prefecture,Japan,NA,"34.143747, 132.695714","34.143747, 132.695714",34.143747,132.695714,Magallana gigas,,Pacific Oyster,OsHV-1 μVar,2007,Field,Snowball,,
41,Shimahara et al. 2012,Shimahara et al. 2012,2012,Surveillance of Type 1 Ostreid Herpesvirus (OsHV-1) Variants in Japan,https://www.jstage.jst.go.jp/article/jsfp/47/4/47_129/_article,Miyagi Prefecture,Japan,NA,"38.246616, 141.143571","38.246616, 141.143571",38.246616,141.143571,Magallana gigas,,Pacific Oyster,OsHV-1 μVar,2007,Field,Snowball,,
41,Shimahara et al. 2012,Shimahara et al. 2012,2012,Surveillance of Type 1 Ostreid Herpesvirus (OsHV-1) Variants in Japan,https://www.jstage.jst.go.jp/article/jsfp/47/4/47_129/_article,Kumamoto,Japan,NA,"32.785682, 130.588925

","32.785682, 130.588925

",32.785682,130.588925,Magallana gigas,,Pacific Oyster,OsHV-1 μVar,2007,Field,Snowball,,
41,Shimahara et al. 2012,Shimahara et al. 2012,2012,Surveillance of Type 1 Ostreid Herpesvirus (OsHV-1) Variants in Japan,https://www.jstage.jst.go.jp/article/jsfp/47/4/47_129/_article,Kumamoto,Japan,NA,"32.785682, 130.588925

","32.785682, 130.588925

",32.785682,130.588925,Magallana gigas,,Pacific Oyster,OsHV-1 μVar,2007,Field,Snowball,,
42,Martenot et al. 2015,Martenot et al. 2015,2015,"Detection of undescribed ostreid herpesvirus 1 (OsHV-1) specimens from Pacific oyster, Crassostrea gigas",https://www.sciencedirect.com/science/article/pii/S0022201115300252,Charente-Maritime,France,NA,"45.948768, -1.094332","45.948768, -1.094332",45.948768,-1.094332,Magallana gigas,,Pacific Oyster,OsHV-1 μVar,2012,Field,Snowball,,
42,Martenot et al. 2015,Martenot et al. 2015,2015,"Detection of undescribed ostreid herpesvirus 1 (OsHV-1) specimens from Pacific oyster, Crassostrea gigas",https://www.sciencedirect.com/science/article/pii/S0022201115300252,Normandy,France,NA,"49.717346, -1.907873","49.717346, -1.907873",49.717346,-1.907873,Magallana gigas,,Pacific Oyster,OsHV-1 μVar,2012,Field,Snowball,,
42,Martenot et al. 2015,Martenot et al. 2015,2015,"Detection of undescribed ostreid herpesvirus 1 (OsHV-1) specimens from Pacific oyster, Crassostrea gigas",https://www.sciencedirect.com/science/article/pii/S0022201115300252,Brittany,France,NA,"48.605617, -2.647681","48.605617, -2.647681",48.605617,-2.647681,Magallana gigas,,Pacific Oyster,OsHV-1 μVar,2012,Field,Snowball,,
42,Martenot et al. 2015,Martenot et al. 2015,2015,"Detection of undescribed ostreid herpesvirus 1 (OsHV-1) specimens from Pacific oyster, Crassostrea gigas",https://www.sciencedirect.com/science/article/pii/S0022201115300252,Gironde,France,NA,"45.470914, -1.174064","45.470914, -1.174064",45.470914,-1.174064,Magallana gigas,,Pacific Oyster,OsHV-1 μVar,2012,Field,Snowball,,
42,Martenot et al. 2015,Martenot et al. 2015,2015,"Detection of undescribed ostreid herpesvirus 1 (OsHV-1) specimens from Pacific oyster, Crassostrea gigas",https://www.sciencedirect.com/science/article/pii/S0022201115300252,NA,Portugal,NA,"37.121704, -7.620029","37.121704, -7.620029",37.121704,-7.620029,Magallana gigas,,Pacific Oyster,OsHV-1 μVar,2012,Field,Snowball,,
42,Martenot et al. 2015,Martenot et al. 2015,2015,"Detection of undescribed ostreid herpesvirus 1 (OsHV-1) specimens from Pacific oyster, Crassostrea gigas",https://www.sciencedirect.com/science/article/pii/S0022201115300252,NA,Japan,NA,"32.785682, 130.588925

","32.785682, 130.588925

",32.785682,130.588925,Magallana gigas,,Pacific Oyster,OsHV-1 μVar,2012,Field,Snowball,,
42,Martenot et al. 2015,Martenot et al. 2015,2015,"Detection of undescribed ostreid herpesvirus 1 (OsHV-1) specimens from Pacific oyster, Crassostrea gigas",https://www.sciencedirect.com/science/article/pii/S0022201115300252,Normandy,France,NA,"49.717346, -1.907873","49.717346, -1.907873",49.717346,-1.907873,Magallana gigas,,Pacific Oyster,OsHV-1 μVar,2009,Field,Snowball,,
42,Martenot et al. 2015,Martenot et al. 2015,2015,"Detection of undescribed ostreid herpesvirus 1 (OsHV-1) specimens from Pacific oyster, Crassostrea gigas",https://www.sciencedirect.com/science/article/pii/S0022201115300252,Brittany,France,NA,"48.605617, -2.647681","48.605617, -2.647681",48.605617,-2.647681,Magallana gigas,,Pacific Oyster,OsHV-1 μVar,2010,Field,Snowball,,
42,Martenot et al. 2015,Martenot et al. 2015,2015,"Detection of undescribed ostreid herpesvirus 1 (OsHV-1) specimens from Pacific oyster, Crassostrea gigas",https://www.sciencedirect.com/science/article/pii/S0022201115300252,NA,Japan,NA,"32.785682, 130.588925

","32.785682, 130.588925

",32.785682,130.588925,Magallana gigas,,Pacific Oyster,OsHV-1 μVar,2011,Field,Snowball,,
42,Martenot et al. 2015,Martenot et al. 2015,2015,"Detection of undescribed ostreid herpesvirus 1 (OsHV-1) specimens from Pacific oyster, Crassostrea gigas",https://www.sciencedirect.com/science/article/pii/S0022201115300252,Normandy,France,NA,"49.717346, -1.907873","49.717346, -1.907873",49.717346,-1.907873,Magallana gigas,,Pacific Oyster,OsHV-1 μVar,2012,Field,Snowball,,
43,Dundon et al. 2011,Dundon et al. 2011,2011,Detection of Type 1 Ostreid Herpes variant (OsHV-1 μVar) with no associated mortality in French-origin Pacific cupped oyster Crassostrea gigas farmed in Italy,https://www.sciencedirect.com/science/article/pii/S0044848611001256,Marche,Italy,43°25′N 13°43′E,"43.416143, 13.718034","43.416143, 13.718034",43.416143,13.718034,Magallana gigas,,Pacific Oyster,OsHV-1 μVar,2010,Field,Snowball,,"HQ917018-HQ917032HQ917018, HQ917019, HQ917020, HQ917021, HQ917022, HQ917023, HQ917024, HQ917025, HQ917026, HQ917027, HQ917028, HQ917029, HQ917030, HQ917031, HQ917032"
43,Abbadi et al. 2018,Abbadi et al. 2018,2018,Identification of a newly described OsHV-1 μVar from the North Adriatic Sea (Italy),https://www.ncbi.nlm.nih.gov/pmc/articles/PMC5994699/,"Porto Tolle area, Po Delta basin, North Adriatic Sea",Italy,"44.961586, 12.471467","44.961586, 12.471467","44.961586, 12.471467",44.961586,12.471467,Magallana gigas,,Pacific Oyster,OsHV-1 μVar,2016,Field,Snowball,,
44,Batista et al. 2015,Batista et al. 2015,2015,Sequence variation in ostreid herpesvirus 1 microvar isolates detected in dying and asymptomatic Crassostrea angulata adults in the Iberian Peninsula: Insights into viral origin and spread,https://www.sciencedirect.com/science/article/pii/S0044848614004657?via%3Dihub,Ria Formosa,Portugal,NA,"37.121704, -7.620029","37.121704, -7.620029",37.121704,-7.620029,Magallana gigas,,Pacific Oyster,OsHV-1 μVar,2011,Field,Snowball,,"KM593669 (C2/C6), KM593672 (IA2/IA1), KM593675 (GP1/GP2), KM593678 (NC1/NC2)"
44,Batista et al. 2015,Batista et al. 2015,2015,Sequence variation in ostreid herpesvirus 1 microvar isolates detected in dying and asymptomatic Crassostrea angulata adults in the Iberian Peninsula: Insights into viral origin and spread,https://www.sciencedirect.com/science/article/pii/S0044848614004657?via%3Dihub,Ria Formosa,Portugal,NA,"37.121704, -7.620029","37.121704, -7.620029",37.121704,-7.620029,Magallana gigas,,Pacific Oyster,OsHV-1 μVar,2013,Field,Snowball,,"KM593670 (C2/C6), KM593673 (IA2/IA1), KM593676 (GP1, GP2), KM593679 (NC1/NC2)"
44,Batista et al. 2015,Batista et al. 2015,2015,Sequence variation in ostreid herpesvirus 1 microvar isolates detected in dying and asymptomatic Crassostrea angulata adults in the Iberian Peninsula: Insights into viral origin and spread,https://www.sciencedirect.com/science/article/pii/S0044848614004657?via%3Dihub,Carreras River,Spain,NA,"37.198015, -7.309393","37.198015, -7.309393",37.198015,-7.309393,Magallana gigas,,Pacific Oyster,OsHV-1 μVar,2013,Field,Snowball,,"KM593671 (C2/C6), KM593674 (IA2/IA1), KM593677 (GP1/GP2), KM593680 (NC1/NC2"
45,Hwang et al. 2013,Hwang et al. 2013,2013,Ostreid herpesvirus 1 infection in farmed Pacific oyster larvae Crassostrea gigas (Thunberg) in Korea,https://europepmc.org/article/MED/23957681,Toongyoung,Korea,NA,"34.851386, 128.451258

","34.851386, 128.451258

",34.851386,128.451258,Magallana gigas,,Pacific Oyster,OsHV-1 μVar ,2011,Field,Snowball,,"JQ959597, JQ959598"
45,Hwang et al. 2013,Hwang et al. 2013,2013,Ostreid herpesvirus 1 infection in farmed Pacific oyster larvae Crassostrea gigas (Thunberg) in Korea,https://europepmc.org/article/MED/23957681,Gaejae,Korea,NA,"34.853509, 128.479269

","34.853509, 128.479269

",34.853509,128.479269,Magallana gigas,,Pacific Oyster,OsHV-1 μVar ,2011,Field,Snowball,,"JQ959597, JQ959598"
46,Mortensen et al. 2016,Mortensen et al. 2016,2016,Summer mortalities and detection of ostreid herpesvirus microvariant in Pacific oyster Crassostrea gigas in Sweden and Norway,https://www.int-res.com/abstracts/dao/v117/n3/p171-176,Svallhagen,Sweden,"58.8684, 11.1555",NA,"58.8684, 11.1555",58.8684,11.1555,Magallana gigas,,Pacific Oyster,OsHV-1 μVar,2013,Field,Snowball,,
46,Mortensen et al. 2016,Mortensen et al. 2016,2016,Summer mortalities and detection of ostreid herpesvirus microvariant in Pacific oyster Crassostrea gigas in Sweden and Norway,https://www.int-res.com/abstracts/dao/v117/n3/p171-176,Koster,Sweden,"58.8967, 11.0491",NA,"58.8967, 11.0491",58.8967,11.0491,Magallana gigas,,Pacific Oyster,OsHV-1 μVar,2014,Field,Snowball,,
46,Mortensen et al. 2016,Mortensen et al. 2016,2016,Summer mortalities and detection of ostreid herpesvirus microvariant in Pacific oyster Crassostrea gigas in Sweden and Norway,https://www.int-res.com/abstracts/dao/v117/n3/p171-176,Trälsundet,Sweden,"58.9130, 11.1968",NA,"58.9130, 11.1968",58.913,11.1968,Magallana gigas,,Pacific Oyster,OsHV-1 μVar,2014,Field,Snowball,,
46,Mortensen et al. 2016,Mortensen et al. 2016,2016,Summer mortalities and detection of ostreid herpesvirus microvariant in Pacific oyster Crassostrea gigas in Sweden and Norway,https://www.int-res.com/abstracts/dao/v117/n3/p171-176,Saltösundet,Sweden,"58.8743, 11.1459",NA,"58.8743, 11.1459",58.8743,11.1459,Magallana gigas,,Pacific Oyster,OsHV-1 μVar,2014,Field,Snowball,,
46,Mortensen et al. 2016,Mortensen et al. 2016,2016,Summer mortalities and detection of ostreid herpesvirus microvariant in Pacific oyster Crassostrea gigas in Sweden and Norway,https://www.int-res.com/abstracts/dao/v117/n3/p171-176,Fjällbacka,Sweden,"58.5925, 11.2683",NA,"58.5925, 11.2683",58.5925,11.2683,Magallana gigas,,Pacific Oyster,OsHV-1 μVar,2014,Field,Snowball,,
46,Mortensen et al. 2016,Mortensen et al. 2016,2016,Summer mortalities and detection of ostreid herpesvirus microvariant in Pacific oyster Crassostrea gigas in Sweden and Norway,https://www.int-res.com/abstracts/dao/v117/n3/p171-176,Lysekil,Sweden,"58.3083, 11.4503",NA,"58.3083, 11.4503",58.3083,11.4503,Magallana gigas,,Pacific Oyster,OsHV-1 μVar,2014,Field,Snowball,,
46,Mortensen et al. 2016,Mortensen et al. 2016,2016,Summer mortalities and detection of ostreid herpesvirus microvariant in Pacific oyster Crassostrea gigas in Sweden and Norway,https://www.int-res.com/abstracts/dao/v117/n3/p171-176,Hui,Norway,"59.1260, 10.3656",NA,"59.1260, 10.3656",59.126,10.3656,Magallana gigas,,Pacific Oyster,OsHV-1 μVar,2010,Field,Snowball,,
46,Mortensen et al. 2016,Mortensen et al. 2016,2016,Summer mortalities and detection of ostreid herpesvirus microvariant in Pacific oyster Crassostrea gigas in Sweden and Norway,https://www.int-res.com/abstracts/dao/v117/n3/p171-176,Hui,Norway,"59.1260, 10.3656",NA,"59.1260, 10.3656",59.126,10.3656,Magallana gigas,,Pacific Oyster,OsHV-1 μVar,2014,Field,Snowball,,
46,Mortensen et al. 2016,Mortensen et al. 2016,2016,Summer mortalities and detection of ostreid herpesvirus microvariant in Pacific oyster Crassostrea gigas in Sweden and Norway,https://www.int-res.com/abstracts/dao/v117/n3/p171-176,Tvedestrand,Norway,"58.5893, 8.9411",NA,"58.5893, 8.9411",58.5893,8.9411,Magallana gigas,,Pacific Oyster,OsHV-1 μVar,2014,Field,Snowball,,
47,Roque et al. 2012,Roque et al. 2012,2012,First report of OsHV-1 microvar in Pacific oyster (Crassostrea gigas) cultured in Spain,https://www.sciencedirect.com/science/article/pii/S0044848611008295,Fangar,Spain,NA,"40.769765, 0.764042","40.769765, 0.764042",40.769765,0.764042,Magallana gigas,,Pacific Oyster,OsHV-1 μVar,2005,Field,Snowball,,"JN850960, JN850961, JN650962, JN650963, JN650964, JN650965, JN650966, JN650967, JN650968, JN650969, JN650970, JN650971, JN650972 and JN850973"
47,Roque et al. 2012,Roque et al. 2012,2012,First report of OsHV-1 microvar in Pacific oyster (Crassostrea gigas) cultured in Spain,https://www.sciencedirect.com/science/article/pii/S0044848611008295,Fangar,Spain,NA,"40.769765, 0.764042","40.769765, 0.764042",40.769765,0.764042,Magallana gigas,,Pacific Oyster,OsHV-1 μVar,2005,Field,Snowball,,"JN850960, JN850961, JN650962, JN650963, JN650964, JN650965, JN650966, JN650967, JN650968, JN650969, JN650970, JN650971, JN650972 and JN850973"
47,Roque et al. 2012,Roque et al. 2012,2012,First report of OsHV-1 microvar in Pacific oyster (Crassostrea gigas) cultured in Spain,https://www.sciencedirect.com/science/article/pii/S0044848611008295,Fangar,Spain,NA,"40.769765, 0.764042","40.769765, 0.764042",40.769765,0.764042,Magallana gigas,,Pacific Oyster,OsHV-1 μVar,2008,Field,Snowball,,"JN850960, JN850961, JN650962, JN650963, JN650964, JN650965, JN650966, JN650967, JN650968, JN650969, JN650970, JN650971, JN650972 and JN850973"
47,Roque et al. 2012,Roque et al. 2012,2012,First report of OsHV-1 microvar in Pacific oyster (Crassostrea gigas) cultured in Spain,https://www.sciencedirect.com/science/article/pii/S0044848611008295,Fangar,Spain,NA,"40.769765, 0.764042","40.769765, 0.764042",40.769765,0.764042,Magallana gigas,,Pacific Oyster,OsHV-1 μVar,2008,Field,Snowball,,"JN850960, JN850961, JN650962, JN650963, JN650964, JN650965, JN650966, JN650967, JN650968, JN650969, JN650970, JN650971, JN650972 and JN850973"
47,Roque et al. 2012,Roque et al. 2012,2012,First report of OsHV-1 microvar in Pacific oyster (Crassostrea gigas) cultured in Spain,https://www.sciencedirect.com/science/article/pii/S0044848611008295,Fangar,Spain,NA,"40.769765, 0.764042","40.769765, 0.764042",40.769765,0.764042,Magallana gigas,,Pacific Oyster,OsHV-1 μVar,2009,Field,Snowball,,"JN850960, JN850961, JN650962, JN650963, JN650964, JN650965, JN650966, JN650967, JN650968, JN650969, JN650970, JN650971, JN650972 and JN850973"
47,Roque et al. 2012,Roque et al. 2012,2012,First report of OsHV-1 microvar in Pacific oyster (Crassostrea gigas) cultured in Spain,https://www.sciencedirect.com/science/article/pii/S0044848611008295,Fangar,Spain,NA,"40.769765, 0.764042","40.769765, 0.764042",40.769765,0.764042,Magallana gigas,,Pacific Oyster,OsHV-1 μVar,2009,Field,Snowball,,"JN850960, JN850961, JN650962, JN650963, JN650964, JN650965, JN650966, JN650967, JN650968, JN650969, JN650970, JN650971, JN650972 and JN850973"
47,Roque et al. 2012,Roque et al. 2012,2012,First report of OsHV-1 microvar in Pacific oyster (Crassostrea gigas) cultured in Spain,https://www.sciencedirect.com/science/article/pii/S0044848611008295,Alfacs,Spain,NA,"40.594750, 0.600054","40.594750, 0.600054",40.59475,0.600054,Magallana gigas,,Pacific Oyster,OsHV-1 μVar,2009,Field,Snowball,,"JN850960, JN850961, JN650962, JN650963, JN650964, JN650965, JN650966, JN650967, JN650968, JN650969, JN650970, JN650971, JN650972 and JN850973"
47,Roque et al. 2012,Roque et al. 2012,2012,First report of OsHV-1 microvar in Pacific oyster (Crassostrea gigas) cultured in Spain,https://www.sciencedirect.com/science/article/pii/S0044848611008295,Alfacs,Spain,NA,"40.594750, 0.600054","40.594750, 0.600054",40.59475,0.600054,Magallana gigas,,Pacific Oyster,OsHV-1 μVar,2009,Field,Snowball,,"JN850960, JN850961, JN650962, JN650963, JN650964, JN650965, JN650966, JN650967, JN650968, JN650969, JN650970, JN650971, JN650972 and JN850973"
47,Roque et al. 2012,Roque et al. 2012,2012,First report of OsHV-1 microvar in Pacific oyster (Crassostrea gigas) cultured in Spain,https://www.sciencedirect.com/science/article/pii/S0044848611008295,Fangar,Spain,NA,"40.769765, 0.764042","40.769765, 0.764042",40.769765,0.764042,Magallana gigas,,Pacific Oyster,OsHV-1 μVar,2010,Field,Snowball,,"JN850960, JN850961, JN650962, JN650963, JN650964, JN650965, JN650966, JN650967, JN650968, JN650969, JN650970, JN650971, JN650972 and JN850973"
48,Domeneghetti et al. 2014,Domeneghetti et al. 2014,2014,"Mortality occurrence and pathogen detection in Crassostrea gigas and Mytilus galloprovincialis close-growing in shallow waters (Goro lagoon, Italy)",https://www.sciencedirect.com/science/article/abs/pii/S1050464814001727?via%3Dihub,Goro Lagoon,Italy,"44° 48.728N, 12°17.905E",NA,"44.812151, 12.298466",44.812151,12.298466,Magallana gigas,,Pacific Oyster,OsHV-1 μVar,2011,Field,Web of Science,,HQ842610
49,Domeneghetti et al. 2014,Domeneghetti et al. 2014,2014,"Mortality occurrence and pathogen detection in Crassostrea gigas and Mytilus galloprovincialis close-growing in shallow waters (Goro lagoon, Italy)",https://www.sciencedirect.com/science/article/abs/pii/S1050464814001727?via%3Dihub,Goro Lagoon,Italy,"44° 48.728N, 12°17.905E",NA,"44.812151, 12.298466",44.812151,12.298466,Magallana gigas,,Pacific Oyster,OsHV-1 μVar,2011,Field,Web of Science,,HQ842610
49,Garcia et al. 2011,Garcia et al. 2011,2011,Ostreid herpesvirus 1 detection and relationship with Crassostrea gigas spat mortality in France between 1998 and 2006,https://veterinaryresearch.biomedcentral.com/articles/10.1186/1297-9716-42-73,Charente-Maritime,France,NA,"45.948768, -1.094332","45.948768, -1.094332",45.948768,-1.094332,Magallana gigas,,Pacific Oyster,OsHV-1 μVar,1998,Field,Snowball,,
49,Garcia et al. 2011,Garcia et al. 2011,2011,Ostreid herpesvirus 1 detection and relationship with Crassostrea gigas spat mortality in France between 1998 and 2006,https://veterinaryresearch.biomedcentral.com/articles/10.1186/1297-9716-42-73,Charente-Maritime,France,NA,"45.948768, -1.094332","45.948768, -1.094332",45.948768,-1.094332,Magallana gigas,,Pacific Oyster,OsHV-1 μVar,1999,Field,Snowball,,
49,Garcia et al. 2011,Garcia et al. 2011,2011,Ostreid herpesvirus 1 detection and relationship with Crassostrea gigas spat mortality in France between 1998 and 2006,https://veterinaryresearch.biomedcentral.com/articles/10.1186/1297-9716-42-73,Charente-Maritime,France,NA,"45.948768, -1.094332","45.948768, -1.094332",45.948768,-1.094332,Magallana gigas,,Pacific Oyster,OsHV-1 μVar,2000,Field,Snowball,,
49,Garcia et al. 2011,Garcia et al. 2011,2011,Ostreid herpesvirus 1 detection and relationship with Crassostrea gigas spat mortality in France between 1998 and 2006,https://veterinaryresearch.biomedcentral.com/articles/10.1186/1297-9716-42-73,Charente-Maritime,France,NA,"45.948768, -1.094332","45.948768, -1.094332",45.948768,-1.094332,Magallana gigas,,Pacific Oyster,OsHV-1 μVar,2001,Field,Snowball,,
49,Garcia et al. 2011,Garcia et al. 2011,2011,Ostreid herpesvirus 1 detection and relationship with Crassostrea gigas spat mortality in France between 1998 and 2006,https://veterinaryresearch.biomedcentral.com/articles/10.1186/1297-9716-42-73,Charente-Maritime,France,NA,"45.948768, -1.094332","45.948768, -1.094332",45.948768,-1.094332,Magallana gigas,,Pacific Oyster,OsHV-1 μVar,2002,Field,Snowball,,
49,Garcia et al. 2011,Garcia et al. 2011,2011,Ostreid herpesvirus 1 detection and relationship with Crassostrea gigas spat mortality in France between 1998 and 2006,https://veterinaryresearch.biomedcentral.com/articles/10.1186/1297-9716-42-73,Charente-Maritime,France,NA,"45.948768, -1.094332","45.948768, -1.094332",45.948768,-1.094332,Magallana gigas,,Pacific Oyster,OsHV-1 μVar,2003,Field,Snowball,,
49,Garcia et al. 2011,Garcia et al. 2011,2011,Ostreid herpesvirus 1 detection and relationship with Crassostrea gigas spat mortality in France between 1998 and 2006,https://veterinaryresearch.biomedcentral.com/articles/10.1186/1297-9716-42-73,Charente-Maritime,France,NA,"45.948768, -1.094332","45.948768, -1.094332",45.948768,-1.094332,Magallana gigas,,Pacific Oyster,OsHV-1 μVar,2004,Field,Snowball,,
49,Garcia et al. 2011,Garcia et al. 2011,2011,Ostreid herpesvirus 1 detection and relationship with Crassostrea gigas spat mortality in France between 1998 and 2006,https://veterinaryresearch.biomedcentral.com/articles/10.1186/1297-9716-42-73,Charente-Maritime,France,NA,"45.948768, -1.094332","45.948768, -1.094332",45.948768,-1.094332,Magallana gigas,,Pacific Oyster,OsHV-1 μVar,2005,Field,Snowball,,
49,Garcia et al. 2011,Garcia et al. 2011,2011,Ostreid herpesvirus 1 detection and relationship with Crassostrea gigas spat mortality in France between 1998 and 2006,https://veterinaryresearch.biomedcentral.com/articles/10.1186/1297-9716-42-73,Charente-Maritime,France,NA,"45.948768, -1.094332","45.948768, -1.094332",45.948768,-1.094332,Magallana gigas,,Pacific Oyster,OsHV-1 μVar,2006,Field,Snowball,,
50,de Kantzow et al. 2017,de Kantzow et al. 2017,2017,"Risk factors for mortality during the first occurrence of Pacific Oyster Mortality Syndrome due to Ostreid herpesvirus – 1 in Tasmania, 2016",https://www.sciencedirect.com/science/article/pii/S0044848616307256,"Upper Pitt Water, Tasmania",Australia,NA,"-42.802993, 147.469562

","-42.802993, 147.469562

",-42.802993,147.469562,Magallana gigas,,Pacific Oyster,OsHV-1 μVar,2016,Field,Snowball,,
50,de Kantzow et al. 2017,de Kantzow et al. 2017,2017,"Risk factors for mortality during the first occurrence of Pacific Oyster Mortality Syndrome due to Ostreid herpesvirus – 1 in Tasmania, 2016",https://www.sciencedirect.com/science/article/pii/S0044848616307256,"Lower Pitt Water, Tasmania",Australia,NA,"-42.815613, 147.573808

","-42.815613, 147.573808

",-42.815613,147.573808,Magallana gigas,,Pacific Oyster,OsHV-1 μVar,2016,Field,Snowball,,
50,de Kantzow et al. 2017,de Kantzow et al. 2017,2017,"Risk factors for mortality during the first occurrence of Pacific Oyster Mortality Syndrome due to Ostreid herpesvirus – 1 in Tasmania, 2016",https://www.sciencedirect.com/science/article/pii/S0044848616307256,"Blackmans' Bay, Tasmania",Australia,NA,"-42.848889, 147.866323

","-42.848889, 147.866323

",-42.848889,147.866323,Magallana gigas,,Pacific Oyster,OsHV-1 μVar,2016,Field,Snowball,,
51,Evans et al. 2017,Evans et al. 2017,2017,"Detection of ostreid herpesvirus 1 microvariant DNA in aquatic invertebrate species, sediment and other samples collected from the Georges River estuary, New South Wales, Australia",https://www.int-res.com/abstracts/dao/v122/n3/p247-255/,"Site A, Woolooware Bay",Australia,"34° 01’ 54.0’’ S, 151° 09’ 04.0’’ E","-34.011088, 151.147129

","-34.011088, 151.147129

",-34.011088,151.147129,Magallana gigas,,Pacific Oyster,OsHV-1 μVar,2012,Field,Snowball,,
51,Evans et al. 2017,Evans et al. 2017,2017,"Detection of ostreid herpesvirus 1 microvariant DNA in aquatic invertebrate species, sediment and other samples collected from the Georges River estuary, New South Wales, Australia",https://www.int-res.com/abstracts/dao/v122/n3/p247-255/,"Site C, Woolooware Bay",Australia,"34° 01’ 54.0’’ S, 151° 09’ 04.0’’ E","-34.033813, 151.148375

","-34.033813, 151.148375

",-34.033813,151.148375,Magallana gigas,,Pacific Oyster,OsHV-1 μVar,2013,Field,Snowball,,
51,Evans et al. 2017,Evans et al. 2017,2017,"Detection of ostreid herpesvirus 1 microvariant DNA in aquatic invertebrate species, sediment and other samples collected from the Georges River estuary, New South Wales, Australia",https://www.int-res.com/abstracts/dao/v122/n3/p247-255/,"Site B, Woolooware Bay",Australia,"34° 01’ 54.0’’ S, 151° 09’ 04.0’’ E","-34.028167, 151.138987

","-34.028167, 151.138987

",-34.028167,151.138987,Magallana gigas,,Pacific Oyster,OsHV-1 μVar,2013,Field,Snowball,,
51,Evans et al. 2017,Evans et al. 2017,2017,"Detection of ostreid herpesvirus 1 microvariant DNA in aquatic invertebrate species, sediment and other samples collected from the Georges River estuary, New South Wales, Australia",https://www.int-res.com/abstracts/dao/v122/n3/p247-255/,"Gwawley Bay, Woolooware Bay",Australia,"34° 01’ 54.0’’ S, 151° 09’ 04.0’’ E","-34.015809, 151.117647

","-34.015809, 151.117647

",-34.015809,151.117647,Magallana gigas,,Pacific Oyster,OsHV-1 μVar,2013,Field,Snowball,,
51,Evans et al. 2017,Evans et al. 2017,2017,"Detection of ostreid herpesvirus 1 microvariant DNA in aquatic invertebrate species, sediment and other samples collected from the Georges River estuary, New South Wales, Australia",https://www.int-res.com/abstracts/dao/v122/n3/p247-255/,"Oyster Bay, Woolooware Bay",Australia,"34° 01’ 54.0’’ S, 151° 09’ 04.0’’ E","-34.005674, 151.087626

","-34.005674, 151.087626

",-34.005674,151.087626,Magallana gigas,,Pacific Oyster,OsHV-1 μVar,2013,Field,Snowball,,
51,Evans et al. 2017,Evans et al. 2017,2017,"Detection of ostreid herpesvirus 1 microvariant DNA in aquatic invertebrate species, sediment and other samples collected from the Georges River estuary, New South Wales, Australia",https://www.int-res.com/abstracts/dao/v122/n3/p247-255/,"Lime Kiln, Woolooware Bay",Australia,"34° 01’ 54.0’’ S, 151° 09’ 04.0’’ E","-33.988758, 151.055406","-33.988758, 151.055406",-33.988758,151.055406,Magallana gigas,,Pacific Oyster,OsHV-1 μVar,2013,Field,Snowball,,
52,Gittenberger et al. 2016,Gittenberger et al. 2016,2016,"Ostreid herpesvirus OsHV-1lVar in Pacific oystersCrassostrea gigas (Thunberg 1793) of the Wadden Sea, aUNESCO world heritage site",https://onlinelibrary.wiley.com/doi/epdf/10.1111/jfd.12332,Schiermonnikoog,Netherlands,NA,"53.488658, 6.286626","53.488658, 6.286626",53.488658,6.286626,Magallana gigas,,Pacific Oyster,OsHV-1 μVar,2012,Field,Snowball,,
52,Gittenberger et al. 2016,Gittenberger et al. 2016,2016,"Ostreid herpesvirus OsHV-1lVar in Pacific oystersCrassostrea gigas (Thunberg 1793) of the Wadden Sea, aUNESCO world heritage site",https://onlinelibrary.wiley.com/doi/epdf/10.1111/jfd.12332,Vierhuistergat,Netherlands,NA,"53.411719, 6.241308","53.411719, 6.241308",53.411719,6.241308,Magallana gigas,,Pacific Oyster,OsHV-1 μVar,2012,Field,Snowball,,
52,Gittenberger et al. 2016,Gittenberger et al. 2016,2016,"Ostreid herpesvirus OsHV-1lVar in Pacific oystersCrassostrea gigas (Thunberg 1793) of the Wadden Sea, aUNESCO world heritage site",https://onlinelibrary.wiley.com/doi/epdf/10.1111/jfd.12332,Eemshaven,Netherlands,NA,"53.446789, 6.834127","53.446789, 6.834127",53.446789,6.834127,Magallana gigas,,Pacific Oyster,OsHV-1 μVar,2012,Field,Snowball,,
53,Morrissey et al. 2016,Morrissey et al. 2016,2016,An investigation of ostreid herpes virus microvariants found in Crassostrea gigas oyster producing bays in Ireland,https://www.sciencedirect.com/science/article/abs/pii/S004484861500109X?via%3Dihub,Woodstown,Ireland,NA,"52.251708, -7.195320","52.251708, -7.195320",52.251708,-7.19532,Magallana gigas,,Pacific Oyster,OsHV-1 μVar,2008,Field,Snowball,,JQ963169
53,Morrissey et al. 2016,Morrissey et al. 2016,2016,An investigation of ostreid herpes virus microvariants found in Crassostrea gigas oyster producing bays in Ireland,https://www.sciencedirect.com/science/article/abs/pii/S004484861500109X?via%3Dihub,Woodstown,Ireland,NA,"52.251708, -7.195321","52.251708, -7.195320",52.251708,-7.19532,Magallana gigas,,Pacific Oyster,OsHV-1 μVar,2009,Field,Snowball,,HQ842610
53,Morrissey et al. 2016,Morrissey et al. 2016,2016,An investigation of ostreid herpes virus microvariants found in Crassostrea gigas oyster producing bays in Ireland,https://www.sciencedirect.com/science/article/abs/pii/S004484861500109X?via%3Dihub,Woodstown,Ireland,NA,"52.251708, -7.195322","52.251708, -7.195320",52.251708,-7.19532,Magallana gigas,,Pacific Oyster,OsHV-1 μVar,2011,Field,Snowball,,
53,Morrissey et al. 2016,Morrissey et al. 2016,2016,An investigation of ostreid herpes virus microvariants found in Crassostrea gigas oyster producing bays in Ireland,https://www.sciencedirect.com/science/article/abs/pii/S004484861500109X?via%3Dihub,Woodstown,Ireland,NA,"52.251708, -7.195323","52.251708, -7.195320",52.251708,-7.19532,Magallana gigas,,Pacific Oyster,OsHV-1 μVar,2012,Field,Snowball,,
53,Morrissey et al. 2016,Morrissey et al. 2016,2016,An investigation of ostreid herpes virus microvariants found in Crassostrea gigas oyster producing bays in Ireland,https://www.sciencedirect.com/science/article/abs/pii/S004484861500109X?via%3Dihub,Castlemaine,Ireland,NA,"52.167350, -9.702213","52.167350, -9.702213",52.16735,-9.702213,Magallana gigas,,Pacific Oyster,OsHV-1 μVar,2008,Field,Snowball,,JQ963169
53,Morrissey et al. 2016,Morrissey et al. 2016,2016,An investigation of ostreid herpes virus microvariants found in Crassostrea gigas oyster producing bays in Ireland,https://www.sciencedirect.com/science/article/abs/pii/S004484861500109X?via%3Dihub,Castlemaine,Ireland,NA,"52.167350, -9.702214","52.167350, -9.702213",52.16735,-9.702213,Magallana gigas,,Pacific Oyster,OsHV-1 μVar,2009,Field,Snowball,,JQ963169
53,Morrissey et al. 2016,Morrissey et al. 2016,2016,An investigation of ostreid herpes virus microvariants found in Crassostrea gigas oyster producing bays in Ireland,https://www.sciencedirect.com/science/article/abs/pii/S004484861500109X?via%3Dihub,Castlemaine,Ireland,NA,"52.167350, -9.702215","52.167350, -9.702213",52.16735,-9.702213,Magallana gigas,,Pacific Oyster,OsHV-1 μVar,2009,Field,Snowball,,HQ842610
53,Morrissey et al. 2016,Morrissey et al. 2016,2016,An investigation of ostreid herpes virus microvariants found in Crassostrea gigas oyster producing bays in Ireland,https://www.sciencedirect.com/science/article/abs/pii/S004484861500109X?via%3Dihub,Castlemaine,Ireland,NA,"52.167350, -9.702216","52.167350, -9.702213",52.16735,-9.702213,Magallana gigas,,Pacific Oyster,OsHV-1 μVar,2010,Field,Snowball,,HQ842610
53,Morrissey et al. 2016,Morrissey et al. 2016,2016,An investigation of ostreid herpes virus microvariants found in Crassostrea gigas oyster producing bays in Ireland,https://www.sciencedirect.com/science/article/abs/pii/S004484861500109X?via%3Dihub,Castlemaine,Ireland,NA,"52.167350, -9.702217","52.167350, -9.702213",52.16735,-9.702213,Magallana gigas,,Pacific Oyster,OsHV-1 μVar,2011,Field,Snowball,,
53,Morrissey et al. 2016,Morrissey et al. 2016,2016,An investigation of ostreid herpes virus microvariants found in Crassostrea gigas oyster producing bays in Ireland,https://www.sciencedirect.com/science/article/abs/pii/S004484861500109X?via%3Dihub,Dungarvan,Ireland,NA,"52.06904729263853, -7.573733962411507","52.06904729263853, -7.573733962411507",52.06904729,-7.573733962,Magallana gigas,,Pacific Oyster,OsHV-1 μVar,2009,Field,Snowball,,HQ842610
53,Morrissey et al. 2016,Morrissey et al. 2016,2016,An investigation of ostreid herpes virus microvariants found in Crassostrea gigas oyster producing bays in Ireland,https://www.sciencedirect.com/science/article/abs/pii/S004484861500109X?via%3Dihub,Dungarvan,Ireland,NA,"52.06904729263853, -7.573733962411507","52.06904729263853, -7.573733962411507",52.06904729,-7.573733962,Magallana gigas,,Pacific Oyster,OsHV-1 μVar,2010,Field,Snowball,,
53,Morrissey et al. 2016,Morrissey et al. 2016,2016,An investigation of ostreid herpes virus microvariants found in Crassostrea gigas oyster producing bays in Ireland,https://www.sciencedirect.com/science/article/abs/pii/S004484861500109X?via%3Dihub,Carlingford,Ireland,NA,"54.042005, -6.183865","54.042005, -6.183865",54.042005,-6.183865,Magallana gigas,,Pacific Oyster,OsHV-1 μVar,2009,Field,Snowball,,HQ842610
53,Morrissey et al. 2016,Morrissey et al. 2016,2016,An investigation of ostreid herpes virus microvariants found in Crassostrea gigas oyster producing bays in Ireland,https://www.sciencedirect.com/science/article/abs/pii/S004484861500109X?via%3Dihub,Carlingford,Ireland,NA,"54.042005, -6.183865","54.042005, -6.183865",54.042005,-6.183865,Magallana gigas,,Pacific Oyster,OsHV-1 μVar,2011,Field,Snowball,,
53,Morrissey et al. 2016,Morrissey et al. 2016,2016,An investigation of ostreid herpes virus microvariants found in Crassostrea gigas oyster producing bays in Ireland,https://www.sciencedirect.com/science/article/abs/pii/S004484861500109X?via%3Dihub,Trawbreaga,Ireland,NA,"55.286209, -7.293413","55.286209, -7.293413",55.286209,-7.293413,Magallana gigas,,Pacific Oyster,OsHV-1 μVar,2009,Field,Snowball,,HQ842610
53,Morrissey et al. 2016,Morrissey et al. 2016,2016,An investigation of ostreid herpes virus microvariants found in Crassostrea gigas oyster producing bays in Ireland,https://www.sciencedirect.com/science/article/abs/pii/S004484861500109X?via%3Dihub,Donegal Bay,Ireland,NA,"54.650475, -8.117177","54.650475, -8.117177",54.650475,-8.117177,Magallana gigas,,Pacific Oyster,OsHV-1 μVar,2009,Field,Snowball,,JQ963169
53,Morrissey et al. 2016,Morrissey et al. 2016,2016,An investigation of ostreid herpes virus microvariants found in Crassostrea gigas oyster producing bays in Ireland,https://www.sciencedirect.com/science/article/abs/pii/S004484861500109X?via%3Dihub,Donegal Bay,Ireland,NA,"54.650475, -8.117177","54.650475, -8.117177",54.650475,-8.117177,Magallana gigas,,Pacific Oyster,OsHV-1 μVar,2009,Field,Snowball,,HQ842610
53,Morrissey et al. 2016,Morrissey et al. 2016,2016,An investigation of ostreid herpes virus microvariants found in Crassostrea gigas oyster producing bays in Ireland,https://www.sciencedirect.com/science/article/abs/pii/S004484861500109X?via%3Dihub,Donegal Bay,Ireland,NA,"54.650475, -8.117177","54.650475, -8.117177",54.650475,-8.117177,Magallana gigas,,Pacific Oyster,OsHV-1 μVar,2011,Field,Snowball,,HQ842610
53,Morrissey et al. 2016,Morrissey et al. 2016,2016,An investigation of ostreid herpes virus microvariants found in Crassostrea gigas oyster producing bays in Ireland,https://www.sciencedirect.com/science/article/abs/pii/S004484861500109X?via%3Dihub,Donegal Bay,Ireland,NA,"54.650475, -8.117177","54.650475, -8.117177",54.650475,-8.117177,Magallana gigas,,Pacific Oyster,OsHV-1 μVar,2012,Field,Snowball,,HQ842610
53,Morrissey et al. 2016,Morrissey et al. 2016,2016,An investigation of ostreid herpes virus microvariants found in Crassostrea gigas oyster producing bays in Ireland,https://www.sciencedirect.com/science/article/abs/pii/S004484861500109X?via%3Dihub,Trawenagh,Ireland,NA,"54.891657, -8.359944","54.891657, -8.359944",54.891657,-8.359944,Magallana gigas,,Pacific Oyster,OsHV-1 μVar,2009,Field,Snowball,,HQ842610
53,Morrissey et al. 2016,Morrissey et al. 2016,2016,An investigation of ostreid herpes virus microvariants found in Crassostrea gigas oyster producing bays in Ireland,https://www.sciencedirect.com/science/article/abs/pii/S004484861500109X?via%3Dihub,Loughras Beag,Ireland,NA,"54.789360, -8.549237","54.789360, -8.549237",54.78936,-8.549237,Magallana gigas,,Pacific Oyster,OsHV-1 μVar,2009,Field,Snowball,,HQ842610
53,Morrissey et al. 2016,Morrissey et al. 2016,2016,An investigation of ostreid herpes virus microvariants found in Crassostrea gigas oyster producing bays in Ireland,https://www.sciencedirect.com/science/article/abs/pii/S004484861500109X?via%3Dihub,Baltimore,Ireland,NA,"51.487829, -9.368446","51.487829, -9.368446",51.487829,-9.368446,Magallana gigas,,Pacific Oyster,OsHV-1 μVar,2009,Field,Snowball,,JQ963169
53,Morrissey et al. 2016,Morrissey et al. 2016,2016,An investigation of ostreid herpes virus microvariants found in Crassostrea gigas oyster producing bays in Ireland,https://www.sciencedirect.com/science/article/abs/pii/S004484861500109X?via%3Dihub,Baltimore,Ireland,NA,"51.487829, -9.368446","51.487829, -9.368446",51.487829,-9.368446,Magallana gigas,,Pacific Oyster,OsHV-1 μVar,2012,Field,Snowball,,HQ842610
53,Morrissey et al. 2016,Morrissey et al. 2016,2016,An investigation of ostreid herpes virus microvariants found in Crassostrea gigas oyster producing bays in Ireland,https://www.sciencedirect.com/science/article/abs/pii/S004484861500109X?via%3Dihub,Ballymacoda,Ireland,NA,"51.899636, -7.922395","51.899636, -7.922395",51.899636,-7.922395,Magallana gigas,,Pacific Oyster,OsHV-1 μVar,2009,Field,Snowball,,HQ842610
53,Morrissey et al. 2016,Morrissey et al. 2016,2016,An investigation of ostreid herpes virus microvariants found in Crassostrea gigas oyster producing bays in Ireland,https://www.sciencedirect.com/science/article/abs/pii/S004484861500109X?via%3Dihub,Ballymacoda,Ireland,NA,"51.899636, -7.922395","51.899636, -7.922395",51.899636,-7.922395,Magallana gigas,,Pacific Oyster,OsHV-1 μVar,2011,Field,Snowball,,
53,Morrissey et al. 2016,Morrissey et al. 2016,2016,An investigation of ostreid herpes virus microvariants found in Crassostrea gigas oyster producing bays in Ireland,https://www.sciencedirect.com/science/article/abs/pii/S004484861500109X?via%3Dihub,Dungloe,Ireland,NA,"54.949387, -8.364449","54.949387, -8.364449",54.949387,-8.364449,Magallana gigas,,Pacific Oyster,OsHV-1 μVar,2009,Field,Snowball,,HQ842610
53,Morrissey et al. 2016,Morrissey et al. 2016,2016,An investigation of ostreid herpes virus microvariants found in Crassostrea gigas oyster producing bays in Ireland,https://www.sciencedirect.com/science/article/abs/pii/S004484861500109X?via%3Dihub,Valentia River/Caherciveen,Ireland,NA,"51.949487, -10.225544

","51.949487, -10.225544

",51.949487,-10.225544,Magallana gigas,,Pacific Oyster,OsHV-1 μVar,2009,Field,Snowball,,HQ842610
53,Morrissey et al. 2016,Morrissey et al. 2016,2016,An investigation of ostreid herpes virus microvariants found in Crassostrea gigas oyster producing bays in Ireland,https://www.sciencedirect.com/science/article/abs/pii/S004484861500109X?via%3Dihub,Valentia River/Caherciveen,Ireland,NA,"51.949487, -10.225544

","51.949487, -10.225544

",51.949487,-10.225544,Magallana gigas,,Pacific Oyster,OsHV-1 μVar,2010,Field,Snowball,,
53,Morrissey et al. 2016,Morrissey et al. 2016,2016,An investigation of ostreid herpes virus microvariants found in Crassostrea gigas oyster producing bays in Ireland,https://www.sciencedirect.com/science/article/abs/pii/S004484861500109X?via%3Dihub,Achill,Ireland,NA,"53.930654, -9.922565","53.930654, -9.922565",53.930654,-9.922565,Magallana gigas,,Pacific Oyster,OsHV-1 μVar,2009,Field,Snowball,,HQ842610
53,Morrissey et al. 2016,Morrissey et al. 2016,2016,An investigation of ostreid herpes virus microvariants found in Crassostrea gigas oyster producing bays in Ireland,https://www.sciencedirect.com/science/article/abs/pii/S004484861500109X?via%3Dihub,Achill,Ireland,NA,"53.930654, -9.922565","53.930654, -9.922565",53.930654,-9.922565,Magallana gigas,,Pacific Oyster,OsHV-1 μVar,2011,Field,Snowball,,
53,Morrissey et al. 2016,Morrissey et al. 2016,2016,An investigation of ostreid herpes virus microvariants found in Crassostrea gigas oyster producing bays in Ireland,https://www.sciencedirect.com/science/article/abs/pii/S004484861500109X?via%3Dihub,Clew Bay,Ireland,NA,"53.832573, -9.780322","53.832573, -9.780322",53.832573,-9.780322,Magallana gigas,,Pacific Oyster,OsHV-1 μVar,2009,Field,Snowball,,HQ842610
53,Morrissey et al. 2016,Morrissey et al. 2016,2016,An investigation of ostreid herpes virus microvariants found in Crassostrea gigas oyster producing bays in Ireland,https://www.sciencedirect.com/science/article/abs/pii/S004484861500109X?via%3Dihub,Poulnarone Creek,Ireland,NA,"52.619069, -9.050952","52.619069, -9.050952",52.619069,-9.050952,Magallana gigas,,Pacific Oyster,OsHV-1 μVar,2009,Field,Snowball,,AY509253
53,Morrissey et al. 2016,Morrissey et al. 2016,2016,An investigation of ostreid herpes virus microvariants found in Crassostrea gigas oyster producing bays in Ireland,https://www.sciencedirect.com/science/article/abs/pii/S004484861500109X?via%3Dihub,Lough Foyle,Ireland,NA,"55.113687, -7.117060","55.113687, -7.117060",55.113687,-7.11706,Magallana gigas,,Pacific Oyster,OsHV-1 μVar,2010,Field,Snowball,,JQ963169
53,Morrissey et al. 2016,Morrissey et al. 2016,2016,An investigation of ostreid herpes virus microvariants found in Crassostrea gigas oyster producing bays in Ireland,https://www.sciencedirect.com/science/article/abs/pii/S004484861500109X?via%3Dihub,Mulroy,Ireland,NA,"55.137866, -7.687481","55.137866, -7.687481",55.137866,-7.687481,Magallana gigas,,Pacific Oyster,OsHV-1 μVar,2010,Field,Snowball,,JQ963169
53,Morrissey et al. 2016,Morrissey et al. 2016,2016,An investigation of ostreid herpes virus microvariants found in Crassostrea gigas oyster producing bays in Ireland,https://www.sciencedirect.com/science/article/abs/pii/S004484861500109X?via%3Dihub,Wexford,Ireland,NA,"52.340121, -6.459543

","52.340121, -6.459543

",52.340121,-6.459543,Magallana gigas,,Pacific Oyster,OsHV-1 μVar,2010,Field,Snowball,,HQ842610
53,Morrissey et al. 2016,Morrissey et al. 2016,2016,An investigation of ostreid herpes virus microvariants found in Crassostrea gigas oyster producing bays in Ireland,https://www.sciencedirect.com/science/article/abs/pii/S004484861500109X?via%3Dihub,Cork Harbour,Ireland,NA,"51.857920, -8.264120","51.857920, -8.264120",51.85792,-8.26412,Magallana gigas,,Pacific Oyster,OsHV-1 μVar,2010,Field,Snowball,,HQ842610
53,Morrissey et al. 2016,Morrissey et al. 2016,2016,An investigation of ostreid herpes virus microvariants found in Crassostrea gigas oyster producing bays in Ireland,https://www.sciencedirect.com/science/article/abs/pii/S004484861500109X?via%3Dihub,Bannow Bay,Ireland,NA,"52.450000, -6.783333","52.450000, -6.783333",52.45,-6.783333,Magallana gigas,,Pacific Oyster,OsHV-1 μVar,2010,Field,Snowball,,HQ842610
53,Morrissey et al. 2016,Morrissey et al. 2016,2016,An investigation of ostreid herpes virus microvariants found in Crassostrea gigas oyster producing bays in Ireland,https://www.sciencedirect.com/science/article/abs/pii/S004484861500109X?via%3Dihub,Sherkin,Ireland,NA,"51.478292, -9.425799","51.478292, -9.425799",51.478292,-9.425799,Magallana gigas,,Pacific Oyster,OsHV-1 μVar,2010,Field,Snowball,,HQ842610
53,Morrissey et al. 2016,Morrissey et al. 2016,2016,An investigation of ostreid herpes virus microvariants found in Crassostrea gigas oyster producing bays in Ireland,https://www.sciencedirect.com/science/article/abs/pii/S004484861500109X?via%3Dihub,Sherkin,Ireland,NA,"51.478292, -9.425799","51.478292, -9.425799",51.478292,-9.425799,Magallana gigas,,Pacific Oyster,OsHV-1 μVar,2012,Field,Snowball,,
53,Morrissey et al. 2016,Morrissey et al. 2016,2016,An investigation of ostreid herpes virus microvariants found in Crassostrea gigas oyster producing bays in Ireland,https://www.sciencedirect.com/science/article/abs/pii/S004484861500109X?via%3Dihub,Ballinakill,Ireland,NA,"53.562195, -9.998939","53.562195, -9.998939",53.562195,-9.998939,Magallana gigas,,Pacific Oyster,OsHV-1 μVar,2011,Field,Snowball,,HQ842610
53,Morrissey et al. 2016,Morrissey et al. 2016,2016,An investigation of ostreid herpes virus microvariants found in Crassostrea gigas oyster producing bays in Ireland,https://www.sciencedirect.com/science/article/abs/pii/S004484861500109X?via%3Dihub,Gweedore,Ireland,NA,"55.049771, -8.326477","55.049771, -8.326477",55.049771,-8.326477,Magallana gigas,,Pacific Oyster,OsHV-1 μVar,2011,Field,Snowball,,HQ842610
53,Morrissey et al. 2016,Morrissey et al. 2016,2016,An investigation of ostreid herpes virus microvariants found in Crassostrea gigas oyster producing bays in Ireland,https://www.sciencedirect.com/science/article/abs/pii/S004484861500109X?via%3Dihub,Gweedore,Ireland,NA,"55.049771, -8.326477","55.049771, -8.326477",55.049771,-8.326477,Magallana gigas,,Pacific Oyster,OsHV-1 μVar,2012,Field,Snowball,,
53,Morrissey et al. 2016,Morrissey et al. 2016,2016,An investigation of ostreid herpes virus microvariants found in Crassostrea gigas oyster producing bays in Ireland,https://www.sciencedirect.com/science/article/abs/pii/S004484861500109X?via%3Dihub,Lough Swilly,Ireland,NA,"55.227967, -7.545227","55.227967, -7.545227",55.227967,-7.545227,Magallana gigas,,Pacific Oyster,OsHV-1 μVar,2009,Field,Snowball,,HQ842610
53,Morrissey et al. 2016,Morrissey et al. 2016,2016,An investigation of ostreid herpes virus microvariants found in Crassostrea gigas oyster producing bays in Ireland,https://www.sciencedirect.com/science/article/abs/pii/S004484861500109X?via%3Dihub,Shannon Estuary,Ireland,NA,"2.611278, -9.583906","2.611278, -9.583906",2.611278,-9.583906,Magallana gigas,,Pacific Oyster,OsHV-1 μVar,2010,Field,Snowball,,HQ842610
53,Morrissey et al. 2016,Morrissey et al. 2016,2016,An investigation of ostreid herpes virus microvariants found in Crassostrea gigas oyster producing bays in Ireland,https://www.sciencedirect.com/science/article/abs/pii/S004484861500109X?via%3Dihub,Oysterhaven,Ireland,NA,"51.705851, -8.460733

","51.705851, -8.460733

",51.705851,-8.460733,Magallana gigas,,Pacific Oyster,OsHV-1 μVar,2012,Field,Snowball,,HQ842610
53,Morrissey et al. 2016,Morrissey et al. 2016,2016,An investigation of ostreid herpes virus microvariants found in Crassostrea gigas oyster producing bays in Ireland,https://www.sciencedirect.com/science/article/abs/pii/S004484861500109X?via%3Dihub,Drumcliff,Ireland,NA,"54.328095, -8.508715","54.328095, -8.508715",54.328095,-8.508715,Magallana gigas,,Pacific Oyster,OsHV-1 μVar,2012,Field,Snowball,,HQ842610
54,Ren et al. 2013,Ren et al. 2013,2013,"Complete genome sequence of acute viral necrosis virus associated with massive mortality outbreaks in the Chinese scallop, Chlamys farreri",https://virologyj.biomedcentral.com/articles/10.1186/1743-422X-10-110,Qingdao,China,NA,"36.059298, 120.384721

","36.059298, 120.384721

",36.059298,120.384721,Magallana gigas,,Pacific Oyster,OsHV-1 μVar,2007,Field,Snowball,,GQ153938
55,Bookelaar et al. 2020,Bookelaar et al. 2020,2020,Host plasticity supports spread of an aquaculture introduced virus to an ecosystem engineer,https://parasitesandvectors.biomedcentral.com/articles/10.1186/s13071-020-04373-y,Dungarvan,Ireland,NA,"52.06904729263853, -7.573733962411507","52.06904729263853, -7.573733962411507",52.06904729,-7.573733962,Magallana gigas,,Pacific Oyster,OsHV-1 μVar,2015,Field,Web of Science,,KU861511.1
55,Bookelaar et al. 2020,Bookelaar et al. 2020,2020,Host plasticity supports spread of an aquaculture introduced virus to an ecosystem engineer,https://parasitesandvectors.biomedcentral.com/articles/10.1186/s13071-020-04373-y,Carlingford,Ireland,NA,"54.042005, -6.183865","54.042005, -6.183865",54.042005,-6.183865,Magallana gigas,,Pacific Oyster,OsHV-1 μVar,2015,Field,Web of Science,,KU861511.1
56,Malham et al. 2009,Malham et al. 2009,2009,"Detection and description of a particular Ostreid herpesvirus 1 genotype associated with massive mortality outbreaks of Pacific oysters, Crassostrea gigas, in France in 2008",https://www.sciencedirect.com/science/article/pii/S0044848608007485,Bannow Bay ,Ireland,"52°27′ N, 006°47′ W",NA,"52.450000, -6.783333",52.45,-6.783333,Magallana gigas,,Pacific Oyster,OsHV-1 μVar,2003,Field,Snowball,,
56,Malham et al. 2009,Malham et al. 2009,2009,"Detection and description of a particular Ostreid herpesvirus 1 genotype associated with massive mortality outbreaks of Pacific oysters, Crassostrea gigas, in France in 2008",https://www.sciencedirect.com/science/article/pii/S0044848608007485,Dungarvan Harbour,Ireland,"52°03′ N, 007°35′ W",NA,"52.050000, -7.583333",52.05,-7.583333,Magallana gigas,,Pacific Oyster,OsHV-1 μVar,2003,Field,Snowball,,
57,Burge et al. 2006,Burge et al. 2006,2006,"Mortality and herpesvirus infections of the Pacific oyster Crassostrea gigas in Tomales Bay, California, USA",https://www.int-res.com/abstracts/dao/v72/n1/p31-43/,"Tomales Bay, California",USA,NA,"38.210853, -122.932268","38.210853, -122.932268",38.210853,-122.932268,Magallana gigas,,Pacific Oyster,OsHV-1 μVar,2003,Field,Web of Science,,NA
58,Burge et al. 2011,Burge et al. 2011,2011,"Detection of the oyster herpesvirus in commercial bivalve in northern California, USA: conventional and quantitative PCR",https://www.int-res.com/abstracts/dao/v94/n2/p107-116/,"Tomales Bay, California",USA,NA,"38.210853, -122.932268","38.210853, -122.932268",38.210853,-122.932268,Magallana gigas,,Pacific Oyster,OsHV-1 μVar,2003,Field,Web of Science,,AY509253.1
58,Burge et al. 2011,Burge et al. 2011,2011,"Detection of the oyster herpesvirus in commercial bivalve in northern California, USA: conventional and quantitative PCR",https://www.int-res.com/abstracts/dao/v94/n2/p107-116/,"Drake's Estero, California",USA,NA,"38.088665, -122.930916","38.088665, -122.930916",38.088665,-122.930916,Magallana gigas,,Pacific Oyster,OsHV-1 μVar,2003,Field,Web of Science,,
59,Carrasco et al. 2017,Carrasco et al. 2017,2017,"A Production Calendar Based on Water Temperature, Spat Size, and Husbandry Practices Reduce OsHV-1 μVar Impact on Cultured Pacific Oyster Crassostrea gigas in the Ebro Delta (Catalonia), Mediterranean Coast of Spain",https://www.frontiersin.org/articles/10.3389/fphys.2017.00125/full,Alfacs,Spain,NA,"40.594750, 0.600054","40.594750, 0.600054",40.59475,0.600054,Magallana gigas,,Pacific Oyster,OsHV-1 μVar,2012,Field,Web of Science,,
59,Carrasco et al. 2017,Carrasco et al. 2017,2017,"A Production Calendar Based on Water Temperature, Spat Size, and Husbandry Practices Reduce OsHV-1 μVar Impact on Cultured Pacific Oyster Crassostrea gigas in the Ebro Delta (Catalonia), Mediterranean Coast of Spain",https://www.frontiersin.org/articles/10.3389/fphys.2017.00125/full,Fangar,Spain,NA,"40.769765, 0.764042","40.769765, 0.764042",40.769765,0.764042,Magallana gigas,,Pacific Oyster,OsHV-1 μVar,2012,Field,Web of Science,,
59,Carrasco et al. 2017,Carrasco et al. 2017,2017,"A Production Calendar Based on Water Temperature, Spat Size, and Husbandry Practices Reduce OsHV-1 μVar Impact on Cultured Pacific Oyster Crassostrea gigas in the Ebro Delta (Catalonia), Mediterranean Coast of Spain",https://www.frontiersin.org/articles/10.3389/fphys.2017.00125/full,Alcanar (Open Ocean),Spain,NA,"40.555246, 0.566129","40.555246, 0.566129",40.555246,0.566129,Magallana gigas,,Pacific Oyster,OsHV-1 μVar,2012,Field,Web of Science,,
60,Corporeau et al. 2022,Corporeau et al. 2022,2022,Harsh intertidal environment enhances metabolism and immunity in oyster (Crassostrea gigas) spat,https://www.sciencedirect.com/science/article/pii/S0141113622001544?via%3Dihub,Brittany,France,NA,"48.605617, -2.647681","48.605617, -2.647681",48.605617,-2.647681,Magallana gigas,,Pacific Oyster,OsHV-1 μVar,2018,Field,Web of Science,,
61,Degremont & Benabdelmouna 2014,Degremont & Benabdelmouna 2014,2014,Mortality associated with OsHV-1 in spat Crassostrea gigas: role of wild-caught spat in the horizontal transmission of the disease,https://link.springer.com/article/10.1007/s10499-014-9781-7,La Tremblade,France,NA,"45.795130, -1.236367","45.795130, -1.236367",45.79513,-1.236367,Magallana gigas,,Pacific Oyster,OsHV-1 μVar,2010,Field,Web of Science,,
62,de Lorgeril et al. 2018,de Lorgeril et al. 2018,2018,Inefficient immune response is associated with microbial permissiveness in juvenile oysters affected by mass mortalities on field,https://www.sciencedirect.com/science/article/pii/S105046481830144X?via%3Dihub,"La Tremblade, Charente Maritime",France,NA,"43.379087, 3.571483","43.379087, 3.571483",43.379087,3.571483,Magallana gigas,,Pacific Oyster,OsHV-1 μVar,2010,Field,Web of Science,,
63,Divilov et al. 2019,Divilov et al. 2019,2019,First evaluation of resistance to both a California OsHV-1 variant and a French OsHV-1 microvariant in Pacific oysters,https://bmcgenomdata.biomedcentral.com/articles/10.1186/s12863-019-0791-3#Abs1,"Tomales Bay, California",USA,NA,"38.210853, -122.932268","38.210853, -122.932268",38.210853,-122.932268,Magallana gigas,,Pacific Oyster,OsHV-1 μVar,2018,Field,Web of Science,,
64,Fleury et al. 2020,Fleury et al. 2020,2020,"Latitudinal drivers of oyster mortality: deciphering host, pathogen and environmental risk factors",https://www.nature.com/articles/s41598-020-64086-1,Grandcamp,France,NA,"49.390156, -1.047276","49.390156, -1.047276",49.390156,-1.047276,Magallana gigas,,Pacific Oyster,OsHV-1 μVar,2013,Field,Web of Science,,
64,Fleury et al. 2020,Fleury et al. 2020,2020,"Latitudinal drivers of oyster mortality: deciphering host, pathogen and environmental risk factors",https://www.nature.com/articles/s41598-020-64086-1,Blainville,France,NA,"49.071897, -1.604905","49.071897, -1.604905",49.071897,-1.604905,Magallana gigas,,Pacific Oyster,OsHV-1 μVar,2013,Field,Web of Science,,
64,Fleury et al. 2020,Fleury et al. 2020,2020,"Latitudinal drivers of oyster mortality: deciphering host, pathogen and environmental risk factors",https://www.nature.com/articles/s41598-020-64086-1,Cancale,France,NA,"48.693255, -1.843815","48.693255, -1.843815",48.693255,-1.843815,Magallana gigas,,Pacific Oyster,OsHV-1 μVar,2013,Field,Web of Science,,
64,Fleury et al. 2020,Fleury et al. 2020,2020,"Latitudinal drivers of oyster mortality: deciphering host, pathogen and environmental risk factors",https://www.nature.com/articles/s41598-020-64086-1,Morlaix,France,NA,"48.626160, -3.850698","48.626160, -3.850698",48.62616,-3.850698,Magallana gigas,,Pacific Oyster,OsHV-1 μVar,2013,Field,Web of Science,,
64,Fleury et al. 2020,Fleury et al. 2020,2020,"Latitudinal drivers of oyster mortality: deciphering host, pathogen and environmental risk factors",https://www.nature.com/articles/s41598-020-64086-1,Daoulas,France,NA,"48.358462, -4.262282","48.358462, -4.262282",48.358462,-4.262282,Magallana gigas,,Pacific Oyster,OsHV-1 μVar,2013,Field,Web of Science,,
64,Fleury et al. 2020,Fleury et al. 2020,2020,"Latitudinal drivers of oyster mortality: deciphering host, pathogen and environmental risk factors",https://www.nature.com/articles/s41598-020-64086-1,Larmor-Baden,France,NA,"47.584854, -2.897819","47.584854, -2.897819",47.584854,-2.897819,Magallana gigas,,Pacific Oyster,OsHV-1 μVar,2013,Field,Web of Science,,
64,Fleury et al. 2020,Fleury et al. 2020,2020,"Latitudinal drivers of oyster mortality: deciphering host, pathogen and environmental risk factors",https://www.nature.com/articles/s41598-020-64086-1,Quiberon,France,NA,"47.476146, -3.118308","47.476146, -3.118308",47.476146,-3.118308,Magallana gigas,,Pacific Oyster,OsHV-1 μVar,2013,Field,Web of Science,,
64,Fleury et al. 2020,Fleury et al. 2020,2020,"Latitudinal drivers of oyster mortality: deciphering host, pathogen and environmental risk factors",https://www.nature.com/articles/s41598-020-64086-1,Penerf,France,NA,"47.509051, -2.628583","47.509051, -2.628583",47.509051,-2.628583,Magallana gigas,,Pacific Oyster,OsHV-1 μVar,2013,Field,Web of Science,,
64,Fleury et al. 2020,Fleury et al. 2020,2020,"Latitudinal drivers of oyster mortality: deciphering host, pathogen and environmental risk factors",https://www.nature.com/articles/s41598-020-64086-1,Bourgneuf,France,NA,"46.132575, -1.157959","46.132575, -1.157959",46.132575,-1.157959,Magallana gigas,,Pacific Oyster,OsHV-1 μVar,2013,Field,Web of Science,,
64,Fleury et al. 2020,Fleury et al. 2020,2020,"Latitudinal drivers of oyster mortality: deciphering host, pathogen and environmental risk factors",https://www.nature.com/articles/s41598-020-64086-1,Loix,France,NA,"46.215422, -1.436790

","46.215422, -1.436790

",46.215422,-1.43679,Magallana gigas,,Pacific Oyster,OsHV-1 μVar,2013,Field,Web of Science,,
64,Fleury et al. 2020,Fleury et al. 2020,2020,"Latitudinal drivers of oyster mortality: deciphering host, pathogen and environmental risk factors",https://www.nature.com/articles/s41598-020-64086-1,Agnas,France,NA,"45.596378, -1.047001","45.596378, -1.047001",45.596378,-1.047001,Magallana gigas,,Pacific Oyster,OsHV-1 μVar,2013,Field,Web of Science,,
64,Fleury et al. 2020,Fleury et al. 2020,2020,"Latitudinal drivers of oyster mortality: deciphering host, pathogen and environmental risk factors",https://www.nature.com/articles/s41598-020-64086-1,Arcachon,France,NA,"44.665969, -1.187203","44.665969, -1.187203",44.665969,-1.187203,Magallana gigas,,Pacific Oyster,OsHV-1 μVar,2013,Field,Web of Science,,
64,Fleury et al. 2020,Fleury et al. 2020,2020,"Latitudinal drivers of oyster mortality: deciphering host, pathogen and environmental risk factors",https://www.nature.com/articles/s41598-020-64086-1,Marseillan,France,NA,"43.322448, 3.565215","43.322448, 3.565215",43.322448,3.565215,Magallana gigas,,Pacific Oyster,OsHV-1 μVar,2013,Field,Web of Science,,
65,Gangnery et al. 2019,Gangnery et al. 2019,2019,Connectivities with shellfish farms and channel rivers are associated with mortality risk in oysters,https://www.jstor.org/stable/26920859,Grandcamp-Maisy,France,NA,"49.396056, -1.043538","49.396056, -1.043538",49.396056,-1.043538,Magallana gigas,,Pacific Oyster,OsHV-1 μVar,2013,Field,Web of Science,,
65,Gangnery et al. 2019,Gangnery et al. 2019,2019,Connectivities with shellfish farms and channel rivers are associated with mortality risk in oysters,https://www.jstor.org/stable/26920859,Baie des Veys,France,NA,"49.386373, -1.130040","49.386373, -1.130040",49.386373,-1.13004,Magallana gigas,,Pacific Oyster,OsHV-1 μVar,2013,Field,Web of Science,,
66,Morrissey et al. 2017,Morrissey et al. 2017,2017,Mortality in Crassostrea gigas oysters in Ireland during 2012,https://eafp.org/download/2017-volume37/issue_2/37-2-050-morrissey.pdf,Clew Bay,Ireland,NA,"53.832573, -9.780322","53.832573, -9.780322",53.832573,-9.780322,Magallana gigas,,Pacific Oyster,OsHV-1 μVar,2012,Field,Web of Science,,
66,Morrissey et al. 2017,Morrissey et al. 2017,2017,Mortality in Crassostrea gigas oysters in Ireland during 2012,https://eafp.org/download/2017-volume37/issue_2/37-2-050-morrissey.pdf,Carlingford,Ireland,NA,"54.042005, -6.183865","54.042005, -6.183865",54.042005,-6.183865,Magallana gigas,,Pacific Oyster,OsHV-1 μVar,2012,Field,Web of Science,,
66,Morrissey et al. 2017,Morrissey et al. 2017,2017,Mortality in Crassostrea gigas oysters in Ireland during 2012,https://eafp.org/download/2017-volume37/issue_2/37-2-050-morrissey.pdf,Dungarvan Harbour,Ireland,NA,"52.06904729263853, -7.573733962411507","52.06904729263853, -7.573733962411507",52.06904729,-7.573733962,Magallana gigas,,Pacific Oyster,OsHV-1 μVar,2012,Field,Web of Science,,
66,Morrissey et al. 2017,Morrissey et al. 2017,2017,Mortality in Crassostrea gigas oysters in Ireland during 2012,https://eafp.org/download/2017-volume37/issue_2/37-2-050-morrissey.pdf,Donegal Bay,Ireland,NA,"54.650475, -8.117177","54.650475, -8.117177",54.650475,-8.117177,Magallana gigas,,Pacific Oyster,OsHV-1 μVar,2012,Field,Web of Science,,
66,Morrissey et al. 2017,Morrissey et al. 2017,2017,Mortality in Crassostrea gigas oysters in Ireland during 2012,https://eafp.org/download/2017-volume37/issue_2/37-2-050-morrissey.pdf,Gweedore,Ireland,NA,"55.049771, -8.326477","55.049771, -8.326477",55.049771,-8.326477,Magallana gigas,,Pacific Oyster,OsHV-1 μVar,2012,Field,Web of Science,,
66,Morrissey et al. 2017,Morrissey et al. 2017,2017,Mortality in Crassostrea gigas oysters in Ireland during 2012,https://eafp.org/download/2017-volume37/issue_2/37-2-050-morrissey.pdf,Sherkin,Ireland,NA,"51.478292, -9.425799","51.478292, -9.425799",51.478292,-9.425799,Magallana gigas,,Pacific Oyster,OsHV-1 μVar,2012,Field,Web of Science,,
66,Morrissey et al. 2017,Morrissey et al. 2017,2017,Mortality in Crassostrea gigas oysters in Ireland during 2012,https://eafp.org/download/2017-volume37/issue_2/37-2-050-morrissey.pdf,Castlemaine,Ireland,NA,"52.167350, -9.702215","52.167350, -9.702213",52.16735,-9.702213,Magallana gigas,,Pacific Oyster,OsHV-1 μVar,2012,Field,Web of Science,,
67,Mosca et al. 2021,Mosca et al. 2021,2021,Crassostrea gigas (Thunberg 1793) cultivation in southern Adriatic Sea (Italy): A one-year monitoring study of the oyster health,https://onlinelibrary.wiley.com/doi/full/10.1111/are.15139,Puglia,Italy,NA,"41.485160, 16.288630","41.485160, 16.288630",41.48516,16.28863,Magallana gigas,,Pacific Oyster,OsHV-1 μVar,2018,Field,Web of Science,,
68,Lynch et al. 2012,Lynch et al. 2012,2012,"A previously undescribed ostreid herpes virus 1 (OsHV-1) genotype detected in the pacific oyster, Crassostrea gigas, in Ireland",https://www.cambridge.org/core/journals/parasitology/article/previously-undescribed-ostreid-herpes-virus-1-oshv1-genotype-detected-in-the-pacific-oyster-crassostrea-gigas-in-ireland/88D6EB5FCB13279A3F0070F1B71BACCE,Bannow Bay,Ireland,52°27′N 006°47′W,NA,"52.450000, -6.783333",52.45,-6.783333,Magallana gigas,,Pacific Oyster,OsHV-1 μVar,2003,Field,Snowball,,JQ963169
68,Lynch et al. 2012,Lynch et al. 2012,2012,"A previously undescribed ostreid herpes virus 1 (OsHV-1) genotype detected in the pacific oyster, Crassostrea gigas, in Ireland",https://www.cambridge.org/core/journals/parasitology/article/previously-undescribed-ostreid-herpes-virus-1-oshv1-genotype-detected-in-the-pacific-oyster-crassostrea-gigas-in-ireland/88D6EB5FCB13279A3F0070F1B71BACCE,Dungrvan Bay,Ireland,52°03′N 007°35′W,NA,"52.050000, -7.583333",52.05,-7.583333,Magallana gigas,,Pacific Oyster,OsHV-1 μVar,2004,Field,Snowball,,JQ963169
68,Lynch et al. 2012,Lynch et al. 2012,2012,"A previously undescribed ostreid herpes virus 1 (OsHV-1) genotype detected in the pacific oyster, Crassostrea gigas, in Ireland",https://www.cambridge.org/core/journals/parasitology/article/previously-undescribed-ostreid-herpes-virus-1-oshv1-genotype-detected-in-the-pacific-oyster-crassostrea-gigas-in-ireland/88D6EB5FCB13279A3F0070F1B71BACCE,Bannow Bay,Ireland,52°27′N 006°47′W,NA,"52.450000, -6.783333",52.45,-6.783333,Magallana gigas,,Pacific Oyster,OsHV-1 μVar,2003,Field,Snowball,,JQ963169
68,Lynch et al. 2012,Lynch et al. 2012,2012,"A previously undescribed ostreid herpes virus 1 (OsHV-1) genotype detected in the pacific oyster, Crassostrea gigas, in Ireland",https://www.cambridge.org/core/journals/parasitology/article/previously-undescribed-ostreid-herpes-virus-1-oshv1-genotype-detected-in-the-pacific-oyster-crassostrea-gigas-in-ireland/88D6EB5FCB13279A3F0070F1B71BACCE,Dungrvan Bay,Ireland,52°03′N 007°35′W,NA,"52.050000, -7.583333",52.05,-7.583333,Magallana gigas,,Pacific Oyster,OsHV-1 μVar,2004,Field,Snowball,,JQ963169
69,Pernet et al. 2012,Pernet et al. 2012,2012,"Mass mortalities of Pacific oysters Crassostrea gigas reflect infectious diseases and vary with farming practices in the Mediterranean Thau lagoon, France",https://www.int-res.com/articles/feature/q002p215.pdf,Thau Lagoon,France,NA,"43.379087, 3.571483","43.379087, 3.571483",43.379087,3.571483,Magallana gigas,,Pacific Oyster,OsHV-1 μVar,2010,Field,Web of Science,,
70,Pernet et al. 2018,Pernet et al. 2018,2018,Determination of risk factors for herpesvirus outbreak in oysters using a broad-scale spatial epidemiology framework,https://www.nature.com/articles/s41598-018-29238-4,Penerf,France,NA,"47.502059, -2.621733","47.502059, -2.621733",47.502059,-2.621733,Magallana gigas,,Pacific Oyster,OsHV-1 μVar,2013,Field,Web of Science,,
70,Pernet et al. 2018,Pernet et al. 2018,2018,Determination of risk factors for herpesvirus outbreak in oysters using a broad-scale spatial epidemiology framework,https://www.nature.com/articles/s41598-018-29238-4,Larmor-Baden,France,NA,"47.582312, -2.898175","47.582312, -2.898175",47.582312,-2.898175,Magallana gigas,,Pacific Oyster,OsHV-1 μVar,2013,Field,Web of Science,,
70,Pernet et al. 2018,Pernet et al. 2018,2018,Determination of risk factors for herpesvirus outbreak in oysters using a broad-scale spatial epidemiology framework,https://www.nature.com/articles/s41598-018-29238-4,Quiberon,France,NA,"47.549452, -3.046661

","47.549452, -3.046661

",47.549452,-3.046661,Magallana gigas,,Pacific Oyster,OsHV-1 μVar,2013,Field,Web of Science,,
71,Petton et al. 2015,Petton et al. 2015,2015,Factors influencing disease-induced mortality of Pacific oysters Crassostrea gigas,https://www.int-res.com/articles/aei2014/6/q006p205.pdf,"Pointe du Château, Bay of Brest",France,"48° 20’ 6’’ N, 4° 19’ 6’’ W","48.335, -4.31833","48.335, -4.31833",48.335,-4.31833,Magallana gigas,,Pacific Oyster,OsHV-1 μVar,2010,Field,Web of Science,,
71,Petton et al. 2015,Petton et al. 2015,2015,Factors influencing disease-induced mortality of Pacific oysters Crassostrea gigas,https://www.int-res.com/articles/aei2014/6/q006p205.pdf,"Pointe du Château, Bay of Brest",France,"48° 20’ 6’’ N, 4° 19’ 6’’ W","48.335, -4.31833","48.335, -4.31833",48.335,-4.31833,Magallana gigas,,Pacific Oyster,OsHV-1 μVar,2011,Field,Web of Science,,
72,Renault et al. 2014,Renault et al. 2014,2014,Ostreid Herpesvirus 1 Infection among Pacific Oyster (Crassostrea gigas) Spat: Relevance of Water Temperature to Virus Replication and Circulation Prior to the Onset of Mortality,https://www.ncbi.nlm.nih.gov/pmc/articles/PMC4136091/,"Natural Pond, Centre Régional d'Expérimentation et d'Application Aquacole [CREAA]",France,NA,"45.848664, -1.205169","45.848664, -1.205169",45.848664,-1.205169,Magallana gigas,,Pacific Oyster,OsHV-1 μVar,2010,Field,Web of Science,,
72,Renault et al. 2014,Renault et al. 2014,2014,Ostreid Herpesvirus 1 Infection among Pacific Oyster (Crassostrea gigas) Spat: Relevance of Water Temperature to Virus Replication and Circulation Prior to the Onset of Mortality,https://www.ncbi.nlm.nih.gov/pmc/articles/PMC4136091/,"Nursery, Centre Régional d'Expérimentation et d'Application Aquacole [CREAA]",France,NA,"45.848664, -1.205169","45.848664, -1.205169",45.848664,-1.205169,Magallana gigas,,Pacific Oyster,OsHV-1 μVar,2010,Field,Web of Science,,
72,Renault et al. 2014,Renault et al. 2014,2014,Ostreid Herpesvirus 1 Infection among Pacific Oyster (Crassostrea gigas) Spat: Relevance of Water Temperature to Virus Replication and Circulation Prior to the Onset of Mortality,https://www.ncbi.nlm.nih.gov/pmc/articles/PMC4136091/,La Mortanne,France,NA,"45.873109, -1.173120","45.873109, -1.173120",45.873109,-1.17312,Magallana gigas,,Pacific Oyster,OsHV-1 μVar,2010,Field,Web of Science,,
72,Renault et al. 2014,Renault et al. 2014,2014,Ostreid Herpesvirus 1 Infection among Pacific Oyster (Crassostrea gigas) Spat: Relevance of Water Temperature to Virus Replication and Circulation Prior to the Onset of Mortality,https://www.ncbi.nlm.nih.gov/pmc/articles/PMC4136091/,Les Sables de l'Are,France,NA,"45.869921, -1.115125","45.869921, -1.115125",45.869921,-1.115125,Magallana gigas,,Pacific Oyster,OsHV-1 μVar,2010,Field,Web of Science,,
73,Whittington et al. 2015,Whittington et al. 2015,2015,"Further observations on the influence of husbandry practices on OsHV-1 μVar mortality in Pacific oysters Crassostrea gigas: Age, cultivation structures and growing height",https://www.sciencedirect.com/science/article/pii/S0044848614006632,"Site A, Woolooware Bay",Australia,NA,"34.0118° S, 151.1463° E","-34.011800, 151.146300",-34.0118,151.1463,Magallana gigas,,Pacific Oyster,OsHV-1 μVar,2012,Field,Web of Science,,
73,Whittington et al. 2015,Whittington et al. 2015,2015,"Further observations on the influence of husbandry practices on OsHV-1 μVar mortality in Pacific oysters Crassostrea gigas: Age, cultivation structures and growing height",https://www.sciencedirect.com/science/article/pii/S0044848614006632,"Site A, Woolooware Bay",Australia,NA,"34.0118° S, 151.1463° E","-34.011800, 151.146300",-34.0118,151.1463,Magallana gigas,,Pacific Oyster,OsHV-1 μVar,2013,Field,Web of Science,,
73,Whittington et al. 2015,Whittington et al. 2015,2015,"Further observations on the influence of husbandry practices on OsHV-1 μVar mortality in Pacific oysters Crassostrea gigas: Age, cultivation structures and growing height",https://www.sciencedirect.com/science/article/pii/S0044848614006632,"Site B, Woolooware Bay",Australia,NA,"34.0254° S, 151.1400° E","-34.025400, 151.140000",-34.0254,151.14,Magallana gigas,,Pacific Oyster,OsHV-1 μVar,2012,Field,Web of Science,,
73,Whittington et al. 2015,Whittington et al. 2015,2015,"Further observations on the influence of husbandry practices on OsHV-1 μVar mortality in Pacific oysters Crassostrea gigas: Age, cultivation structures and growing height",https://www.sciencedirect.com/science/article/pii/S0044848614006632,"Site B, Woolooware Bay",Australia,NA,"34.0254° S, 151.1400° E","-34.025400, 151.140000",-34.0254,151.14,Magallana gigas,,Pacific Oyster,OsHV-1 μVar,2013,Field,Web of Science,,
73,Whittington et al. 2015,Whittington et al. 2015,2015,"Further observations on the influence of husbandry practices on OsHV-1 μVar mortality in Pacific oysters Crassostrea gigas: Age, cultivation structures and growing height",https://www.sciencedirect.com/science/article/pii/S0044848614006632,"Site C, Woolooware Bay",Australia,NA,"34.0329° S, 151.1466° E","-34.032900, 151.146600",-34.0329,151.1466,Magallana gigas,,Pacific Oyster,OsHV-1 μVar,2012,Field,Web of Science,,
73,Whittington et al. 2015,Whittington et al. 2015,2015,"Further observations on the influence of husbandry practices on OsHV-1 μVar mortality in Pacific oysters Crassostrea gigas: Age, cultivation structures and growing height",https://www.sciencedirect.com/science/article/pii/S0044848614006632,"Site C, Woolooware Bay",Australia,NA,"34.0329° S, 151.1466° E","-34.032900, 151.146600",-34.0329,151.1466,Magallana gigas,,Pacific Oyster,OsHV-1 μVar,2013,Field,Web of Science,,
74,Whittington et al. 2019,Whittington et al. 2019,2019,Long-term temporal and spatial patterns of Ostreid herpesvirus 1 (OsHV-1) infection and mortality in sentinel Pacific oyster spat (Crassostrea gigas) inform farm management,https://www.sciencedirect.com/science/article/pii/S0044848619307513,"Patonga Creek, Georges River Estuary",Australia,NA,"-33.539670, 151.264963

","-33.539670, 151.264963

",-33.53967,151.264963,Magallana gigas,,Pacific Oyster,OsHV-1 μVar,2012,Field,Web of Science,,
74,Whittington et al. 2019,Whittington et al. 2019,2019,Long-term temporal and spatial patterns of Ostreid herpesvirus 1 (OsHV-1) infection and mortality in sentinel Pacific oyster spat (Crassostrea gigas) inform farm management,https://www.sciencedirect.com/science/article/pii/S0044848619307513,"Patonga Creek, Georges River Estuary",Australia,NA,"-33.539670, 151.264963

","-33.539670, 151.264963

",-33.53967,151.264963,Magallana gigas,,Pacific Oyster,OsHV-1 μVar,2013,Field,Web of Science,,
74,Whittington et al. 2019,Whittington et al. 2019,2019,Long-term temporal and spatial patterns of Ostreid herpesvirus 1 (OsHV-1) infection and mortality in sentinel Pacific oyster spat (Crassostrea gigas) inform farm management,https://www.sciencedirect.com/science/article/pii/S0044848619307513,"Patonga Creek, Georges River Estuary",Australia,NA,"-33.539670, 151.264963

","-33.539670, 151.264963

",-33.53967,151.264963,Magallana gigas,,Pacific Oyster,OsHV-1 μVar,2014,Field,Web of Science,,
74,Whittington et al. 2019,Whittington et al. 2019,2019,Long-term temporal and spatial patterns of Ostreid herpesvirus 1 (OsHV-1) infection and mortality in sentinel Pacific oyster spat (Crassostrea gigas) inform farm management,https://www.sciencedirect.com/science/article/pii/S0044848619307513,"Patonga Creek, Georges River Estuary",Australia,NA,"-33.539670, 151.264963

","-33.539670, 151.264963

",-33.53967,151.264963,Magallana gigas,,Pacific Oyster,OsHV-1 μVar,2015,Field,Web of Science,,
74,Whittington et al. 2019,Whittington et al. 2019,2019,Long-term temporal and spatial patterns of Ostreid herpesvirus 1 (OsHV-1) infection and mortality in sentinel Pacific oyster spat (Crassostrea gigas) inform farm management,https://www.sciencedirect.com/science/article/pii/S0044848619307513,"Patonga Creek, Georges River Estuary",Australia,NA,"-33.539670, 151.264963

","-33.539670, 151.264963

",-33.53967,151.264963,Magallana gigas,,Pacific Oyster,OsHV-1 μVar,2016,Field,Web of Science,,
74,Whittington et al. 2019,Whittington et al. 2019,2019,Long-term temporal and spatial patterns of Ostreid herpesvirus 1 (OsHV-1) infection and mortality in sentinel Pacific oyster spat (Crassostrea gigas) inform farm management,https://www.sciencedirect.com/science/article/pii/S0044848619307513,"Patonga Creek, Georges River Estuary",Australia,NA,"-33.539670, 151.264963

","-33.539670, 151.264963

",-33.53967,151.264963,Magallana gigas,,Pacific Oyster,OsHV-1 μVar,2017,Field,Web of Science,,
74,Whittington et al. 2019,Whittington et al. 2019,2019,Long-term temporal and spatial patterns of Ostreid herpesvirus 1 (OsHV-1) infection and mortality in sentinel Pacific oyster spat (Crassostrea gigas) inform farm management,https://www.sciencedirect.com/science/article/pii/S0044848619307513,"Porto Bay, Georges River Estuary",Australia,NA,"-33.515123, 151.236633

","-33.515123, 151.236633

",-33.515123,151.236633,Magallana gigas,,Pacific Oyster,OsHV-1 μVar,2012,Field,Web of Science,,
74,Whittington et al. 2019,Whittington et al. 2019,2019,Long-term temporal and spatial patterns of Ostreid herpesvirus 1 (OsHV-1) infection and mortality in sentinel Pacific oyster spat (Crassostrea gigas) inform farm management,https://www.sciencedirect.com/science/article/pii/S0044848619307513,"Porto Bay, Georges River Estuary",Australia,NA,"-33.515123, 151.236633

","-33.515123, 151.236633

",-33.515123,151.236633,Magallana gigas,,Pacific Oyster,OsHV-1 μVar,2013,Field,Web of Science,,
74,Whittington et al. 2019,Whittington et al. 2019,2019,Long-term temporal and spatial patterns of Ostreid herpesvirus 1 (OsHV-1) infection and mortality in sentinel Pacific oyster spat (Crassostrea gigas) inform farm management,https://www.sciencedirect.com/science/article/pii/S0044848619307513,"Porto Bay, Georges River Estuary",Australia,NA,"-33.515123, 151.236633

","-33.515123, 151.236633

",-33.515123,151.236633,Magallana gigas,,Pacific Oyster,OsHV-1 μVar,2014,Field,Web of Science,,
74,Whittington et al. 2019,Whittington et al. 2019,2019,Long-term temporal and spatial patterns of Ostreid herpesvirus 1 (OsHV-1) infection and mortality in sentinel Pacific oyster spat (Crassostrea gigas) inform farm management,https://www.sciencedirect.com/science/article/pii/S0044848619307513,"Porto Bay, Georges River Estuary",Australia,NA,"-33.515123, 151.236633

","-33.515123, 151.236633

",-33.515123,151.236633,Magallana gigas,,Pacific Oyster,OsHV-1 μVar,2015,Field,Web of Science,,
74,Whittington et al. 2019,Whittington et al. 2019,2019,Long-term temporal and spatial patterns of Ostreid herpesvirus 1 (OsHV-1) infection and mortality in sentinel Pacific oyster spat (Crassostrea gigas) inform farm management,https://www.sciencedirect.com/science/article/pii/S0044848619307513,"Porto Bay, Georges River Estuary",Australia,NA,"-33.515123, 151.236633

","-33.515123, 151.236633

",-33.515123,151.236633,Magallana gigas,,Pacific Oyster,OsHV-1 μVar,2016,Field,Web of Science,,
74,Whittington et al. 2019,Whittington et al. 2019,2019,Long-term temporal and spatial patterns of Ostreid herpesvirus 1 (OsHV-1) infection and mortality in sentinel Pacific oyster spat (Crassostrea gigas) inform farm management,https://www.sciencedirect.com/science/article/pii/S0044848619307513,"Porto Bay, Georges River Estuary",Australia,NA,"-33.515123, 151.236633

","-33.515123, 151.236633

",-33.515123,151.236633,Magallana gigas,,Pacific Oyster,OsHV-1 μVar,2017,Field,Web of Science,,
74,Whittington et al. 2019,Whittington et al. 2019,2019,Long-term temporal and spatial patterns of Ostreid herpesvirus 1 (OsHV-1) infection and mortality in sentinel Pacific oyster spat (Crassostrea gigas) inform farm management,https://www.sciencedirect.com/science/article/pii/S0044848619307513,"Mullet Creek, Georges River Estuary",Australia,NA,"33.516612, 151.237209","33.516612, 151.237209",33.516612,151.237209,Magallana gigas,,Pacific Oyster,OsHV-1 μVar,2012,Field,Web of Science,,
74,Whittington et al. 2019,Whittington et al. 2019,2019,Long-term temporal and spatial patterns of Ostreid herpesvirus 1 (OsHV-1) infection and mortality in sentinel Pacific oyster spat (Crassostrea gigas) inform farm management,https://www.sciencedirect.com/science/article/pii/S0044848619307513,"Mullet Creek, Georges River Estuary",Australia,NA,"33.516612, 151.237209","33.516612, 151.237209",33.516612,151.237209,Magallana gigas,,Pacific Oyster,OsHV-1 μVar,2013,Field,Web of Science,,
74,Whittington et al. 2019,Whittington et al. 2019,2019,Long-term temporal and spatial patterns of Ostreid herpesvirus 1 (OsHV-1) infection and mortality in sentinel Pacific oyster spat (Crassostrea gigas) inform farm management,https://www.sciencedirect.com/science/article/pii/S0044848619307513,"Mullet Creek, Georges River Estuary",Australia,NA,"33.516612, 151.237209","33.516612, 151.237209",33.516612,151.237209,Magallana gigas,,Pacific Oyster,OsHV-1 μVar,2014,Field,Web of Science,,
74,Whittington et al. 2019,Whittington et al. 2019,2019,Long-term temporal and spatial patterns of Ostreid herpesvirus 1 (OsHV-1) infection and mortality in sentinel Pacific oyster spat (Crassostrea gigas) inform farm management,https://www.sciencedirect.com/science/article/pii/S0044848619307513,"Mullet Creek, Georges River Estuary",Australia,NA,"33.516612, 151.237209","33.516612, 151.237209",33.516612,151.237209,Magallana gigas,,Pacific Oyster,OsHV-1 μVar,2015,Field,Web of Science,,
74,Whittington et al. 2019,Whittington et al. 2019,2019,Long-term temporal and spatial patterns of Ostreid herpesvirus 1 (OsHV-1) infection and mortality in sentinel Pacific oyster spat (Crassostrea gigas) inform farm management,https://www.sciencedirect.com/science/article/pii/S0044848619307513,"Mullet Creek, Georges River Estuary",Australia,NA,"33.516612, 151.237209","33.516612, 151.237209",33.516612,151.237209,Magallana gigas,,Pacific Oyster,OsHV-1 μVar,2016,Field,Web of Science,,
74,Whittington et al. 2019,Whittington et al. 2019,2019,Long-term temporal and spatial patterns of Ostreid herpesvirus 1 (OsHV-1) infection and mortality in sentinel Pacific oyster spat (Crassostrea gigas) inform farm management,https://www.sciencedirect.com/science/article/pii/S0044848619307513,"Mullet Creek, Georges River Estuary",Australia,NA,"33.516612, 151.237209","33.516612, 151.237209",33.516612,151.237209,Magallana gigas,,Pacific Oyster,OsHV-1 μVar,2017,Field,Web of Science,,
74,Whittington et al. 2019,Whittington et al. 2019,2019,Long-term temporal and spatial patterns of Ostreid herpesvirus 1 (OsHV-1) infection and mortality in sentinel Pacific oyster spat (Crassostrea gigas) inform farm management,https://www.sciencedirect.com/science/article/pii/S0044848619307513,"Mooney Mooney, Georges River Estuary",Australia,NA,"-33.526243, 151.203150

","-33.526243, 151.203150

",-33.526243,151.20315,Magallana gigas,,Pacific Oyster,OsHV-1 μVar,2014,Field,Web of Science,,
74,Whittington et al. 2019,Whittington et al. 2019,2019,Long-term temporal and spatial patterns of Ostreid herpesvirus 1 (OsHV-1) infection and mortality in sentinel Pacific oyster spat (Crassostrea gigas) inform farm management,https://www.sciencedirect.com/science/article/pii/S0044848619307513,"Mooney Mooney, Georges River Estuary",Australia,NA,"-33.526243, 151.203150

","-33.526243, 151.203150

",-33.526243,151.20315,Magallana gigas,,Pacific Oyster,OsHV-1 μVar,2015,Field,Web of Science,,
74,Whittington et al. 2019,Whittington et al. 2019,2019,Long-term temporal and spatial patterns of Ostreid herpesvirus 1 (OsHV-1) infection and mortality in sentinel Pacific oyster spat (Crassostrea gigas) inform farm management,https://www.sciencedirect.com/science/article/pii/S0044848619307513,"Mooney Mooney, Georges River Estuary",Australia,NA,"-33.526243, 151.203150

","-33.526243, 151.203150

",-33.526243,151.20315,Magallana gigas,,Pacific Oyster,OsHV-1 μVar,2016,Field,Web of Science,,
74,Whittington et al. 2019,Whittington et al. 2019,2019,Long-term temporal and spatial patterns of Ostreid herpesvirus 1 (OsHV-1) infection and mortality in sentinel Pacific oyster spat (Crassostrea gigas) inform farm management,https://www.sciencedirect.com/science/article/pii/S0044848619307513,"Mooney Mooney, Georges River Estuary",Australia,NA,"-33.526243, 151.203150

","-33.526243, 151.203150

",-33.526243,151.20315,Magallana gigas,,Pacific Oyster,OsHV-1 μVar,2017,Field,Web of Science,,
74,Whittington et al. 2019,Whittington et al. 2019,2019,Long-term temporal and spatial patterns of Ostreid herpesvirus 1 (OsHV-1) infection and mortality in sentinel Pacific oyster spat (Crassostrea gigas) inform farm management,https://www.sciencedirect.com/science/article/pii/S0044848619307513,"Marramarra Creek, Georges River Estuary",Australia,NA,"-33.524691, 151.140707

","-33.524691, 151.140707

",-33.524691,151.140707,Magallana gigas,,Pacific Oyster,OsHV-1 μVar,2012,Field,Web of Science,,
74,Whittington et al. 2019,Whittington et al. 2019,2019,Long-term temporal and spatial patterns of Ostreid herpesvirus 1 (OsHV-1) infection and mortality in sentinel Pacific oyster spat (Crassostrea gigas) inform farm management,https://www.sciencedirect.com/science/article/pii/S0044848619307513,"Marramarra Creek, Georges River Estuary",Australia,NA,"-33.524691, 151.140707

","-33.524691, 151.140707

",-33.524691,151.140707,Magallana gigas,,Pacific Oyster,OsHV-1 μVar,2013,Field,Web of Science,,
74,Whittington et al. 2019,Whittington et al. 2019,2019,Long-term temporal and spatial patterns of Ostreid herpesvirus 1 (OsHV-1) infection and mortality in sentinel Pacific oyster spat (Crassostrea gigas) inform farm management,https://www.sciencedirect.com/science/article/pii/S0044848619307513,"Marramarra Creek, Georges River Estuary",Australia,NA,"-33.524691, 151.140707

","-33.524691, 151.140707

",-33.524691,151.140707,Magallana gigas,,Pacific Oyster,OsHV-1 μVar,2014,Field,Web of Science,,
74,Whittington et al. 2019,Whittington et al. 2019,2019,Long-term temporal and spatial patterns of Ostreid herpesvirus 1 (OsHV-1) infection and mortality in sentinel Pacific oyster spat (Crassostrea gigas) inform farm management,https://www.sciencedirect.com/science/article/pii/S0044848619307513,"Marramarra Creek, Georges River Estuary",Australia,NA,"-33.524691, 151.140707

","-33.524691, 151.140707

",-33.524691,151.140707,Magallana gigas,,Pacific Oyster,OsHV-1 μVar,2015,Field,Web of Science,,
74,Whittington et al. 2019,Whittington et al. 2019,2019,Long-term temporal and spatial patterns of Ostreid herpesvirus 1 (OsHV-1) infection and mortality in sentinel Pacific oyster spat (Crassostrea gigas) inform farm management,https://www.sciencedirect.com/science/article/pii/S0044848619307513,"Marramarra Creek, Georges River Estuary",Australia,NA,"-33.524691, 151.140707

","-33.524691, 151.140707

",-33.524691,151.140707,Magallana gigas,,Pacific Oyster,OsHV-1 μVar,2016,Field,Web of Science,,
74,Whittington et al. 2019,Whittington et al. 2019,2019,Long-term temporal and spatial patterns of Ostreid herpesvirus 1 (OsHV-1) infection and mortality in sentinel Pacific oyster spat (Crassostrea gigas) inform farm management,https://www.sciencedirect.com/science/article/pii/S0044848619307513,"Marramarra Creek, Georges River Estuary",Australia,NA,"-33.524691, 151.140707

","-33.524691, 151.140707

",-33.524691,151.140707,Magallana gigas,,Pacific Oyster,OsHV-1 μVar,2017,Field,Web of Science,,
74,Whittington et al. 2019,Whittington et al. 2019,2019,Long-term temporal and spatial patterns of Ostreid herpesvirus 1 (OsHV-1) infection and mortality in sentinel Pacific oyster spat (Crassostrea gigas) inform farm management,https://www.sciencedirect.com/science/article/pii/S0044848619307513,"Coba Bay, Georges River Estuary",Australia,NA,"-33.544140, 151.137441

","-33.544140, 151.137441

",-33.54414,151.137441,Magallana gigas,,Pacific Oyster,OsHV-1 μVar,2014,Field,Web of Science,,
74,Whittington et al. 2019,Whittington et al. 2019,2019,Long-term temporal and spatial patterns of Ostreid herpesvirus 1 (OsHV-1) infection and mortality in sentinel Pacific oyster spat (Crassostrea gigas) inform farm management,https://www.sciencedirect.com/science/article/pii/S0044848619307513,"Coba Bay, Georges River Estuary",Australia,NA,"-33.544140, 151.137441

","-33.544140, 151.137441

",-33.54414,151.137441,Magallana gigas,,Pacific Oyster,OsHV-1 μVar,2015,Field,Web of Science,,
74,Whittington et al. 2019,Whittington et al. 2019,2019,Long-term temporal and spatial patterns of Ostreid herpesvirus 1 (OsHV-1) infection and mortality in sentinel Pacific oyster spat (Crassostrea gigas) inform farm management,https://www.sciencedirect.com/science/article/pii/S0044848619307513,"Coba Bay, Georges River Estuary",Australia,NA,"-33.544140, 151.137441

","-33.544140, 151.137441

",-33.54414,151.137441,Magallana gigas,,Pacific Oyster,OsHV-1 μVar,2016,Field,Web of Science,,
74,Whittington et al. 2019,Whittington et al. 2019,2019,Long-term temporal and spatial patterns of Ostreid herpesvirus 1 (OsHV-1) infection and mortality in sentinel Pacific oyster spat (Crassostrea gigas) inform farm management,https://www.sciencedirect.com/science/article/pii/S0044848619307513,"Coba Bay, Georges River Estuary",Australia,NA,"-33.544140, 151.137441

","-33.544140, 151.137441

",-33.54414,151.137441,Magallana gigas,,Pacific Oyster,OsHV-1 μVar,2017,Field,Web of Science,,
74,Whittington et al. 2019,Whittington et al. 2019,2019,Long-term temporal and spatial patterns of Ostreid herpesvirus 1 (OsHV-1) infection and mortality in sentinel Pacific oyster spat (Crassostrea gigas) inform farm management,https://www.sciencedirect.com/science/article/pii/S0044848619307513,"Kimmerikong Bay, Georges River Estuary",Australia,NA,"-33.547661295076125, 151.15438977805232","-33.547661295076125, 151.15438977805232",-33.5476613,151.1543898,Magallana gigas,,Pacific Oyster,OsHV-1 μVar,2012,Field,Web of Science,,
74,Whittington et al. 2019,Whittington et al. 2019,2019,Long-term temporal and spatial patterns of Ostreid herpesvirus 1 (OsHV-1) infection and mortality in sentinel Pacific oyster spat (Crassostrea gigas) inform farm management,https://www.sciencedirect.com/science/article/pii/S0044848619307513,"Kimmerikong Bay, Georges River Estuary",Australia,NA,"-33.547661295076125, 151.15438977805232","-33.547661295076125, 151.15438977805232",-33.5476613,151.1543898,Magallana gigas,,Pacific Oyster,OsHV-1 μVar,2013,Field,Web of Science,,
74,Whittington et al. 2019,Whittington et al. 2019,2019,Long-term temporal and spatial patterns of Ostreid herpesvirus 1 (OsHV-1) infection and mortality in sentinel Pacific oyster spat (Crassostrea gigas) inform farm management,https://www.sciencedirect.com/science/article/pii/S0044848619307513,"Kimmerikong Bay, Georges River Estuary",Australia,NA,"-33.547661295076125, 151.15438977805232","-33.547661295076125, 151.15438977805232",-33.5476613,151.1543898,Magallana gigas,,Pacific Oyster,OsHV-1 μVar,2014,Field,Web of Science,,
74,Whittington et al. 2019,Whittington et al. 2019,2019,Long-term temporal and spatial patterns of Ostreid herpesvirus 1 (OsHV-1) infection and mortality in sentinel Pacific oyster spat (Crassostrea gigas) inform farm management,https://www.sciencedirect.com/science/article/pii/S0044848619307513,"Kimmerikong Bay, Georges River Estuary",Australia,NA,"-33.547661295076125, 151.15438977805232","-33.547661295076125, 151.15438977805232",-33.5476613,151.1543898,Magallana gigas,,Pacific Oyster,OsHV-1 μVar,2015,Field,Web of Science,,
74,Whittington et al. 2019,Whittington et al. 2019,2019,Long-term temporal and spatial patterns of Ostreid herpesvirus 1 (OsHV-1) infection and mortality in sentinel Pacific oyster spat (Crassostrea gigas) inform farm management,https://www.sciencedirect.com/science/article/pii/S0044848619307513,"Kimmerikong Bay, Georges River Estuary",Australia,NA,"-33.547661295076125, 151.15438977805232","-33.547661295076125, 151.15438977805232",-33.5476613,151.1543898,Magallana gigas,,Pacific Oyster,OsHV-1 μVar,2016,Field,Web of Science,,
74,Whittington et al. 2019,Whittington et al. 2019,2019,Long-term temporal and spatial patterns of Ostreid herpesvirus 1 (OsHV-1) infection and mortality in sentinel Pacific oyster spat (Crassostrea gigas) inform farm management,https://www.sciencedirect.com/science/article/pii/S0044848619307513,"Kimmerikong Bay, Georges River Estuary",Australia,NA,"-33.547661295076125, 151.15438977805232","-33.547661295076125, 151.15438977805232",-33.5476613,151.1543898,Magallana gigas,,Pacific Oyster,OsHV-1 μVar,2017,Field,Web of Science,,
74,Whittington et al. 2019,Whittington et al. 2019,2019,Long-term temporal and spatial patterns of Ostreid herpesvirus 1 (OsHV-1) infection and mortality in sentinel Pacific oyster spat (Crassostrea gigas) inform farm management,https://www.sciencedirect.com/science/article/pii/S0044848619307513,"Site A, Hawkesbury River Estuary",Australia,NA,"-34.009025, 151.146594

","-34.009025, 151.146594

",-34.009025,151.146594,Magallana gigas,,Pacific Oyster,OsHV-1 μVar,2012,Field,Web of Science,,
74,Whittington et al. 2019,Whittington et al. 2019,2019,Long-term temporal and spatial patterns of Ostreid herpesvirus 1 (OsHV-1) infection and mortality in sentinel Pacific oyster spat (Crassostrea gigas) inform farm management,https://www.sciencedirect.com/science/article/pii/S0044848619307513,"Site A, Hawkesbury River Estuary",Australia,NA,"-34.009025, 151.146594

","-34.009025, 151.146594

",-34.009025,151.146594,Magallana gigas,,Pacific Oyster,OsHV-1 μVar,2013,Field,Web of Science,,
74,Whittington et al. 2019,Whittington et al. 2019,2019,Long-term temporal and spatial patterns of Ostreid herpesvirus 1 (OsHV-1) infection and mortality in sentinel Pacific oyster spat (Crassostrea gigas) inform farm management,https://www.sciencedirect.com/science/article/pii/S0044848619307513,"Site A, Hawkesbury River Estuary",Australia,NA,"-34.009025, 151.146594

","-34.009025, 151.146594

",-34.009025,151.146594,Magallana gigas,,Pacific Oyster,OsHV-1 μVar,2014,Field,Web of Science,,
74,Whittington et al. 2019,Whittington et al. 2019,2019,Long-term temporal and spatial patterns of Ostreid herpesvirus 1 (OsHV-1) infection and mortality in sentinel Pacific oyster spat (Crassostrea gigas) inform farm management,https://www.sciencedirect.com/science/article/pii/S0044848619307513,"Site A, Hawkesbury River Estuary",Australia,NA,"-34.009025, 151.146594

","-34.009025, 151.146594

",-34.009025,151.146594,Magallana gigas,,Pacific Oyster,OsHV-1 μVar,2015,Field,Web of Science,,
74,Whittington et al. 2019,Whittington et al. 2019,2019,Long-term temporal and spatial patterns of Ostreid herpesvirus 1 (OsHV-1) infection and mortality in sentinel Pacific oyster spat (Crassostrea gigas) inform farm management,https://www.sciencedirect.com/science/article/pii/S0044848619307513,"Site A, Hawkesbury River Estuary",Australia,NA,"-34.009025, 151.146594

","-34.009025, 151.146594

",-34.009025,151.146594,Magallana gigas,,Pacific Oyster,OsHV-1 μVar,2016,Field,Web of Science,,
74,Whittington et al. 2019,Whittington et al. 2019,2019,Long-term temporal and spatial patterns of Ostreid herpesvirus 1 (OsHV-1) infection and mortality in sentinel Pacific oyster spat (Crassostrea gigas) inform farm management,https://www.sciencedirect.com/science/article/pii/S0044848619307513,"Site A, Hawkesbury River Estuary",Australia,NA,"-34.009025, 151.146594

","-34.009025, 151.146594

",-34.009025,151.146594,Magallana gigas,,Pacific Oyster,OsHV-1 μVar,2017,Field,Web of Science,,
74,Whittington et al. 2019,Whittington et al. 2019,2019,Long-term temporal and spatial patterns of Ostreid herpesvirus 1 (OsHV-1) infection and mortality in sentinel Pacific oyster spat (Crassostrea gigas) inform farm management,https://www.sciencedirect.com/science/article/pii/S0044848619307513,"Pelican Gut, Hawkesbury River Estuary",Australia,NA,"-34.006447, 151.152415

","-34.006447, 151.152415

",-34.006447,151.152415,Magallana gigas,,Pacific Oyster,OsHV-1 μVar,2013,Field,Web of Science,,
74,Whittington et al. 2019,Whittington et al. 2019,2019,Long-term temporal and spatial patterns of Ostreid herpesvirus 1 (OsHV-1) infection and mortality in sentinel Pacific oyster spat (Crassostrea gigas) inform farm management,https://www.sciencedirect.com/science/article/pii/S0044848619307513,"Pelican Gut, Hawkesbury River Estuary",Australia,NA,"-34.006447, 151.152415

","-34.006447, 151.152415

",-34.006447,151.152415,Magallana gigas,,Pacific Oyster,OsHV-1 μVar,2014,Field,Web of Science,,
74,Whittington et al. 2019,Whittington et al. 2019,2019,Long-term temporal and spatial patterns of Ostreid herpesvirus 1 (OsHV-1) infection and mortality in sentinel Pacific oyster spat (Crassostrea gigas) inform farm management,https://www.sciencedirect.com/science/article/pii/S0044848619307513,"Pelican Gut, Hawkesbury River Estuary",Australia,NA,"-34.006447, 151.152415

","-34.006447, 151.152415

",-34.006447,151.152415,Magallana gigas,,Pacific Oyster,OsHV-1 μVar,2015,Field,Web of Science,,
74,Whittington et al. 2019,Whittington et al. 2019,2019,Long-term temporal and spatial patterns of Ostreid herpesvirus 1 (OsHV-1) infection and mortality in sentinel Pacific oyster spat (Crassostrea gigas) inform farm management,https://www.sciencedirect.com/science/article/pii/S0044848619307513,"Pelican Gut, Hawkesbury River Estuary",Australia,NA,"-34.006447, 151.152415

","-34.006447, 151.152415

",-34.006447,151.152415,Magallana gigas,,Pacific Oyster,OsHV-1 μVar,2016,Field,Web of Science,,
74,Whittington et al. 2019,Whittington et al. 2019,2019,Long-term temporal and spatial patterns of Ostreid herpesvirus 1 (OsHV-1) infection and mortality in sentinel Pacific oyster spat (Crassostrea gigas) inform farm management,https://www.sciencedirect.com/science/article/pii/S0044848619307513,"Pelican Gut, Hawkesbury River Estuary",Australia,NA,"-34.006447, 151.152415

","-34.006447, 151.152415

",-34.006447,151.152415,Magallana gigas,,Pacific Oyster,OsHV-1 μVar,2017,Field,Web of Science,,
74,Whittington et al. 2019,Whittington et al. 2019,2019,Long-term temporal and spatial patterns of Ostreid herpesvirus 1 (OsHV-1) infection and mortality in sentinel Pacific oyster spat (Crassostrea gigas) inform farm management,https://www.sciencedirect.com/science/article/pii/S0044848619307513,"Site B, Hawkesbury River Estuary",Australia,NA,"-34.026340, 151.140668

","-34.026340, 151.140668

",-34.02634,151.140668,Magallana gigas,,Pacific Oyster,OsHV-1 μVar,2012,Field,Web of Science,,
74,Whittington et al. 2019,Whittington et al. 2019,2019,Long-term temporal and spatial patterns of Ostreid herpesvirus 1 (OsHV-1) infection and mortality in sentinel Pacific oyster spat (Crassostrea gigas) inform farm management,https://www.sciencedirect.com/science/article/pii/S0044848619307513,"Site B, Hawkesbury River Estuary",Australia,NA,"-34.026340, 151.140668

","-34.026340, 151.140668

",-34.02634,151.140668,Magallana gigas,,Pacific Oyster,OsHV-1 μVar,2013,Field,Web of Science,,
74,Whittington et al. 2019,Whittington et al. 2019,2019,Long-term temporal and spatial patterns of Ostreid herpesvirus 1 (OsHV-1) infection and mortality in sentinel Pacific oyster spat (Crassostrea gigas) inform farm management,https://www.sciencedirect.com/science/article/pii/S0044848619307513,"Site B, Hawkesbury River Estuary",Australia,NA,"-34.026340, 151.140668

","-34.026340, 151.140668

",-34.02634,151.140668,Magallana gigas,,Pacific Oyster,OsHV-1 μVar,2014,Field,Web of Science,,
74,Whittington et al. 2019,Whittington et al. 2019,2019,Long-term temporal and spatial patterns of Ostreid herpesvirus 1 (OsHV-1) infection and mortality in sentinel Pacific oyster spat (Crassostrea gigas) inform farm management,https://www.sciencedirect.com/science/article/pii/S0044848619307513,"Site B, Hawkesbury River Estuary",Australia,NA,"-34.026340, 151.140668

","-34.026340, 151.140668

",-34.02634,151.140668,Magallana gigas,,Pacific Oyster,OsHV-1 μVar,2015,Field,Web of Science,,
74,Whittington et al. 2019,Whittington et al. 2019,2019,Long-term temporal and spatial patterns of Ostreid herpesvirus 1 (OsHV-1) infection and mortality in sentinel Pacific oyster spat (Crassostrea gigas) inform farm management,https://www.sciencedirect.com/science/article/pii/S0044848619307513,"Site B, Hawkesbury River Estuary",Australia,NA,"-34.026340, 151.140668

","-34.026340, 151.140668

",-34.02634,151.140668,Magallana gigas,,Pacific Oyster,OsHV-1 μVar,2016,Field,Web of Science,,
74,Whittington et al. 2019,Whittington et al. 2019,2019,Long-term temporal and spatial patterns of Ostreid herpesvirus 1 (OsHV-1) infection and mortality in sentinel Pacific oyster spat (Crassostrea gigas) inform farm management,https://www.sciencedirect.com/science/article/pii/S0044848619307513,"Site B, Hawkesbury River Estuary",Australia,NA,"-34.026340, 151.140668

","-34.026340, 151.140668

",-34.02634,151.140668,Magallana gigas,,Pacific Oyster,OsHV-1 μVar,2017,Field,Web of Science,,
74,Whittington et al. 2019,Whittington et al. 2019,2019,Long-term temporal and spatial patterns of Ostreid herpesvirus 1 (OsHV-1) infection and mortality in sentinel Pacific oyster spat (Crassostrea gigas) inform farm management,https://www.sciencedirect.com/science/article/pii/S0044848619307513,"Site C, Hawkesbury River Estuary",Australia,NA,"-34.034890, 151.149019

","-34.034890, 151.149019

",-34.03489,151.149019,Magallana gigas,,Pacific Oyster,OsHV-1 μVar,2012,Field,Web of Science,,
74,Whittington et al. 2019,Whittington et al. 2019,2019,Long-term temporal and spatial patterns of Ostreid herpesvirus 1 (OsHV-1) infection and mortality in sentinel Pacific oyster spat (Crassostrea gigas) inform farm management,https://www.sciencedirect.com/science/article/pii/S0044848619307513,"Site C, Hawkesbury River Estuary",Australia,NA,"-34.034890, 151.149019

","-34.034890, 151.149019

",-34.03489,151.149019,Magallana gigas,,Pacific Oyster,OsHV-1 μVar,2013,Field,Web of Science,,
74,Whittington et al. 2019,Whittington et al. 2019,2019,Long-term temporal and spatial patterns of Ostreid herpesvirus 1 (OsHV-1) infection and mortality in sentinel Pacific oyster spat (Crassostrea gigas) inform farm management,https://www.sciencedirect.com/science/article/pii/S0044848619307513,"Site C, Hawkesbury River Estuary",Australia,NA,"-34.034890, 151.149019

","-34.034890, 151.149019

",-34.03489,151.149019,Magallana gigas,,Pacific Oyster,OsHV-1 μVar,2014,Field,Web of Science,,
74,Whittington et al. 2019,Whittington et al. 2019,2019,Long-term temporal and spatial patterns of Ostreid herpesvirus 1 (OsHV-1) infection and mortality in sentinel Pacific oyster spat (Crassostrea gigas) inform farm management,https://www.sciencedirect.com/science/article/pii/S0044848619307513,"Site C, Hawkesbury River Estuary",Australia,NA,"-34.034890, 151.149019

","-34.034890, 151.149019

",-34.03489,151.149019,Magallana gigas,,Pacific Oyster,OsHV-1 μVar,2015,Field,Web of Science,,
74,Whittington et al. 2019,Whittington et al. 2019,2019,Long-term temporal and spatial patterns of Ostreid herpesvirus 1 (OsHV-1) infection and mortality in sentinel Pacific oyster spat (Crassostrea gigas) inform farm management,https://www.sciencedirect.com/science/article/pii/S0044848619307513,"Site C, Hawkesbury River Estuary",Australia,NA,"-34.034890, 151.149019

","-34.034890, 151.149019

",-34.03489,151.149019,Magallana gigas,,Pacific Oyster,OsHV-1 μVar,2016,Field,Web of Science,,
74,Whittington et al. 2019,Whittington et al. 2019,2019,Long-term temporal and spatial patterns of Ostreid herpesvirus 1 (OsHV-1) infection and mortality in sentinel Pacific oyster spat (Crassostrea gigas) inform farm management,https://www.sciencedirect.com/science/article/pii/S0044848619307513,"Site C, Hawkesbury River Estuary",Australia,NA,"-34.034890, 151.149019

","-34.034890, 151.149019

",-34.03489,151.149019,Magallana gigas,,Pacific Oyster,OsHV-1 μVar,2017,Field,Web of Science,,
74,Whittington et al. 2019,Whittington et al. 2019,2019,Long-term temporal and spatial patterns of Ostreid herpesvirus 1 (OsHV-1) infection and mortality in sentinel Pacific oyster spat (Crassostrea gigas) inform farm management,https://www.sciencedirect.com/science/article/pii/S0044848619307513,"The Shed, Hawkesbury River Estuary",Australia,NA,"-34.038334, 151.151312

","-34.038334, 151.151312

",-34.038334,151.151312,Magallana gigas,,Pacific Oyster,OsHV-1 μVar,2013,Field,Web of Science,,
74,Whittington et al. 2019,Whittington et al. 2019,2019,Long-term temporal and spatial patterns of Ostreid herpesvirus 1 (OsHV-1) infection and mortality in sentinel Pacific oyster spat (Crassostrea gigas) inform farm management,https://www.sciencedirect.com/science/article/pii/S0044848619307513,"The Shed, Hawkesbury River Estuary",Australia,NA,"-34.038334, 151.151312

","-34.038334, 151.151312

",-34.038334,151.151312,Magallana gigas,,Pacific Oyster,OsHV-1 μVar,2014,Field,Web of Science,,
74,Whittington et al. 2019,Whittington et al. 2019,2019,Long-term temporal and spatial patterns of Ostreid herpesvirus 1 (OsHV-1) infection and mortality in sentinel Pacific oyster spat (Crassostrea gigas) inform farm management,https://www.sciencedirect.com/science/article/pii/S0044848619307513,"The Shed, Hawkesbury River Estuary",Australia,NA,"-34.038334, 151.151312

","-34.038334, 151.151312

",-34.038334,151.151312,Magallana gigas,,Pacific Oyster,OsHV-1 μVar,2015,Field,Web of Science,,
74,Whittington et al. 2019,Whittington et al. 2019,2019,Long-term temporal and spatial patterns of Ostreid herpesvirus 1 (OsHV-1) infection and mortality in sentinel Pacific oyster spat (Crassostrea gigas) inform farm management,https://www.sciencedirect.com/science/article/pii/S0044848619307513,"Sylvania Waters, Hawkesbury River Estuary",Australia,NA,"-34.015148, 151.117368

","-34.015148, 151.117368

",-34.015148,151.117368,Magallana gigas,,Pacific Oyster,OsHV-1 μVar,2013,Field,Web of Science,,
74,Whittington et al. 2019,Whittington et al. 2019,2019,Long-term temporal and spatial patterns of Ostreid herpesvirus 1 (OsHV-1) infection and mortality in sentinel Pacific oyster spat (Crassostrea gigas) inform farm management,https://www.sciencedirect.com/science/article/pii/S0044848619307513,"Sylvania Waters, Hawkesbury River Estuary",Australia,NA,"-34.015148, 151.117368

","-34.015148, 151.117368

",-34.015148,151.117368,Magallana gigas,,Pacific Oyster,OsHV-1 μVar,2014,Field,Web of Science,,
74,Whittington et al. 2019,Whittington et al. 2019,2019,Long-term temporal and spatial patterns of Ostreid herpesvirus 1 (OsHV-1) infection and mortality in sentinel Pacific oyster spat (Crassostrea gigas) inform farm management,https://www.sciencedirect.com/science/article/pii/S0044848619307513,"Sylvania Waters, Hawkesbury River Estuary",Australia,NA,"-34.015148, 151.117368

","-34.015148, 151.117368

",-34.015148,151.117368,Magallana gigas,,Pacific Oyster,OsHV-1 μVar,2015,Field,Web of Science,,
74,Whittington et al. 2019,Whittington et al. 2019,2019,Long-term temporal and spatial patterns of Ostreid herpesvirus 1 (OsHV-1) infection and mortality in sentinel Pacific oyster spat (Crassostrea gigas) inform farm management,https://www.sciencedirect.com/science/article/pii/S0044848619307513,"Sylvania Waters, Hawkesbury River Estuary",Australia,NA,"-34.015148, 151.117368

","-34.015148, 151.117368

",-34.015148,151.117368,Magallana gigas,,Pacific Oyster,OsHV-1 μVar,2016,Field,Web of Science,,
74,Whittington et al. 2019,Whittington et al. 2019,2019,Long-term temporal and spatial patterns of Ostreid herpesvirus 1 (OsHV-1) infection and mortality in sentinel Pacific oyster spat (Crassostrea gigas) inform farm management,https://www.sciencedirect.com/science/article/pii/S0044848619307513,"Sylvania Waters, Hawkesbury River Estuary",Australia,NA,"-34.015148, 151.117368

","-34.015148, 151.117368

",-34.015148,151.117368,Magallana gigas,,Pacific Oyster,OsHV-1 μVar,2017,Field,Web of Science,,
74,Whittington et al. 2019,Whittington et al. 2019,2019,Long-term temporal and spatial patterns of Ostreid herpesvirus 1 (OsHV-1) infection and mortality in sentinel Pacific oyster spat (Crassostrea gigas) inform farm management,https://www.sciencedirect.com/science/article/pii/S0044848619307513,"Neverfail Bay, Hawkesbury River Estuary",Australia,NA,"-33.576791, 151.130190

","-33.576791, 151.130190

",-33.576791,151.13019,Magallana gigas,,Pacific Oyster,OsHV-1 μVar,2013,Field,Web of Science,,
74,Whittington et al. 2019,Whittington et al. 2019,2019,Long-term temporal and spatial patterns of Ostreid herpesvirus 1 (OsHV-1) infection and mortality in sentinel Pacific oyster spat (Crassostrea gigas) inform farm management,https://www.sciencedirect.com/science/article/pii/S0044848619307513,"Neverfail Bay, Hawkesbury River Estuary",Australia,NA,"-33.576791, 151.130190

","-33.576791, 151.130190

",-33.576791,151.13019,Magallana gigas,,Pacific Oyster,OsHV-1 μVar,2014,Field,Web of Science,,
74,Whittington et al. 2019,Whittington et al. 2019,2019,Long-term temporal and spatial patterns of Ostreid herpesvirus 1 (OsHV-1) infection and mortality in sentinel Pacific oyster spat (Crassostrea gigas) inform farm management,https://www.sciencedirect.com/science/article/pii/S0044848619307513,"Neverfail Bay, Hawkesbury River Estuary",Australia,NA,"-33.576791, 151.130190

","-33.576791, 151.130190

",-33.576791,151.13019,Magallana gigas,,Pacific Oyster,OsHV-1 μVar,2015,Field,Web of Science,,
74,Whittington et al. 2019,Whittington et al. 2019,2019,Long-term temporal and spatial patterns of Ostreid herpesvirus 1 (OsHV-1) infection and mortality in sentinel Pacific oyster spat (Crassostrea gigas) inform farm management,https://www.sciencedirect.com/science/article/pii/S0044848619307513,"Neverfail Bay, Hawkesbury River Estuary",Australia,NA,"-33.576791, 151.130190

","-33.576791, 151.130190

",-33.576791,151.13019,Magallana gigas,,Pacific Oyster,OsHV-1 μVar,2016,Field,Web of Science,,
74,Whittington et al. 2019,Whittington et al. 2019,2019,Long-term temporal and spatial patterns of Ostreid herpesvirus 1 (OsHV-1) infection and mortality in sentinel Pacific oyster spat (Crassostrea gigas) inform farm management,https://www.sciencedirect.com/science/article/pii/S0044848619307513,"Neverfail Bay, Hawkesbury River Estuary",Australia,NA,"-33.576791, 151.130190

","-33.576791, 151.130190

",-33.576791,151.13019,Magallana gigas,,Pacific Oyster,OsHV-1 μVar,2017,Field,Web of Science,,
74,Whittington et al. 2019,Whittington et al. 2019,2019,Long-term temporal and spatial patterns of Ostreid herpesvirus 1 (OsHV-1) infection and mortality in sentinel Pacific oyster spat (Crassostrea gigas) inform farm management,https://www.sciencedirect.com/science/article/pii/S0044848619307513,"Limekiln Bar, Hawkesbury River Estuary",Australia,NA,"-33.588996, 151.117076

","-33.588996, 151.117076

",-33.588996,151.117076,Magallana gigas,,Pacific Oyster,OsHV-1 μVar,2013,Field,Web of Science,,
74,Whittington et al. 2019,Whittington et al. 2019,2019,Long-term temporal and spatial patterns of Ostreid herpesvirus 1 (OsHV-1) infection and mortality in sentinel Pacific oyster spat (Crassostrea gigas) inform farm management,https://www.sciencedirect.com/science/article/pii/S0044848619307513,"Limekiln Bar, Hawkesbury River Estuary",Australia,NA,"-33.588996, 151.117076

","-33.588996, 151.117076

",-33.588996,151.117076,Magallana gigas,,Pacific Oyster,OsHV-1 μVar,2014,Field,Web of Science,,
74,Whittington et al. 2019,Whittington et al. 2019,2019,Long-term temporal and spatial patterns of Ostreid herpesvirus 1 (OsHV-1) infection and mortality in sentinel Pacific oyster spat (Crassostrea gigas) inform farm management,https://www.sciencedirect.com/science/article/pii/S0044848619307513,"Limekiln Bar, Hawkesbury River Estuary",Australia,NA,"-33.588996, 151.117076

","-33.588996, 151.117076

",-33.588996,151.117076,Magallana gigas,,Pacific Oyster,OsHV-1 μVar,2015,Field,Web of Science,,
74,Whittington et al. 2019,Whittington et al. 2019,2019,Long-term temporal and spatial patterns of Ostreid herpesvirus 1 (OsHV-1) infection and mortality in sentinel Pacific oyster spat (Crassostrea gigas) inform farm management,https://www.sciencedirect.com/science/article/pii/S0044848619307513,"Limekiln Bar, Hawkesbury River Estuary",Australia,NA,"-33.588996, 151.117076

","-33.588996, 151.117076

",-33.588996,151.117076,Magallana gigas,,Pacific Oyster,OsHV-1 μVar,2016,Field,Web of Science,,
74,Whittington et al. 2019,Whittington et al. 2019,2019,Long-term temporal and spatial patterns of Ostreid herpesvirus 1 (OsHV-1) infection and mortality in sentinel Pacific oyster spat (Crassostrea gigas) inform farm management,https://www.sciencedirect.com/science/article/pii/S0044848619307513,"Limekiln Bar, Hawkesbury River Estuary",Australia,NA,"-33.588996, 151.117076

","-33.588996, 151.117076

",-33.588996,151.117076,Magallana gigas,,Pacific Oyster,OsHV-1 μVar,2017,Field,Web of Science,,
75,Grijalva-Chon et al. 2013,Grijalva-Chon et al. 2013,2013,"Detection of a new OsHV-1 DNA strain in the healthyPacific oyster,Crassostrea gigasThunberg, from the Gulfof California",https://pubmed.ncbi.nlm.nih.gov/24033643/,"Estero La Cruz, Sonora",Mexico,"28°47′34″N, 111°53′27″W","28.79278, -111.89083","28.79278, -111.89083",28.79278,-111.89083,Magallana gigas,,Pacific Oyster,OsHV-1 μVar,2011,Field,Snowball,,
76,Burioli et al. 2017,Burioli et al. 2017,2017,First description of a mortality event in adult Pacific oysters in Italy associated with infection by a Tenacibaculum soleae strain,https://onlinelibrary.wiley.com/doi/10.1111/jfd.12698,"San Teodoro Lagoon, Sardinia",Italy,NA,"40.802144, 9.667736","40.802144, 9.667736",40.802144,9.667736,Magallana gigas,,Pacific Oyster,OsHV-1,2014,Field,Snowball,,
77,Burioli et al. 2018,Burioli et al. 2018,2018,A novel divergent group of Ostreid herpesvirus 1 μVar variants associated with a mortality event in Pacific oyster spat in Normandy (France) in 2016,https://onlinelibrary.wiley.com/doi/10.1111/jfd.12883,"Blainville sur Mer, Normandy",France,NA,"49.066814, -1.597717","49.066814, -1.597717",49.066814,-1.597717,Magallana gigas,,Pacific Oyster,OsHV-1 μVar,2016,Field,Snowball,,
78,Zhang et al. 2023,Zhang et al. 2023,2023,Identification and Characterization of Infectious Pathogens Associated with Mass Mortalities of Pacific Oyster (Crassostrea gigas) Cultured in Northern China,https://www.mdpi.com/2079-7737/12/6/759,"LaiZ, Bohai Bay",China,NA,"37.238058, 119.748312

","37.238058, 119.748312

",37.238058,119.748312,Magallana gigas,,Pacific Oyster,OsHV-1,2020,Field,Snowball,,
79,Jenkins et al. 2013,Jenkins et al. 2013,2013,Identification and characterisation of an ostreid herpesvirus-1 microvariant (OsHV-1 µ-var) in Crassostrea gigas (Pacific oysters) in Australia,https://pubmed.ncbi.nlm.nih.gov/23872855/,"Woolooware Bay, Australia",Australia,NA,"-34.031666666666666, 151.1511111111111
","-34.031666666666666, 151.1511111111111
",-34.03166667,151.1511111,Magallana gigas,,Pacific Oyster,OsHV-1 μVar,2010,Field,Snowball,,
79,Jenkins et al. 2013,Jenkins et al. 2013,2013,Identification and characterisation of an ostreid herpesvirus-1 microvariant (OsHV-1 µ-var) in Crassostrea gigas (Pacific oysters) in Australia,https://pubmed.ncbi.nlm.nih.gov/23872855/,"Woolooware Bay, Australia",Australia,NA,"-34.031666666666666, 151.1511111111111
","-34.031666666666666, 151.1511111111111
",-34.03166667,151.1511111,Magallana gigas,,Pacific Oyster,OsHV-1 μVar,2010,Field,Snowball,,
79,Jenkins et al. 2013,Jenkins et al. 2013,2013,Identification and characterisation of an ostreid herpesvirus-1 microvariant (OsHV-1 µ-var) in Crassostrea gigas (Pacific oysters) in Australia,https://pubmed.ncbi.nlm.nih.gov/23872855/,"Parmatta River, Australia",Australia,NA,"-33.843322, 151.140800

","-33.843322, 151.140800

",-33.843322,151.1408,Magallana gigas,,Pacific Oyster,OsHV-1 μVar,2011,Field,Snowball,,
79,Jenkins et al. 2013,Jenkins et al. 2013,2013,Identification and characterisation of an ostreid herpesvirus-1 microvariant (OsHV-1 µ-var) in Crassostrea gigas (Pacific oysters) in Australia,https://pubmed.ncbi.nlm.nih.gov/23872855/,"Quibray Bay, Australia",Australia,NA,"-34.015739, 151.188585","-34.015739, 151.188585",-34.015739,151.188585,Magallana gigas,,Pacific Oyster,OsHV-1 μVar,2011,Field,Snowball,,
80,Arzul et al. 2002,Arzul et al. 2002,2002,Detection of oyster herpesvirus DNA and proteins in asymptomatic Crassostrea gigas adults,https://www.sciencedirect.com/science/article/pii/S0168170202000072?via%3Dihub,La Tremblade,France,NA,"45.795130, -1.236367","45.795130, -1.236367",45.79513,-1.236367,Magallana gigas,,Pacific Oyster,OsHV-1,2000,Field,Snowball,,
81,Peeler et al. 2012,Peeler et al. 2012,2012,Investigation of mortality in Pacific oysters associated with Ostreid herpesvirus-1 μVar in the Republic of Ireland in 2009,https://www.sciencedirect.com/science/article/pii/S016758771200061X,Trawbreaga,Ireland,NA,"55.286209, -7.293413","55.286209, -7.293413",55.286209,-7.293413,Magallana gigas,,Pacific Oyster,OsHV-1 μVar,2009,Field,Snowball,,
81,Peeler et al. 2012,Peeler et al. 2012,2012,Investigation of mortality in Pacific oysters associated with Ostreid herpesvirus-1 μVar in the Republic of Ireland in 2009,https://www.sciencedirect.com/science/article/pii/S016758771200061X,Dungloe,Ireland,NA,"54.949387, -8.364449","54.949387, -8.364449",54.949387,-8.364449,Magallana gigas,,Pacific Oyster,OsHV-1 μVar,2009,Field,Snowball,,
81,Peeler et al. 2012,Peeler et al. 2012,2012,Investigation of mortality in Pacific oysters associated with Ostreid herpesvirus-1 μVar in the Republic of Ireland in 2009,https://www.sciencedirect.com/science/article/pii/S016758771200061X,Trawenagh,Ireland,NA,"54.891657, -8.359944","54.891657, -8.359944",54.891657,-8.359944,Magallana gigas,,Pacific Oyster,OsHV-1 μVar,2009,Field,Snowball,,
81,Peeler et al. 2012,Peeler et al. 2012,2012,Investigation of mortality in Pacific oysters associated with Ostreid herpesvirus-1 μVar in the Republic of Ireland in 2009,https://www.sciencedirect.com/science/article/pii/S016758771200061X,Loughras,Ireland,NA,"54.789360, -8.549237","54.789360, -8.549237",54.78936,-8.549237,Magallana gigas,,Pacific Oyster,OsHV-1 μVar,2009,Field,Snowball,,
81,Peeler et al. 2012,Peeler et al. 2012,2012,Investigation of mortality in Pacific oysters associated with Ostreid herpesvirus-1 μVar in the Republic of Ireland in 2009,https://www.sciencedirect.com/science/article/pii/S016758771200061X,Donegal Bay,Ireland,NA,"54.650475, -8.117177","54.650475, -8.117177",54.650475,-8.117177,Magallana gigas,,Pacific Oyster,OsHV-1 μVar,2009,Field,Snowball,,
81,Peeler et al. 2012,Peeler et al. 2012,2012,Investigation of mortality in Pacific oysters associated with Ostreid herpesvirus-1 μVar in the Republic of Ireland in 2009,https://www.sciencedirect.com/science/article/pii/S016758771200061X,Achill Sound,Ireland,NA,"53.930654, -9.922565","53.930654, -9.922565",53.930654,-9.922565,Magallana gigas,,Pacific Oyster,OsHV-1 μVar,2009,Field,Snowball,,
81,Peeler et al. 2012,Peeler et al. 2012,2012,Investigation of mortality in Pacific oysters associated with Ostreid herpesvirus-1 μVar in the Republic of Ireland in 2009,https://www.sciencedirect.com/science/article/pii/S016758771200061X,Clew Bay,Ireland,NA,"53.832573, -9.780322","53.832573, -9.780322",53.832573,-9.780322,Magallana gigas,,Pacific Oyster,OsHV-1 μVar,2009,Field,Snowball,,
81,Peeler et al. 2012,Peeler et al. 2012,2012,Investigation of mortality in Pacific oysters associated with Ostreid herpesvirus-1 μVar in the Republic of Ireland in 2009,https://www.sciencedirect.com/science/article/pii/S016758771200061X,Castlemaine,Ireland,NA,"52.167350, -9.702215","52.167350, -9.702213",52.16735,-9.702213,Magallana gigas,,Pacific Oyster,OsHV-1 μVar,2009,Field,Snowball,,
81,Peeler et al. 2012,Peeler et al. 2012,2012,Investigation of mortality in Pacific oysters associated with Ostreid herpesvirus-1 μVar in the Republic of Ireland in 2009,https://www.sciencedirect.com/science/article/pii/S016758771200061X,Caherciveen,Ireland,NA,"51.949487, -10.225544

","51.949487, -10.225544

",51.949487,-10.225544,Magallana gigas,,Pacific Oyster,OsHV-1 μVar,2009,Field,Snowball,,
81,Peeler et al. 2012,Peeler et al. 2012,2012,Investigation of mortality in Pacific oysters associated with Ostreid herpesvirus-1 μVar in the Republic of Ireland in 2009,https://www.sciencedirect.com/science/article/pii/S016758771200061X,Baltimore/River Ilen,Ireland,NA,"51.487829, -9.368446","51.487829, -9.368446",51.487829,-9.368446,Magallana gigas,,Pacific Oyster,OsHV-1 μVar,2009,Field,Snowball,,
81,Peeler et al. 2012,Peeler et al. 2012,2012,Investigation of mortality in Pacific oysters associated with Ostreid herpesvirus-1 μVar in the Republic of Ireland in 2009,https://www.sciencedirect.com/science/article/pii/S016758771200061X,Dungarvan Harbour,Ireland,NA,"52.06904729263853, -7.573733962411507","52.06904729263853, -7.573733962411507",52.06904729,-7.573733962,Magallana gigas,,Pacific Oyster,OsHV-1 μVar,2009,Field,Snowball,,
81,Peeler et al. 2012,Peeler et al. 2012,2012,Investigation of mortality in Pacific oysters associated with Ostreid herpesvirus-1 μVar in the Republic of Ireland in 2009,https://www.sciencedirect.com/science/article/pii/S016758771200061X,Waterford Harbour,Ireland,NA,"52.164997, -6.918275","52.164997, -6.918275",52.164997,-6.918275,Magallana gigas,,Pacific Oyster,OsHV-1 μVar,2009,Field,Snowball,,
81,Peeler et al. 2012,Peeler et al. 2012,2012,Investigation of mortality in Pacific oysters associated with Ostreid herpesvirus-1 μVar in the Republic of Ireland in 2009,https://www.sciencedirect.com/science/article/pii/S016758771200061X,Carlingford Lough,Ireland,NA,"54.042005, -6.183865","54.042005, -6.183865",54.042005,-6.183865,Magallana gigas,,Pacific Oyster,OsHV-1 μVar,2009,Field,Snowball,,
82,Martenot et al. 2011,Martenot et al. 2011,2011,"Detection of different variants of Ostreid Herpesvirus 1 in the Pacific oyster, Crassostrea gigas between 2008 and 2010",https://www.sciencedirect.com/science/article/pii/S0168170211001481?via%3Dihub,Jersey,United Kingdom,NA,"49.243001, -2.074068","49.243001, -2.074068",49.243001,-2.074068,Magallana gigas,,Pacific Oyster,OsHV-1 μVar,2008,Field,Web of Science,,
82,Martenot et al. 2011,Martenot et al. 2011,2011,"Detection of different variants of Ostreid Herpesvirus 1 in the Pacific oyster, Crassostrea gigas between 2008 and 2010",https://www.sciencedirect.com/science/article/pii/S0168170211001481?via%3Dihub,Normandy,France,NA,"49.717346, -1.907873","49.717346, -1.907873",49.717346,-1.907873,Magallana gigas,,Pacific Oyster,OsHV-1 μVar,2008,Field,Web of Science,,
82,Martenot et al. 2011,Martenot et al. 2011,2011,"Detection of different variants of Ostreid Herpesvirus 1 in the Pacific oyster, Crassostrea gigas between 2008 and 2010",https://www.sciencedirect.com/science/article/pii/S0168170211001481?via%3Dihub,Baie des Veys,France,NA,"49.386373, -1.130040","49.386373, -1.130040",49.386373,-1.13004,Magallana gigas,,Pacific Oyster,OsHV-1 μVar,2008,Field,Web of Science,,
82,Martenot et al. 2011,Martenot et al. 2011,2011,"Detection of different variants of Ostreid Herpesvirus 1 in the Pacific oyster, Crassostrea gigas between 2008 and 2010",https://www.sciencedirect.com/science/article/pii/S0168170211001481?via%3Dihub,Arcachon,France,NA,"44.651403, -1.175354","44.651403, -1.175354",44.651403,-1.175354,Magallana gigas,,Pacific Oyster,OsHV-1 μVar,2008,Field,Web of Science,,
82,Martenot et al. 2011,Martenot et al. 2011,2011,"Detection of different variants of Ostreid Herpesvirus 1 in the Pacific oyster, Crassostrea gigas between 2008 and 2010",https://www.sciencedirect.com/science/article/pii/S0168170211001481?via%3Dihub,Brittany,France,NA,"48.605617, -2.647681","48.605617, -2.647681",48.605617,-2.647681,Magallana gigas,,Pacific Oyster,OsHV-1 μVar,2008,Field,Web of Science,,
82,Martenot et al. 2011,Martenot et al. 2011,2011,"Detection of different variants of Ostreid Herpesvirus 1 in the Pacific oyster, Crassostrea gigas between 2008 and 2010",https://www.sciencedirect.com/science/article/pii/S0168170211001481?via%3Dihub,Clew Bay,Ireland,NA,"53.832573, -9.780322","53.832573, -9.780322",53.832573,-9.780322,Magallana gigas,,Pacific Oyster,OsHV-1 μVar,2008,Field,Web of Science,,
82,Martenot et al. 2011,Martenot et al. 2011,2011,"Detection of different variants of Ostreid Herpesvirus 1 in the Pacific oyster, Crassostrea gigas between 2008 and 2010",https://www.sciencedirect.com/science/article/pii/S0168170211001481?via%3Dihub,Cork,Ireland,NA,"51.857920, -8.264120","51.857920, -8.264120",51.85792,-8.26412,Magallana gigas,,Pacific Oyster,OsHV-1 μVar,2008,Field,Web of Science,,
82,Martenot et al. 2011,Martenot et al. 2011,2011,"Detection of different variants of Ostreid Herpesvirus 1 in the Pacific oyster, Crassostrea gigas between 2008 and 2010",https://www.sciencedirect.com/science/article/pii/S0168170211001481?via%3Dihub,Donegal,Ireland,NA,"54.650475, -8.117177","54.650475, -8.117177",54.650475,-8.117177,Magallana gigas,,Pacific Oyster,OsHV-1 μVar,2008,Field,Web of Science,,
82,Martenot et al. 2011,Martenot et al. 2011,2011,"Detection of different variants of Ostreid Herpesvirus 1 in the Pacific oyster, Crassostrea gigas between 2008 and 2010",https://www.sciencedirect.com/science/article/pii/S0168170211001481?via%3Dihub,Jersey,United Kingdom,NA,"49.243001, -2.074068","49.243001, -2.074068",49.243001,-2.074068,Magallana gigas,,Pacific Oyster,OsHV-1 μVar,2009,Field,Web of Science,,
82,Martenot et al. 2011,Martenot et al. 2011,2011,"Detection of different variants of Ostreid Herpesvirus 1 in the Pacific oyster, Crassostrea gigas between 2008 and 2010",https://www.sciencedirect.com/science/article/pii/S0168170211001481?via%3Dihub,Normandy,France,NA,"49.717346, -1.907873","49.717346, -1.907873",49.717346,-1.907873,Magallana gigas,,Pacific Oyster,OsHV-1 μVar,2009,Field,Web of Science,,
82,Martenot et al. 2011,Martenot et al. 2011,2011,"Detection of different variants of Ostreid Herpesvirus 1 in the Pacific oyster, Crassostrea gigas between 2008 and 2010",https://www.sciencedirect.com/science/article/pii/S0168170211001481?via%3Dihub,Baie des Veys,France,NA,"49.386373, -1.130040","49.386373, -1.130040",49.386373,-1.13004,Magallana gigas,,Pacific Oyster,OsHV-1 μVar,2009,Field,Web of Science,,
82,Martenot et al. 2011,Martenot et al. 2011,2011,"Detection of different variants of Ostreid Herpesvirus 1 in the Pacific oyster, Crassostrea gigas between 2008 and 2010",https://www.sciencedirect.com/science/article/pii/S0168170211001481?via%3Dihub,Arcachon,France,NA,"44.651403, -1.175354","44.651403, -1.175354",44.651403,-1.175354,Magallana gigas,,Pacific Oyster,OsHV-1 μVar,2009,Field,Web of Science,,
82,Martenot et al. 2011,Martenot et al. 2011,2011,"Detection of different variants of Ostreid Herpesvirus 1 in the Pacific oyster, Crassostrea gigas between 2008 and 2010",https://www.sciencedirect.com/science/article/pii/S0168170211001481?via%3Dihub,Brittany,France,NA,"48.605617, -2.647681","48.605617, -2.647681",48.605617,-2.647681,Magallana gigas,,Pacific Oyster,OsHV-1 μVar,2009,Field,Web of Science,,
82,Martenot et al. 2011,Martenot et al. 2011,2011,"Detection of different variants of Ostreid Herpesvirus 1 in the Pacific oyster, Crassostrea gigas between 2008 and 2010",https://www.sciencedirect.com/science/article/pii/S0168170211001481?via%3Dihub,Clew Bay,Ireland,NA,"53.832573, -9.780322","53.832573, -9.780322",53.832573,-9.780322,Magallana gigas,,Pacific Oyster,OsHV-1 μVar,2009,Field,Web of Science,,
82,Martenot et al. 2011,Martenot et al. 2011,2011,"Detection of different variants of Ostreid Herpesvirus 1 in the Pacific oyster, Crassostrea gigas between 2008 and 2010",https://www.sciencedirect.com/science/article/pii/S0168170211001481?via%3Dihub,Cork,Ireland,NA,"51.857920, -8.264120","51.857920, -8.264120",51.85792,-8.26412,Magallana gigas,,Pacific Oyster,OsHV-1 μVar,2009,Field,Web of Science,,
82,Martenot et al. 2011,Martenot et al. 2011,2011,"Detection of different variants of Ostreid Herpesvirus 1 in the Pacific oyster, Crassostrea gigas between 2008 and 2010",https://www.sciencedirect.com/science/article/pii/S0168170211001481?via%3Dihub,Donegal,Ireland,NA,"54.650475, -8.117177","54.650475, -8.117177",54.650475,-8.117177,Magallana gigas,,Pacific Oyster,OsHV-1 μVar,2009,Field,Web of Science,,
82,Martenot et al. 2011,Martenot et al. 2011,2011,"Detection of different variants of Ostreid Herpesvirus 1 in the Pacific oyster, Crassostrea gigas between 2008 and 2010",https://www.sciencedirect.com/science/article/pii/S0168170211001481?via%3Dihub,Jersey,United Kingdom,NA,"49.243001, -2.074068","49.243001, -2.074068",49.243001,-2.074068,Magallana gigas,,Pacific Oyster,OsHV-1 μVar,2010,Field,Web of Science,,
82,Martenot et al. 2011,Martenot et al. 2011,2011,"Detection of different variants of Ostreid Herpesvirus 1 in the Pacific oyster, Crassostrea gigas between 2008 and 2010",https://www.sciencedirect.com/science/article/pii/S0168170211001481?via%3Dihub,Normandy,France,NA,"49.717346, -1.907873","49.717346, -1.907873",49.717346,-1.907873,Magallana gigas,,Pacific Oyster,OsHV-1 μVar,2010,Field,Web of Science,,
82,Martenot et al. 2011,Martenot et al. 2011,2011,"Detection of different variants of Ostreid Herpesvirus 1 in the Pacific oyster, Crassostrea gigas between 2008 and 2010",https://www.sciencedirect.com/science/article/pii/S0168170211001481?via%3Dihub,Baie des Veys,France,NA,"49.386373, -1.130040","49.386373, -1.130040",49.386373,-1.13004,Magallana gigas,,Pacific Oyster,OsHV-1 μVar,2010,Field,Web of Science,,
82,Martenot et al. 2011,Martenot et al. 2011,2011,"Detection of different variants of Ostreid Herpesvirus 1 in the Pacific oyster, Crassostrea gigas between 2008 and 2010",https://www.sciencedirect.com/science/article/pii/S0168170211001481?via%3Dihub,Arcachon,France,NA,"44.651403, -1.175354","44.651403, -1.175354",44.651403,-1.175354,Magallana gigas,,Pacific Oyster,OsHV-1 μVar,2010,Field,Web of Science,,
82,Martenot et al. 2011,Martenot et al. 2011,2011,"Detection of different variants of Ostreid Herpesvirus 1 in the Pacific oyster, Crassostrea gigas between 2008 and 2010",https://www.sciencedirect.com/science/article/pii/S0168170211001481?via%3Dihub,Brittany,France,NA,"48.605617, -2.647681","48.605617, -2.647681",48.605617,-2.647681,Magallana gigas,,Pacific Oyster,OsHV-1 μVar,2010,Field,Web of Science,,
82,Martenot et al. 2011,Martenot et al. 2011,2011,"Detection of different variants of Ostreid Herpesvirus 1 in the Pacific oyster, Crassostrea gigas between 2008 and 2010",https://www.sciencedirect.com/science/article/pii/S0168170211001481?via%3Dihub,Clew Bay,Ireland,NA,"53.832573, -9.780322","53.832573, -9.780322",53.832573,-9.780322,Magallana gigas,,Pacific Oyster,OsHV-1 μVar,2010,Field,Web of Science,,
82,Martenot et al. 2011,Martenot et al. 2011,2011,"Detection of different variants of Ostreid Herpesvirus 1 in the Pacific oyster, Crassostrea gigas between 2008 and 2010",https://www.sciencedirect.com/science/article/pii/S0168170211001481?via%3Dihub,Cork,Ireland,NA,"51.857920, -8.264120","51.857920, -8.264120",51.85792,-8.26412,Magallana gigas,,Pacific Oyster,OsHV-1 μVar,2010,Field,Web of Science,,
82,Martenot et al. 2011,Martenot et al. 2011,2011,"Detection of different variants of Ostreid Herpesvirus 1 in the Pacific oyster, Crassostrea gigas between 2008 and 2010",https://www.sciencedirect.com/science/article/pii/S0168170211001481?via%3Dihub,Donegal,Ireland,NA,"54.650475, -8.117177","54.650475, -8.117177",54.650475,-8.117177,Magallana gigas,,Pacific Oyster,OsHV-1 μVar,2010,Field,Web of Science,,
83,Degremont 2011,Degremont 2011,2011,Evidence of herpesvirus (OsHV-1) resistance in juvenile Crassostrea gigas selected for high resistance to the summer mortality phenomenon,https://www.sciencedirect.com/science/article/pii/S0044848611003565?via%3Dihub,"Agnas, Marennes-Oléron Bay",France,NA,"45.861648, -1.125883","45.861648, -1.125883",45.861648,-1.125883,Magallana gigas,,Pacific Oyster,OsHV-1 ,2009,Field,Web of Science,,
84,Martínez-García et al. 2020,Martínez-García et al. 2020,2020,"Prevalence and genotypic diversity of ostreid herpesvirus type 1 in Crassostrea gigas cultured in the Gulf of California, Mexico",https://www.int-res.com/abstracts/dao/v138/p185-194/,"La Cruz coastal lagoon, Sonora",Mexico,NA,"28.79278, -111.89083","28.79278, -111.89083",28.79278,-111.89083,Magallana gigas,,Pacific Oyster,OsHV-1,2017,Field,Web of Science,,
84,Martínez-García et al. 2020,Martínez-García et al. 2020,2020,"Prevalence and genotypic diversity of ostreid herpesvirus type 1 in Crassostrea gigas cultured in the Gulf of California, Mexico",https://www.int-res.com/abstracts/dao/v138/p185-194/,"La Cruz coastal lagoon, Sonora",Mexico,NA,"28.79278, -111.89083","28.79278, -111.89083",28.79278,-111.89083,Magallana gigas,,Pacific Oyster,OsHV-1,2018,Field,Web of Science,,
84,Martínez-García et al. 2020,Martínez-García et al. 2020,2020,"Prevalence and genotypic diversity of ostreid herpesvirus type 1 in Crassostrea gigas cultured in the Gulf of California, Mexico",https://www.int-res.com/abstracts/dao/v138/p185-194/,"La Cruz coastal lagoon, Sonora",Mexico,NA,"28.79278, -111.89083","28.79278, -111.89083",28.79278,-111.89083,Magallana gigas,,Pacific Oyster,OsHV-1 μVar,2017,Field,Web of Science,,
84,Martínez-García et al. 2020,Martínez-García et al. 2020,2020,"Prevalence and genotypic diversity of ostreid herpesvirus type 1 in Crassostrea gigas cultured in the Gulf of California, Mexico",https://www.int-res.com/abstracts/dao/v138/p185-194/,"La Cruz coastal lagoon, Sonora",Mexico,NA,"28.79278, -111.89083","28.79278, -111.89083",28.79278,-111.89083,Magallana gigas,,Pacific Oyster,OsHV-1 μVar,2018,Field,Web of Science,,
84,Martínez-García et al. 2020,Martínez-García et al. 2020,2020,"Prevalence and genotypic diversity of ostreid herpesvirus type 1 in Crassostrea gigas cultured in the Gulf of California, Mexico",https://www.int-res.com/abstracts/dao/v138/p185-194/,"La Cruz coastal lagoon, Sonora",Mexico,NA,"28.79278, -111.89083","28.79278, -111.89083",28.79278,-111.89083,Magallana gigas,,Pacific Oyster,AVNV,2017,Field,Web of Science,,
84,Martínez-García et al. 2020,Martínez-García et al. 2020,2020,"Prevalence and genotypic diversity of ostreid herpesvirus type 1 in Crassostrea gigas cultured in the Gulf of California, Mexico",https://www.int-res.com/abstracts/dao/v138/p185-194/,"La Cruz coastal lagoon, Sonora",Mexico,NA,"28.79278, -111.89083","28.79278, -111.89083",28.79278,-111.89083,Magallana gigas,,Pacific Oyster,AVNV,2018,Field,Web of Science,,
85,Martenot et al. 2012,Martenot et al. 2012,2012,Detection of the OsHV-1 μVar in the Pacific oyster Crassostrea gigas before 2008 in France and description of two new microvariants of the Ostreid Herpesvirus 1 (OsHV-1),https://www.sciencedirect.com/science/article/pii/S004484861101012X?via%3Dihub,"Bay of St Vaast La Hougue, Normandy",France,NA,"49.599347, -1.258256","49.599347, -1.258256",49.599347,-1.258256,Magallana gigas,,Pacific Oyster,OsHV-1 μVar,2004,Field,Web of Science,,
85,Martenot et al. 2012,Martenot et al. 2012,2012,Detection of the OsHV-1 μVar in the Pacific oyster Crassostrea gigas before 2008 in France and description of two new microvariants of the Ostreid Herpesvirus 1 (OsHV-1),https://www.sciencedirect.com/science/article/pii/S004484861101012X?via%3Dihub,"Bay of St Vaast La Hougue, Normandy",France,NA,"49.599347, -1.258256","49.599347, -1.258256",49.599347,-1.258256,Magallana gigas,,Pacific Oyster,OsHV-1 μVar,2005,Field,Web of Science,,
85,Martenot et al. 2012,Martenot et al. 2012,2012,Detection of the OsHV-1 μVar in the Pacific oyster Crassostrea gigas before 2008 in France and description of two new microvariants of the Ostreid Herpesvirus 1 (OsHV-1),https://www.sciencedirect.com/science/article/pii/S004484861101012X?via%3Dihub,Normandy,France,NA,"49.717346, -1.907873","49.717346, -1.907873",49.717346,-1.907873,Magallana gigas,,Pacific Oyster,OsHV-1 μVar,2010,Field,Web of Science,,
85,Martenot et al. 2012,Martenot et al. 2012,2012,Detection of the OsHV-1 μVar in the Pacific oyster Crassostrea gigas before 2008 in France and description of two new microvariants of the Ostreid Herpesvirus 1 (OsHV-1),https://www.sciencedirect.com/science/article/pii/S004484861101012X?via%3Dihub,Normandy,France,NA,"49.717346, -1.907873","49.717346, -1.907873",49.717346,-1.907873,Magallana gigas,,Pacific Oyster,OsHV-1 μVar,2011,Field,Web of Science,,
85,Martenot et al. 2012,Martenot et al. 2012,2012,Detection of the OsHV-1 μVar in the Pacific oyster Crassostrea gigas before 2008 in France and description of two new microvariants of the Ostreid Herpesvirus 1 (OsHV-1),https://www.sciencedirect.com/science/article/pii/S004484861101012X?via%3Dihub,Brittany,France,NA,"48.605617, -2.647681","48.605617, -2.647681",48.605617,-2.647681,Magallana gigas,,Pacific Oyster,OsHV-1 μVar,2010,Field,Web of Science,,
85,Martenot et al. 2012,Martenot et al. 2012,2012,Detection of the OsHV-1 μVar in the Pacific oyster Crassostrea gigas before 2008 in France and description of two new microvariants of the Ostreid Herpesvirus 1 (OsHV-1),https://www.sciencedirect.com/science/article/pii/S004484861101012X?via%3Dihub,Brittany,France,NA,"48.605617, -2.647681","48.605617, -2.647681",48.605617,-2.647681,Magallana gigas,,Pacific Oyster,OsHV-1 μVar,2011,Field,Web of Science,,
85,Martenot et al. 2012,Martenot et al. 2012,2012,Detection of the OsHV-1 μVar in the Pacific oyster Crassostrea gigas before 2008 in France and description of two new microvariants of the Ostreid Herpesvirus 1 (OsHV-1),https://www.sciencedirect.com/science/article/pii/S004484861101012X?via%3Dihub,Gironde,France,NA,"45.470914, -1.174064","45.470914, -1.174064",45.470914,-1.174064,Magallana gigas,,Pacific Oyster,OsHV-1 μVar,2010,Field,Web of Science,,
85,Martenot et al. 2012,Martenot et al. 2012,2012,Detection of the OsHV-1 μVar in the Pacific oyster Crassostrea gigas before 2008 in France and description of two new microvariants of the Ostreid Herpesvirus 1 (OsHV-1),https://www.sciencedirect.com/science/article/pii/S004484861101012X?via%3Dihub,Gironde,France,NA,"45.470914, -1.174064","45.470914, -1.174064",45.470914,-1.174064,Magallana gigas,,Pacific Oyster,OsHV-1 μVar,2011,Field,Web of Science,,
85,Martenot et al. 2012,Martenot et al. 2012,2012,Detection of the OsHV-1 μVar in the Pacific oyster Crassostrea gigas before 2008 in France and description of two new microvariants of the Ostreid Herpesvirus 1 (OsHV-1),https://www.sciencedirect.com/science/article/pii/S004484861101012X?via%3Dihub,Languedoc-Rousillon (Pond of Thau),France,NA,"43.379087, 3.571483","43.379087, 3.571483",43.379087,3.571483,Magallana gigas,,Pacific Oyster,OsHV-1 μVar,2010,Field,Web of Science,,
85,Martenot et al. 2012,Martenot et al. 2012,2012,Detection of the OsHV-1 μVar in the Pacific oyster Crassostrea gigas before 2008 in France and description of two new microvariants of the Ostreid Herpesvirus 1 (OsHV-1),https://www.sciencedirect.com/science/article/pii/S004484861101012X?via%3Dihub,Languedoc-Rousillon (Pond of Thau),France,NA,"43.379087, 3.571483","43.379087, 3.571483",43.379087,3.571483,Magallana gigas,,Pacific Oyster,OsHV-1 μVar,2011,Field,Web of Science,,
85,Martenot et al. 2012,Martenot et al. 2012,2012,Detection of the OsHV-1 μVar in the Pacific oyster Crassostrea gigas before 2008 in France and description of two new microvariants of the Ostreid Herpesvirus 1 (OsHV-1),https://www.sciencedirect.com/science/article/pii/S004484861101012X?via%3Dihub,Vendée,France,NA,"46.832531, -2.150655","46.832531, -2.150655",46.832531,-2.150655,Magallana gigas,,Pacific Oyster,OsHV-1 μVar,2010,Field,Web of Science,,
85,Martenot et al. 2012,Martenot et al. 2012,2012,Detection of the OsHV-1 μVar in the Pacific oyster Crassostrea gigas before 2008 in France and description of two new microvariants of the Ostreid Herpesvirus 1 (OsHV-1),https://www.sciencedirect.com/science/article/pii/S004484861101012X?via%3Dihub,Vendée,France,NA,"46.832531, -2.150655","46.832531, -2.150655",46.832531,-2.150655,Magallana gigas,,Pacific Oyster,OsHV-1 μVar,2011,Field,Web of Science,,
85,Martenot et al. 2012,Martenot et al. 2012,2012,Detection of the OsHV-1 μVar in the Pacific oyster Crassostrea gigas before 2008 in France and description of two new microvariants of the Ostreid Herpesvirus 1 (OsHV-1),https://www.sciencedirect.com/science/article/pii/S004484861101012X?via%3Dihub,NA,Ireland,NA,"-41.283525, 174.832068

","-41.283525, 174.832068

",-41.283525,174.832068,Magallana gigas,,Pacific Oyster,OsHV-1 μVar,2010,Field,Web of Science,,
85,Martenot et al. 2012,Martenot et al. 2012,2012,Detection of the OsHV-1 μVar in the Pacific oyster Crassostrea gigas before 2008 in France and description of two new microvariants of the Ostreid Herpesvirus 1 (OsHV-1),https://www.sciencedirect.com/science/article/pii/S004484861101012X?via%3Dihub,NA,Ireland,NA,"-41.283525, 174.832068

","-41.283525, 174.832068

",-41.283525,174.832068,Magallana gigas,,Pacific Oyster,OsHV-1 μVar,2011,Field,Web of Science,,
85,Martenot et al. 2012,Martenot et al. 2012,2012,Detection of the OsHV-1 μVar in the Pacific oyster Crassostrea gigas before 2008 in France and description of two new microvariants of the Ostreid Herpesvirus 1 (OsHV-1),https://www.sciencedirect.com/science/article/pii/S004484861101012X?via%3Dihub,New Caledonia,France,NA,"-20.816845, 165.289901","-20.816845, 165.289901",-20.816845,165.289901,Magallana gigas,,Pacific Oyster,OsHV-1 μVar,2010,Field,Web of Science,,
85,Martenot et al. 2012,Martenot et al. 2012,2012,Detection of the OsHV-1 μVar in the Pacific oyster Crassostrea gigas before 2008 in France and description of two new microvariants of the Ostreid Herpesvirus 1 (OsHV-1),https://www.sciencedirect.com/science/article/pii/S004484861101012X?via%3Dihub,New Caledonia,France,NA,"-20.816845, 165.289901","-20.816845, 165.289901",-20.816845,165.289901,Magallana gigas,,Pacific Oyster,OsHV-1 μVar,2011,Field,Web of Science,,
85,Martenot et al. 2012,Martenot et al. 2012,2012,Detection of the OsHV-1 μVar in the Pacific oyster Crassostrea gigas before 2008 in France and description of two new microvariants of the Ostreid Herpesvirus 1 (OsHV-1),https://www.sciencedirect.com/science/article/pii/S004484861101012X?via%3Dihub,United Kingdom,United Kingdom,NA,"53.726216, -4.723132","53.726216, -4.723132",53.726216,-4.723132,Magallana gigas,,Pacific Oyster,OsHV-1 μVar,2010,Field,Web of Science,,
85,Martenot et al. 2012,Martenot et al. 2012,2012,Detection of the OsHV-1 μVar in the Pacific oyster Crassostrea gigas before 2008 in France and description of two new microvariants of the Ostreid Herpesvirus 1 (OsHV-1),https://www.sciencedirect.com/science/article/pii/S004484861101012X?via%3Dihub,United Kingdom,United Kingdom,NA,"53.726216, -4.723132","53.726216, -4.723132",53.726216,-4.723132,Magallana gigas,,Pacific Oyster,OsHV-1 μVar,2011,Field,Web of Science,,
86,Morga et al. 2021,Morga et al. 2021,2021,Genomic Diversity of the Ostreid Herpesvirus Type 1 Across Time and Location and Among Host Species,https://www.frontiersin.org/articles/10.3389/fmicb.2021.711377/full,France,France,NA,"49.717346, -1.907873","49.717346, -1.907873",49.717346,-1.907873,Magallana gigas,,Pacific Oyster,OsHV-1,2017,Field,Web of Science,,
86,Morga et al. 2021,Morga et al. 2021,2021,Genomic Diversity of the Ostreid Herpesvirus Type 1 Across Time and Location and Among Host Species,https://www.frontiersin.org/articles/10.3389/fmicb.2021.711377/full,United Kingdom,United Kingdom,NA,"53.726216, -4.723132","53.726216, -4.723132",53.726216,-4.723132,Magallana gigas,,Pacific Oyster,OsHV-1,2015,Field,Web of Science,,
86,Morga et al. 2021,Morga et al. 2021,2021,Genomic Diversity of the Ostreid Herpesvirus Type 1 Across Time and Location and Among Host Species,https://www.frontiersin.org/articles/10.3389/fmicb.2021.711377/full,France,France,NA,"49.717346, -1.907873","49.717346, -1.907873",49.717346,-1.907873,Magallana gigas,,Pacific Oyster,OsHV-1,2010,Field,Web of Science,,
86,Morga et al. 2021,Morga et al. 2021,2021,Genomic Diversity of the Ostreid Herpesvirus Type 1 Across Time and Location and Among Host Species,https://www.frontiersin.org/articles/10.3389/fmicb.2021.711377/full,France,France,NA,"49.717346, -1.907873","49.717346, -1.907873",49.717346,-1.907873,Magallana gigas,,Pacific Oyster,OsHV-1,2008,Field,Web of Science,,
86,Morga et al. 2021,Morga et al. 2021,2021,Genomic Diversity of the Ostreid Herpesvirus Type 1 Across Time and Location and Among Host Species,https://www.frontiersin.org/articles/10.3389/fmicb.2021.711377/full,New Zealand,New Zealand,NA,"-41.283525, 174.832068

","-41.283525, 174.832068

",-41.283525,174.832068,Magallana gigas,,Pacific Oyster,OsHV-1,2010,Field,Web of Science,,
86,Morga et al. 2021,Morga et al. 2021,2021,Genomic Diversity of the Ostreid Herpesvirus Type 1 Across Time and Location and Among Host Species,https://www.frontiersin.org/articles/10.3389/fmicb.2021.711377/full,New Zealand,New Zealand,NA,"-41.283525, 174.832068

","-41.283525, 174.832068

",-41.283525,174.832068,Magallana gigas,,Pacific Oyster,OsHV-1,2011,Field,Web of Science,,
86,Morga et al. 2021,Morga et al. 2021,2021,Genomic Diversity of the Ostreid Herpesvirus Type 1 Across Time and Location and Among Host Species,https://www.frontiersin.org/articles/10.3389/fmicb.2021.711377/full,Ireland,Ireland,NA,"-41.283525, 174.832068

","-41.283525, 174.832068

",-41.283525,174.832068,Magallana gigas,,Pacific Oyster,OsHV-1,2011,Field,Web of Science,,
86,Morga et al. 2021,Morga et al. 2021,2021,Genomic Diversity of the Ostreid Herpesvirus Type 1 Across Time and Location and Among Host Species,https://www.frontiersin.org/articles/10.3389/fmicb.2021.711377/full,Japan,Japan,NA,"33.017331, 130.183847

","33.017331, 130.183847

",33.017331,130.183847,Magallana gigas,,Pacific Oyster,OsHV-1,NA,Field,Web of Science,,
86,Morga et al. 2021,Morga et al. 2021,2021,Genomic Diversity of the Ostreid Herpesvirus Type 1 Across Time and Location and Among Host Species,https://www.frontiersin.org/articles/10.3389/fmicb.2021.711377/full,Netherlands,Netherlands,NA,"52.693081, 5.487811","52.693081, 5.487811",52.693081,5.487811,Magallana gigas,,Pacific Oyster,OsHV-1,NA,Field,Web of Science,,
86,Morga et al. 2021,Morga et al. 2021,2021,Genomic Diversity of the Ostreid Herpesvirus Type 1 Across Time and Location and Among Host Species,https://www.frontiersin.org/articles/10.3389/fmicb.2021.711377/full,Spain,Spain,NA,"43.753142, -7.727630","43.753142, -7.727630",43.753142,-7.72763,Magallana gigas,,Pacific Oyster,OsHV-1,NA,Field,Web of Science,,
87,Arzeta-Pino et al. 2018,Arzeta-Pino,2018,Herpes virus OsHV‐1 and the protistPerkinsus marinusmodifythe expression of the Down syndrome cell adhesion moleculegene in gill and mantle ofCrassostreaspp.,https://onlinelibrary.wiley.com/doi/epdf/10.1111/are.13832,Baja California Sur,Mexico,NA,"30.433320, -115.966632","30.433320, -115.966632",30.43332,-115.966632,Magallana gigas,,Pacific Oyster,OsHV-1,NA,Field,Web of Science,,
87,Arzeta-Pino et al. 2018,Arzeta-Pino,2018,Herpes virus OsHV‐1 and the protistPerkinsus marinusmodifythe expression of the Down syndrome cell adhesion moleculegene in gill and mantle ofCrassostreaspp.,https://onlinelibrary.wiley.com/doi/epdf/10.1111/are.13832,Nayarit,Mexico,NA,"21.493684, -105.225316","21.493684, -105.225316",21.493684,-105.225316,Magallana gigas,,Pacific Oyster,OsHV-1,NA,Field,Web of Science,,
87,Arzeta-Pino et al. 2018,Arzeta-Pino,2018,Herpes virus OsHV‐1 and the protistPerkinsus marinusmodifythe expression of the Down syndrome cell adhesion moleculegene in gill and mantle ofCrassostreaspp.,https://onlinelibrary.wiley.com/doi/epdf/10.1111/are.13832,Sonora,Mexico,NA,"28.79278, -111.89083","28.79278, -111.89083",28.79278,-111.89083,Magallana gigas,,Pacific Oyster,OsHV-1,NA,Field,Web of Science,,
88,Trancart et al. 2023,Trancart,2023,Diversity and molecular epidemiology of Ostreid herpesvirus 1 in farmed Crassostrea gigas in Australia: Geographic clusters and implications for “microvariants” in global mortality events,https://www.sciencedirect.com/science/article/pii/S0168170222003239,"Site C, Georges River",Australia,NA,"-34.034890, 151.149019

","-34.034890, 151.149019

",-34.03489,151.149019,Magallana gigas,,Pacific Oyster,OsHV-1 non-μvar variant,2011,Field,Snowball,,
88,Trancart et al. 2023,Trancart,2023,Diversity and molecular epidemiology of Ostreid herpesvirus 1 in farmed Crassostrea gigas in Australia: Geographic clusters and implications for “microvariants” in global mortality events,https://www.sciencedirect.com/science/article/pii/S0168170222003239,"Site A, Georges River",Australia,NA,"-34.009025, 151.146594

","-34.009025, 151.146594

",-34.009025,151.146594,Magallana gigas,,Pacific Oyster,OsHV-1 non-μvar variant,2011,Field,Snowball,,
88,Trancart et al. 2023,Trancart,2023,Diversity and molecular epidemiology of Ostreid herpesvirus 1 in farmed Crassostrea gigas in Australia: Geographic clusters and implications for “microvariants” in global mortality events,https://www.sciencedirect.com/science/article/pii/S0168170222003239,"Site B, Georges River",Australia,NA,"-34.026340, 151.140668

","-34.026340, 151.140668

",-34.02634,151.140668,Magallana gigas,,Pacific Oyster,OsHV-1 non-μvar variant,2012,Field,Snowball,,
88,Trancart et al. 2023,Trancart,2023,Diversity and molecular epidemiology of Ostreid herpesvirus 1 in farmed Crassostrea gigas in Australia: Geographic clusters and implications for “microvariants” in global mortality events,https://www.sciencedirect.com/science/article/pii/S0168170222003239,"Site A, Georges River",Australia,NA,"-34.009025, 151.146594

","-34.009025, 151.146594

",-34.009025,151.146594,Magallana gigas,,Pacific Oyster,OsHV-1 non-μvar variant,2012,Field,Snowball,,
88,Trancart et al. 2023,Trancart,2023,Diversity and molecular epidemiology of Ostreid herpesvirus 1 in farmed Crassostrea gigas in Australia: Geographic clusters and implications for “microvariants” in global mortality events,https://www.sciencedirect.com/science/article/pii/S0168170222003239,"The Shed, Georges River",Australia,NA,"-34.038334, 151.151312
","-34.038334, 151.151312
",-34.038334,151.151312,Magallana gigas,,Pacific Oyster,OsHV-1 non-μvar variant,2014,Field,Snowball,,
88,Trancart et al. 2023,Trancart,2023,Diversity and molecular epidemiology of Ostreid herpesvirus 1 in farmed Crassostrea gigas in Australia: Geographic clusters and implications for “microvariants” in global mortality events,https://www.sciencedirect.com/science/article/pii/S0168170222003239,"Site C, Georges River",Australia,NA,"-34.034890, 151.149019

","-34.034890, 151.149019

",-34.03489,151.149019,Magallana gigas,,Pacific Oyster,OsHV-1 non-μvar variant,2014,Field,Snowball,,
88,Trancart et al. 2023,Trancart,2023,Diversity and molecular epidemiology of Ostreid herpesvirus 1 in farmed Crassostrea gigas in Australia: Geographic clusters and implications for “microvariants” in global mortality events,https://www.sciencedirect.com/science/article/pii/S0168170222003239,"Neverfail, Georges River",Australia,NA,"-33.576791, 151.130190
","-33.576791, 151.130190
",-33.576791,151.13019,Magallana gigas,,Pacific Oyster,OsHV-1 non-μvar variant,2014,Field,Snowball,,
88,Trancart et al. 2023,Trancart,2023,Diversity and molecular epidemiology of Ostreid herpesvirus 1 in farmed Crassostrea gigas in Australia: Geographic clusters and implications for “microvariants” in global mortality events,https://www.sciencedirect.com/science/article/pii/S0168170222003239,"Site B, Georges River",Australia,NA,"-34.026340, 151.140668

","-34.026340, 151.140668

",-34.02634,151.140668,Magallana gigas,,Pacific Oyster,OsHV-1 non-μvar variant,2015,Field,Snowball,,
88,Trancart et al. 2023,Trancart,2023,Diversity and molecular epidemiology of Ostreid herpesvirus 1 in farmed Crassostrea gigas in Australia: Geographic clusters and implications for “microvariants” in global mortality events,https://www.sciencedirect.com/science/article/pii/S0168170222003239,"Site C, Georges River",Australia,NA,"-34.034890, 151.149019

","-34.034890, 151.149019

",-34.03489,-34.03489,Magallana gigas,,Pacific Oyster,OsHV-1 non-μvar variant,2015,Field,Snowball,,
88,Trancart et al. 2023,Trancart,2023,Diversity and molecular epidemiology of Ostreid herpesvirus 1 in farmed Crassostrea gigas in Australia: Geographic clusters and implications for “microvariants” in global mortality events,https://www.sciencedirect.com/science/article/pii/S0168170222003239,"Mullet, Hawkesbury River",Australia,NA,"-33.515123, 151.236633

","-33.515123, 151.236633

",-33.515123,151.236633,Magallana gigas,,Pacific Oyster,OsHV-1 non-μvar variant,2013,Field,Snowball,,
88,Trancart et al. 2023,Trancart,2023,Diversity and molecular epidemiology of Ostreid herpesvirus 1 in farmed Crassostrea gigas in Australia: Geographic clusters and implications for “microvariants” in global mortality events,https://www.sciencedirect.com/science/article/pii/S0168170222003239,"Coba, Hawkesbury River",Australia,NA,"-33.544140, 151.137441

","-33.544140, 151.137441

",-33.54414,151.137441,Magallana gigas,,Pacific Oyster,OsHV-1 non-μvar variant,2013,Field,Snowball,,
88,Trancart et al. 2023,Trancart,2023,Diversity and molecular epidemiology of Ostreid herpesvirus 1 in farmed Crassostrea gigas in Australia: Geographic clusters and implications for “microvariants” in global mortality events,https://www.sciencedirect.com/science/article/pii/S0168170222003239,"Porto, Hawkesbury River",Australia,NA,"-33.572045, 151.221846

","-33.572045, 151.221846

",-33.572045,151.221846,Magallana gigas,,Pacific Oyster,OsHV-1 non-μvar variant,2013,Field,Snowball,,
88,Trancart et al. 2023,Trancart,2023,Diversity and molecular epidemiology of Ostreid herpesvirus 1 in farmed Crassostrea gigas in Australia: Geographic clusters and implications for “microvariants” in global mortality events,https://www.sciencedirect.com/science/article/pii/S0168170222003239,"Kimmerikong, Hawkesbury River",Australia,NA,"-33.547661295076125, 151.15438977805232","-33.547661295076125, 151.15438977805232",-33.5476613,151.1543898,Magallana gigas,,Pacific Oyster,OsHV-1 non-μvar variant,2014,Field,Snowball,,
88,Trancart et al. 2023,Trancart,2023,Diversity and molecular epidemiology of Ostreid herpesvirus 1 in farmed Crassostrea gigas in Australia: Geographic clusters and implications for “microvariants” in global mortality events,https://www.sciencedirect.com/science/article/pii/S0168170222003239,"Mooney, Hawkesbury River",Australia,NA,"-33.526243, 151.203150

","-33.526243, 151.203150

",-33.526243,151.20315,Magallana gigas,,Pacific Oyster,OsHV-1 non-μvar variant,2014,Field,Snowball,,
88,Trancart et al. 2023,Trancart,2023,Diversity and molecular epidemiology of Ostreid herpesvirus 1 in farmed Crassostrea gigas in Australia: Geographic clusters and implications for “microvariants” in global mortality events,https://www.sciencedirect.com/science/article/pii/S0168170222003239,"Porto, Hawkesbury River",Australia,NA,"-33.572045, 151.221846

","-33.572045, 151.221846

",-33.572045,151.221846,Magallana gigas,,Pacific Oyster,OsHV-1 non-μvar variant,2014,Field,Snowball,,
88,Trancart et al. 2023,Trancart,2023,Diversity and molecular epidemiology of Ostreid herpesvirus 1 in farmed Crassostrea gigas in Australia: Geographic clusters and implications for “microvariants” in global mortality events,https://www.sciencedirect.com/science/article/pii/S0168170222003239,"Mullet, Hawkesbury River",Australia,NA,"-33.515123, 151.236633

","-33.515123, 151.236633

",-33.515123,151.236633,Magallana gigas,,Pacific Oyster,OsHV-1 non-μvar variant,2015,Field,Snowball,,
89,Paul-Pont et al. 2013,Paul-Pont,2013,Influence of husbandry practices on OsHV-1 associated mortality of Pacific oysters Crassostrea gigas,https://www.sciencedirect.com/science/article/pii/S0044848613003761?via%3Dihub,Woolooware Bay,Australia,34.0118 S; 151.1463 E,NA,"-34.0118, 151.1463",-34.0118,151.1463,Magallana gigas,,Pacific Oyster,OsHV-1 μVar,2011,Field,Web of Science,,
89,Paul-Pont et al. 2013,Paul-Pont,2013,Influence of husbandry practices on OsHV-1 associated mortality of Pacific oysters Crassostrea gigas,https://www.sciencedirect.com/science/article/pii/S0044848613003761?via%3Dihub,Woolooware Bay,Australia,34.0254 S; 151.1400 E,NA,"-34.0254, 151.1400",-34.0254,151.14,Magallana gigas,,Pacific Oyster,OsHV-1 μVar,2012,Field,Web of Science,,
89,Paul-Pont et al. 2013,Paul-Pont,2013,Influence of husbandry practices on OsHV-1 associated mortality of Pacific oysters Crassostrea gigas,https://www.sciencedirect.com/science/article/pii/S0044848613003761?via%3Dihub,Woolooware Bay,Australia,34.0329 S; 151.1466 E,NA,"-34.0329, 151.1466",-34.0329,151.1466,Magallana gigas,,Pacific Oyster,OsHV-1 μVar,2011,Field,Web of Science,,
90,Paul-Pont et al. 2014,Paul-Pont,2014,"Descriptive epidemiology of mass mortality due to Ostreid herpesvirus-1 (OsHV-1) in commercially farmed Pacific oysters (Crassostrea gigas) in the Hawkesbury River estuary, Australia",https://www.sciencedirect.com/science/article/pii/S0044848613006480,Mooney Mooney Creek,Australia,NA,"-33.497724, 151.196961

","-33.497724, 151.196961

",-33.497724,151.196961,Magallana gigas,,Pacific Oyster,OsHV-1 μVar,2013,Field,Web of Science,,
90,Paul-Pont et al. 2014,Paul-Pont,2014,"Descriptive epidemiology of mass mortality due to Ostreid herpesvirus-1 (OsHV-1) in commercially farmed Pacific oysters (Crassostrea gigas) in the Hawkesbury River estuary, Australia",https://www.sciencedirect.com/science/article/pii/S0044848613006480,Coba Bay,Australia,NA,"-33.540849, 151.126841

","-33.540849, 151.126841

",-33.540849,151.126841,Magallana gigas,,Pacific Oyster,OsHV-1 μVar,2013,Field,Web of Science,,
90,Paul-Pont et al. 2014,Paul-Pont,2014,"Descriptive epidemiology of mass mortality due to Ostreid herpesvirus-1 (OsHV-1) in commercially farmed Pacific oysters (Crassostrea gigas) in the Hawkesbury River estuary, Australia",https://www.sciencedirect.com/science/article/pii/S0044848613006480,Porto Bay,Australia,NA,"-33.564248, 151.220310

","-33.564248, 151.220310

",-33.564248,151.22031,Magallana gigas,,Pacific Oyster,OsHV-1 μVar,2013,Field,Web of Science,,
90,Paul-Pont et al. 2014,Paul-Pont,2014,"Descriptive epidemiology of mass mortality due to Ostreid herpesvirus-1 (OsHV-1) in commercially farmed Pacific oysters (Crassostrea gigas) in the Hawkesbury River estuary, Australia",https://www.sciencedirect.com/science/article/pii/S0044848613006480,Marra Marra Creek,Australia,NA,"-33.523899, 151.095738

","-33.523899, 151.095738

",-33.523899,151.095738,Magallana gigas,,Pacific Oyster,OsHV-1 μVar,2013,Field,Web of Science,,
91,Pande & Andel 2018,Pande,2018,"Ostreid herpesvirus and Vibrio species pilot surveillance study farmed Pacific Oysters (Magallana gigas) in Croisilles Harbour, Marlborough Sounds, New Zealand.",https://www.mpi.govt.nz/dmsdocument/33337-ostreid-herpesvirus-and-vibrio-species-pilot-surveillance-study-farmed-pacific-oysters-magallana-gigas-in-croisilles-harbour-marlborough-sounds-new-zealand,"Croisilles Harbour, Marlborough Sounds",New Zealand,NA,"-41.074888, 173.681842","-41.074888, 173.681842",-41.074888,173.681842,Magallana gigas,,Pacific Oyster,OsHV-1 μVar,2016,Field,Snowball,,
91,Pande & Andel 2018,Pande,2018,"Ostreid herpesvirus and Vibrio species pilot surveillance study farmed Pacific Oysters (Magallana gigas) in Croisilles Harbour, Marlborough Sounds, New Zealand.",https://www.mpi.govt.nz/dmsdocument/33337-ostreid-herpesvirus-and-vibrio-species-pilot-surveillance-study-farmed-pacific-oysters-magallana-gigas-in-croisilles-harbour-marlborough-sounds-new-zealand,"Croisilles Harbour, Marlborough Sounds",New Zealand,NA,"-41.074888, 173.681842","-41.074888, 173.681842",-41.074888,173.681842,Magallana gigas,,Pacific Oyster,OsHV-1 μVar,2017,Field,Snowball,,
92,Keeling et al. 2014,Keeling,2014,New Zealand juvenile oyster mortality associated with ostreid herpesvirus 1—an opportunistic longitudinal study,https://www.int-res.com/abstracts/dao/v109/n3/p231-239/,Coromandel,New Zealand,NA,"-36.748620, 175.479523

","-36.748620, 175.479523

",-36.74862,175.479523,Magallana gigas,,Pacific Oyster,OsHV-1 μVar,1999,Field,Snowball,,JN639858
92,Keeling et al. 2014,Keeling,2014,New Zealand juvenile oyster mortality associated with ostreid herpesvirus 1—an opportunistic longitudinal study,https://www.int-res.com/abstracts/dao/v109/n3/p231-239/,Mahurangi Harbour,New Zealand,NA,"-36.476935, 174.722596","-36.476935, 174.722596",-36.476935,174.722596,Magallana gigas,,Pacific Oyster,OsHV-1 μVar,2010,Field,Snowball,,
92,Keeling et al. 2014,Keeling,2014,New Zealand juvenile oyster mortality associated with ostreid herpesvirus 1—an opportunistic longitudinal study,https://www.int-res.com/abstracts/dao/v109/n3/p231-239/,Dyers Creek,New Zealand,NA,"-36.458464, 174.702045

","-36.458464, 174.702045

",-36.458464,174.702045,Magallana gigas,,Pacific Oyster,OsHV-1 μVar,2010,Field,Snowball,,
92,Keeling et al. 2014,Keeling,2014,New Zealand juvenile oyster mortality associated with ostreid herpesvirus 1—an opportunistic longitudinal study,https://www.int-res.com/abstracts/dao/v109/n3/p231-239/,Kaipara,New Zealand,NA,"-36.379587, 174.238498

","-36.379587, 174.238498

",-36.379587,174.238498,Magallana gigas,,Pacific Oyster,OsHV-1 μVar,2010,Field,Snowball,,
92,Keeling et al. 2014,Keeling,2014,New Zealand juvenile oyster mortality associated with ostreid herpesvirus 1—an opportunistic longitudinal study,https://www.int-res.com/abstracts/dao/v109/n3/p231-239/,Bay of Islands,New Zealand,NA,"-35.213178, 174.126784

","-35.213178, 174.126784

",-35.213178,174.126784,Magallana gigas,,Pacific Oyster,OsHV-1 μVar,2010,Field,Snowball,,
92,Keeling et al. 2014,Keeling,2014,New Zealand juvenile oyster mortality associated with ostreid herpesvirus 1—an opportunistic longitudinal study,https://www.int-res.com/abstracts/dao/v109/n3/p231-239/,Bay of Islands,New Zealand,NA,"-35.213178, 174.126784

","-35.213178, 174.126784

",-35.213178,174.126784,Magallana gigas,,Pacific Oyster,OsHV-1 μVar,2011,Field,Snowball,,
92,Keeling et al. 2014,Keeling,2014,New Zealand juvenile oyster mortality associated with ostreid herpesvirus 1—an opportunistic longitudinal study,https://www.int-res.com/abstracts/dao/v109/n3/p231-239/,Houhora harbour,New Zealand,NA,"-34.795816, 173.121269

","-34.795816, 173.121269

",-34.795816,173.121269,Magallana gigas,,Pacific Oyster,OsHV-1 μVar,2012,Field,Snowball,,
93,Barbieri et al. 2019,Barbieri,2019,First detection of Ostreid herpesvirus 1 in wild Crassostrea gigas in Argentina,https://pubmed.ncbi.nlm.nih.gov/31356818/,Bahía Blanca Estuary,Argentina,NA,"-38.786782, -62.301102

","-38.786782, -62.301102

",-38.786782,-62.301102,Magallana gigas,,Pacific Oyster,OsHV-1 μVar,2017,Field,Snowball,,
94,Renault et al. 2000,Renault,1994,"Herpesviruses associated with mortalities among Pacific oyster, Crassostrea gigas, in France-Comparative study",https://archimer.ifremer.fr/doc/00000/2898/,France,France,NA,"49.717346, -1.907873","49.717346, -1.907873",49.717346,-1.907873,Magallana gigas,,Pacific Oyster,Herpesvirus,1993,Field,Web of Science,,
94,Renault et al. 2000,Renault,1994,"Herpesviruses associated with mortalities among Pacific oyster, Crassostrea gigas, in France-Comparative study",https://archimer.ifremer.fr/doc/00000/2898/,France,France,NA,"49.717346, -1.907873","49.717346, -1.907873",49.717346,-1.907873,Magallana gigas,,Pacific Oyster,Herpesvirus,1994,Field,Web of Science,,
95,Renault et al. 2000,Renault,1994,Herpes-like virus infecting Japanese oyster (Crassostrea gigas) spat,https://archimer.ifremer.fr/doc/1994/publication-2888.pdf,France,France,NA,"49.717346, -1.907873","49.717346, -1.907873",49.717346,-1.907873,Magallana gigas,,Pacific Oyster,Herpes-like virus,1993,Field,Web of Science,,
96,Le Deuff et al. 1994,Le Deuff,1994,"Experimental transmission of a Herpes-like virus to axenic larvae of Pacific oyster, Crassostrea gigas",https://archimer.ifremer.fr/doc/1994/publication-2887.pdf,France,France,NA,"49.717346, -1.907873","49.717346, -1.907873",49.717346,-1.907873,Magallana gigas,,Pacific Oyster,Herpes-like virus,NA,Lab,Web of Science,,
97,Le Deuff et al. 1996,Le Deuff,1996,Effects of temperature on herpes-like virus detection among hatchery-reared larval Pacific oyster Crassostrea gigas,https://www.int-res.com/articles/dao/24/d024p149.pdf,La Tremblade,France,NA,"45.795130, -1.236367","45.795130, -1.236367",45.79513,-1.236367,Magallana gigas,,Pacific Oyster,Herpes-like virus,NA,Lab,Web of Science,,
97,Le Deuff et al. 1996,Le Deuff,1996,Effects of temperature on herpes-like virus detection among hatchery-reared larval Pacific oyster Crassostrea gigas,https://www.int-res.com/articles/dao/24/d024p149.pdf,Arcachon,France,NA,"44.651403, -1.175354","44.651403, -1.175354",44.651403,-1.175354,Magallana gigas,,Pacific Oyster,Herpes-like virus,NA,Lab,Web of Science,,
97,Le Deuff et al. 1996,Le Deuff,1996,Effects of temperature on herpes-like virus detection among hatchery-reared larval Pacific oyster Crassostrea gigas,https://www.int-res.com/articles/dao/24/d024p149.pdf,Marennes,France,NA,"45.835796, -1.158623","45.835796, -1.158623",45.835796,-1.158623,Magallana gigas,,Pacific Oyster,Herpes-like virus,NA,Lab,Web of Science,,
