Study_numb,Paper,Year_Published,Title,URL,Location,Country,GPS_coordinates_extracted,GPS_Google,GPS_data,GPS_lat,GPS_long,Species,Common name,Taxa,OsHV_var,Year_Sampled,Field_Lab,Search_Strategy,Notes_1,Ind_Pools,Prevalence,Sample_Size,Intensity,Notes_2
39,O'Reilly et al. 2018,2018,The role of the mussel Mytilus spp. in the transmission of ostreid herpesvirus-1 microVar,https://www.cambridge.org/core/journals/parasitology/article/role-of-the-mussel-mytilus-spp-in-the-transmission-of-ostreid-herpesvirus1-microvar/5DBEC59DD1A86F8709E3433D0EF1CB68,"Carlingford Lough, Co. Lough",Ireland,NA,"54.90122222222222, -6.103322222222221","54.90122222222222, -6.103322222222221",54.90122222,-6.103322222,Mytilus spp.,,Mussel,OsHV-1 μVar,2013,Field,Web of Science,,Individuals,0,0,NA,
24,da Silva et al. 2008,2008,Herpesvirus infection in European flat oysters Ostrea edulis obtained from brood stocks of various geographic origins and grown in Galicia (NW Spain),https://www.int-res.com/articles/dao2007/78/d078p181.pdf,"Ría de Arousa, Galicia",Spain,NA,"42.557357, -8.903498","42.557357, -8.903498",42.557357,-8.903498,Ostrea edulis,,Other Oyster,OsHV-1,2003,Field,Snowball,,Individuals,0.004,8,NA,Mean Prevalence
37,Jee et al. 2013,2013,Detection of Ostreid Herpesvirus 1 from adult Pacific Oysters Crassostrea gigas Cultured in Korea,http://koreascience.or.kr/article/JAKO201319947249778.page,Tongyeong Bay,Korea,NA,"34.830227, 128.434548

","34.830227, 128.434548

",34.830227,128.434548,Magallana gigas,,Pacific Oyster,OsHV-1 μVar,2012,Field,Snowball,,Individuals,0.004,210,,
24,da Silva et al. 2008,2008,Herpesvirus infection in European flat oysters Ostrea edulis obtained from brood stocks of various geographic origins and grown in Galicia (NW Spain),https://www.int-res.com/articles/dao2007/78/d078p181.pdf,"Ría de Ortigueira, Galicia",Spain,NA,"43.753142, -7.727630","43.753142, -7.727630",43.753142,-7.72763,Ostrea edulis,,Other Oyster,OsHV-1,2002,Field,Snowball,,Individuals,0.007,10,NA,Mean Prevalence
91,Pande & Andel 2018,2018,"Ostreid herpesvirus and Vibrio species pilot surveillance study farmed Pacific Oysters (Magallana gigas) in Croisilles Harbour, Marlborough Sounds, New Zealand.",https://www.mpi.govt.nz/dmsdocument/33337-ostreid-herpesvirus-and-vibrio-species-pilot-surveillance-study-farmed-pacific-oysters-magallana-gigas-in-croisilles-harbour-marlborough-sounds-new-zealand,"Croisilles Harbour, Marlborough Sounds",New Zealand,NA,"-41.074888, 173.681842","-41.074888, 173.681842",-41.074888,173.681842,Magallana gigas,,Pacific Oyster,OsHV-1 μVar,2017,Field,Snowball,,Individuals,0.01,700,NA,Table 1
109,Roque et al. 2012,2012,First report of OsHV-1 microvar in Pacific oyster (Crassostrea gigas) cultured in Spain,https://www.sciencedirect.com/science/article/pii/S0044848611008295,Fangar,Spain,NA,"40.769765, 0.764042","40.769765, 0.764042",40.769765,0.764042,Magallana gigas,,Pacific Oyster,OsHV-1,2005,Field,Snowball,,Individuals,0.01,10,NA,Table 1
24,da Silva et al. 2008,2008,Herpesvirus infection in European flat oysters Ostrea edulis obtained from brood stocks of various geographic origins and grown in Galicia (NW Spain),https://www.int-res.com/articles/dao2007/78/d078p181.pdf,NA,Greece,NA,"37.826217, 24.199100","37.826217, 24.199100",37.826217,24.1991,Ostrea edulis,,Other Oyster,OsHV-1,2002,Field,Snowball,,Individuals,0.012,11,NA,Mean Prevalence
68,Lynch et al. 2012,2012,"A previously undescribed ostreid herpes virus 1 (OsHV-1) genotype detected in the pacific oyster, Crassostrea gigas, in Ireland",https://www.cambridge.org/core/journals/parasitology/article/previously-undescribed-ostreid-herpes-virus-1-oshv1-genotype-detected-in-the-pacific-oyster-crassostrea-gigas-in-ireland/88D6EB5FCB13279A3F0070F1B71BACCE,Dungrvan Bay,Ireland,52°03′N 007°35′W,NA,"52.050000, -7.583333",52.05,-7.583333,Magallana gigas,,Pacific Oyster,OsHV-1 μVar,2004,Field,Snowball,,Individuals,0.0125,60,,Mean Prevalence
35,Shimahara et al. 2012,2012,Surveillance of Type 1 Ostreid Herpesvirus (OsHV-1) Variants in Japan,https://www.jstage.jst.go.jp/article/jsfp/47/4/47_129/_article,Mie Prefecture,Japan,NA,"34.387551, 136.965868","34.387551, 136.965868",34.387551,136.965868,Magallana gigas,,Pacific Oyster,OsHV-1,2011,Field,Snowball,,Individuals,0.013,150,NA,
61,Batista et al. 2014,2014,"Insights on the association between somatic aneuploidy and ostreid herpesvirus 1 detection in the oysters Crassostrea gigas, C. angulata and their F1 hybrids",https://onlinelibrary.wiley.com/doi/10.1111/are.12613,Ria Formosa,Portugal,NA,"37.121704, -7.620029","37.121704, -7.620029",37.121704,-7.620029,Crassostrea angulata,,Other Oyster,OsHV-1,2004,Field,Web of Science,,Individuals,0.0169,59,NA,
67,Mosca et al. 2021,2021,Crassostrea gigas (Thunberg 1793) cultivation in southern Adriatic Sea (Italy): A one-year monitoring study of the oyster health,https://onlinelibrary.wiley.com/doi/full/10.1111/are.15139,Puglia,Italy,NA,"41.485160, 16.288630","41.485160, 16.288630",41.48516,16.28863,Magallana gigas,,Pacific Oyster,OsHV-1 μVar,2018,Field,Web of Science,,Individuals,0.018,167,NA,
24,da Silva et al. 2008,2008,Herpesvirus infection in European flat oysters Ostrea edulis obtained from brood stocks of various geographic origins and grown in Galicia (NW Spain),https://www.int-res.com/articles/dao2007/78/d078p181.pdf,"Ría de Arousa, Galicia",Spain,NA,"42.557357, -8.903498","42.557357, -8.903498",42.557357,-8.903498,Ostrea edulis,,Other Oyster,OsHV-1,2001,Field,Snowball,,Individuals,0.0199,3,NA,Mean Prevalence
24,da Silva et al. 2008,2008,Herpesvirus infection in European flat oysters Ostrea edulis obtained from brood stocks of various geographic origins and grown in Galicia (NW Spain),https://www.int-res.com/articles/dao2007/78/d078p181.pdf,"Ría de Arousa, Galicia",Spain,NA,"42.557357, -8.903498","42.557357, -8.903498",42.557357,-8.903498,Ostrea edulis,,Other Oyster,OsHV-1,2002,Field,Snowball,,Individuals,0.021,11,NA,Mean Prevalence
35,Shimahara et al. 2012,2012,Surveillance of Type 1 Ostreid Herpesvirus (OsHV-1) Variants in Japan,https://www.jstage.jst.go.jp/article/jsfp/47/4/47_129/_article,Kumamoto,,NA,"32.785682, 130.588925

","32.785682, 130.588925

",32.785682,130.588925,Magallana gigas,,Pacific Oyster,OsHV-1,2007,Field,Snowball,,Individuals,0.023,86,NA,
24,da Silva et al. 2008,2008,Herpesvirus infection in European flat oysters Ostrea edulis obtained from brood stocks of various geographic origins and grown in Galicia (NW Spain),https://www.int-res.com/articles/dao2007/78/d078p181.pdf,NA,Ireland,NA,"51.593005, -8.858027","51.593005, -8.858027",51.593005,-8.858027,Ostrea edulis,,Other Oyster,OsHV-1,2001,Field,Snowball,,Individuals,0.025,3,NA,Mean Prevalence
91,Pande & Andel 2018,2018,"Ostreid herpesvirus and Vibrio species pilot surveillance study farmed Pacific Oysters (Magallana gigas) in Croisilles Harbour, Marlborough Sounds, New Zealand.",https://www.mpi.govt.nz/dmsdocument/33337-ostreid-herpesvirus-and-vibrio-species-pilot-surveillance-study-farmed-pacific-oysters-magallana-gigas-in-croisilles-harbour-marlborough-sounds-new-zealand,"Croisilles Harbour, Marlborough Sounds",New Zealand,NA,"-41.074888, 173.681842","-41.074888, 173.681842",-41.074888,173.681842,Magallana gigas,,Pacific Oyster,OsHV-1 μVar,2016,Field,Snowball,,Individuals,0.0267,300,NA,Table 1
24,da Silva et al. 2008,2008,Herpesvirus infection in European flat oysters Ostrea edulis obtained from brood stocks of various geographic origins and grown in Galicia (NW Spain),https://www.int-res.com/articles/dao2007/78/d078p181.pdf,"Ría de Ortigueira, Galicia",Spain,NA,"43.753142, -7.727630","43.753142, -7.727630",43.753142,-7.72763,Ostrea edulis,,Other Oyster,OsHV-1,2001,Field,Snowball,,Individuals,0.0268,3,NA,Mean Prevalence
35,Shimahara et al. 2012,2012,Surveillance of Type 1 Ostreid Herpesvirus (OsHV-1) Variants in Japan,https://www.jstage.jst.go.jp/article/jsfp/47/4/47_129/_article,Mie Prefecture,Japan,NA,"34.387551, 136.965868","34.387551, 136.965868",34.387551,136.965868,Magallana gigas,,Pacific Oyster,OsHV-1,2007,Field,Snowball,,Individuals,0.028,72,NA,
48,Burge et al. 2011,2011,"Detection of the oyster herpesvirus in commercial bivalve in northern California, USA: conventional and quantitative PCR",https://www.int-res.com/abstracts/dao/v94/n2/p107-116/,"Tomales Bay, California",USA,NA,"38.210853, -122.932268","38.210853, -122.932268",38.210853,-122.932268,Ruditapes phillipinarum,Manila clam,Clam,OsHV,2003,Field,Web of Science,,Individuals,0.0286,38,0.3,
13,Moss et al. 2007,2007,Pathogens in Crassostrea ariakensis and other Asian oyster species: implications for non-native oyster introduction to Chesapeake Bay,https://www.int-res.com/abstracts/dao/v77/n3/p207-223/,Mie Prefecture,Japan,NA,"34.291871, 136.892738

","34.291871, 136.892738

",34.291871,136.892738,Crassostrea ariakensis,,Other Oyster,OsHV-1,2005,Field,Snowball,,Individuals,0.029,172,NA,
4,Bai et al. 2015,2015,Emerging and endemic types of Ostreid herpesvirus 1 were detected in bivalves in China,https://www.sciencedirect.com/science/article/pii/S0022201114001785?via%3Dihub,"Changddao County, Shandong Province",China,NA,"38.184832, 120.762450
","38.184832, 120.762450
",38.184832,120.76245,Magallana gigas,,Pacific Oyster,OsHV-1,2013,Field,Snowball,,Individuals,0.03,30,NA,
39,O'Reilly et al. 2018,2018,The role of the mussel Mytilus spp. in the transmission of ostreid herpesvirus-1 microVar,https://www.cambridge.org/core/journals/parasitology/article/role-of-the-mussel-mytilus-spp-in-the-transmission-of-ostreid-herpesvirus1-microvar/5DBEC59DD1A86F8709E3433D0EF1CB68,"Carlingford Lough, Co. Lough",Ireland,NA,"54.90122222222222, -6.103322222222221","54.90122222222222, -6.103322222222221",54.90122222,-6.103322222,Mytilus spp.,,Mussel,OsHV-1 μVar,2015,Field,Web of Science,,Individuals,0.03,30,NA,
109,Roque et al. 2012,2012,First report of OsHV-1 microvar in Pacific oyster (Crassostrea gigas) cultured in Spain,https://www.sciencedirect.com/science/article/pii/S0044848611008295,Fangar,Spain,NA,"40.769765, 0.764042","40.769765, 0.764042",40.769765,0.764042,Magallana gigas,,Pacific Oyster,OsHV-1,2009,Field,Snowball,,Individuals,0.03,36,NA,Table 1
40,Garcia et al. 2018,2018,"Descriptions of Mikrocytos veneroïdes n. sp. and Mikrocytos donaxi n. sp. (Ascetosporea: Mikrocytida: Mikrocytiidae), detected during important mortality events of the wedge clam Donax trunculus Linnaeus (Veneroida: Donacidae), in France between 2008 and 2011",https://parasitesandvectors.biomedcentral.com/articles/10.1186/s13071-018-2692-0,Audierne Bay,France,"47.85°N, 4.35°W","48.011321, -4.545187","48.011321, -4.545187",48.011321,-4.545187,Donax trunculus,Wedge clam,Clam,OsHV-1,2011,Field,Snowball,,Individuals,0.0333,30,NA,
24,da Silva et al. 2008,2008,Herpesvirus infection in European flat oysters Ostrea edulis obtained from brood stocks of various geographic origins and grown in Galicia (NW Spain),https://www.int-res.com/articles/dao2007/78/d078p181.pdf,NA,Ireland,NA,"51.593005, -8.858027","51.593005, -8.858027",51.593005,-8.858027,Ostrea edulis,,Other Oyster,OsHV-1,2002,Field,Snowball,,Individuals,0.0383,8,NA,Mean Prevalence
114,López Sanmartín et al. 2016,2016,"Experimental infection of European flat oyster Ostrea edulis with ostreid herpesvirus 1 microvar (OsHV-1 μVar): Mortality, viral load and detection of viral transcripts by in situ hybridization",https://www.sciencedirect.com/science/article/pii/S0168170216300739?via%3Dihub,Experimental Shellfish Hatchery of Tavira (ESHT) of IPMA,Portugal,NA,"37.103300, -7.627847","37.103300, -7.627847",37.1033,-7.627847,Ostrea edulis,,Other Oyster,OsHV-1 μVar,2014,Lab,Web of Science,,Individuals,0.04,50,4500000,Prevalence from 2/50 moribund samples; intensity from 4 dead samples
13,Moss et al. 2007,2007,Pathogens in Crassostrea ariakensis and other Asian oyster species: implications for non-native oyster introduction to Chesapeake Bay,https://www.int-res.com/abstracts/dao/v77/n3/p207-223/,Dafen River,China,NA,"21.519281, 109.784833

","21.519281, 109.784833

",21.519281,109.784833,Crassostrea hongkongensis,,Other Oyster,OsHV-1,1999,Field,Snowball,,Individuals,0.041,24,NA,
35,Shimahara et al. 2012,2012,Surveillance of Type 1 Ostreid Herpesvirus (OsHV-1) Variants in Japan,https://www.jstage.jst.go.jp/article/jsfp/47/4/47_129/_article,Kumamoto,Japan,NA,"32.785682, 130.588925

","32.785682, 130.588925

",32.785682,130.588925,Crassostrea ariakensis,,Other Oyster,OsHV-1,2007,Field,Snowball,,Individuals,0.042,24,NA,
13,Moss et al. 2007,2007,Pathogens in Crassostrea ariakensis and other Asian oyster species: implications for non-native oyster introduction to Chesapeake Bay,https://www.int-res.com/abstracts/dao/v77/n3/p207-223/,Mie Prefecture,Japan,NA,"34.291871, 136.892738

","34.291871, 136.892738

",34.291871,136.892738,Crassostrea sikamea,,Other Oyster,OsHV-1,2005,Field,Snowball,,Individuals,0.044,45,NA,
4,Bai et al. 2015,2015,Emerging and endemic types of Ostreid herpesvirus 1 were detected in bivalves in China,https://www.sciencedirect.com/science/article/pii/S0022201114001785?via%3Dihub,"Changddao County, Shandong Province",China,NA,"38.184832, 120.762450
","38.184832, 120.762450
",38.184832,120.76245,Chlamys farreri,,Scallop,OsHV-1,2012,Field,Snowball,,Individuals,0.05,60,NA,
11,Bai et al. 2016,2016,Identification and characterization of ostreid herpesvirus 1 associated with massive mortalities of Scapharca broughtonii broodstocks in China,https://www.int-res.com/abstracts/dao/v118/n1/p65-75/,"ChangD, Changdong Province, China",China,NA,"37.852516, 120.824291","37.852516, 120.824291",37.852516,120.824291,Scapharca broughtonii,,Clam,OsHV-1,2013,Field,Snowball,,Individuals,0.05,20,9.2,
11,Bai et al. 2016,2016,Identification and characterization of ostreid herpesvirus 1 associated with massive mortalities of Scapharca broughtonii broodstocks in China,https://www.int-res.com/abstracts/dao/v118/n1/p65-75/,"ChangD, Changdong Province, China",China,NA,"37.852516, 120.824291","37.852516, 120.824291",37.852516,120.824291,Scapharca broughtonii,,Clam,OsHV-1,2013,Field,Snowball,,Individuals,0.05,20,64.54,
13,Moss et al. 2007,2007,Pathogens in Crassostrea ariakensis and other Asian oyster species: implications for non-native oyster introduction to Chesapeake Bay,https://www.int-res.com/abstracts/dao/v77/n3/p207-223/,Kanghwa Island,Korea,NA,"37.691132, 126.379997","37.691132, 126.379997",37.691132,126.379997,Crassostrea ariakensis,,Other Oyster,OsHV-1,2004,Field,Snowball,,Individuals,0.05,20,NA,
35,Shimahara et al. 2012,2012,Surveillance of Type 1 Ostreid Herpesvirus (OsHV-1) Variants in Japan,https://www.jstage.jst.go.jp/article/jsfp/47/4/47_129/_article,Ishikawa Prefecture,Japan,NA,"36.823324, 136.738898","36.823324, 136.738898",36.823324,136.738898,Magallana gigas,,Pacific Oyster,OsHV-1,2007,Field,Snowball,,Individuals,0.05,72,NA,
35,Shimahara et al. 2012,2012,Surveillance of Type 1 Ostreid Herpesvirus (OsHV-1) Variants in Japan,https://www.jstage.jst.go.jp/article/jsfp/47/4/47_129/_article,Hiroshima Prefecture,Japan,NA,"34.143747, 132.695714","34.143747, 132.695714",34.143747,132.695714,Magallana gigas,,Pacific Oyster,OsHV-1,2011,Field,Snowball,,Individuals,0.053,300,NA,
47,Bookelaar et al. 2020,2020,Host plasticity supports spread of an aquaculture introduced virus to an ecosystem engineer,https://parasitesandvectors.biomedcentral.com/articles/10.1186/s13071-020-04373-y,Carlingford,Ireland,"54.0733°N, 6.1994°W","54.073300, -6.199400","54.073300, -6.199400",54.0733,-6.1994,Cerastoderma edule,,Cockle,OsHV-1 μVar,2015,Field,Web of Science,,Individuals,0.0539,445,NA,
4,Bai et al. 2015,2015,Emerging and endemic types of Ostreid herpesvirus 1 were detected in bivalves in China,https://www.sciencedirect.com/science/article/pii/S0022201114001785?via%3Dihub,"Changddao County, Shandong Province",China,NA,"38.184832, 120.762450
","38.184832, 120.762450
",38.184832,120.76245,Chlamys farreri,,Scallop,OsHV-1,2008,Field,Snowball,,Individuals,0.06,17,NA,
4,Bai et al. 2015,2015,Emerging and endemic types of Ostreid herpesvirus 1 were detected in bivalves in China,https://www.sciencedirect.com/science/article/pii/S0022201114001785?via%3Dihub,"Changddao County, Shandong Province",China,NA,"38.184832, 120.762450
","38.184832, 120.762450
",38.184832,120.76245,Crassostrea hongkongensis,,Other Oyster,OsHV-1,2013,Field,Snowball,,Individuals,0.06,33,NA,
47,Bookelaar et al. 2020,2020,Host plasticity supports spread of an aquaculture introduced virus to an ecosystem engineer,https://parasitesandvectors.biomedcentral.com/articles/10.1186/s13071-020-04373-y,Dungarvan,Ireland,"52.0704°N, 7.5939°W","52.070400, -7.593900","52.070400, -7.593900",52.0704,-7.5939,Cerastoderma edule,,Cockle,OsHV-1 μVar,2015,Field,Web of Science,,Individuals,0.064,250,NA,
49,Garcia et al. 2011,2011,Ostreid herpesvirus 1 detection and relationship with Crassostrea gigas spat mortality in France between 1998 and 2006,https://veterinaryresearch.biomedcentral.com/articles/10.1186/1297-9716-42-73,Charente-Maritime,France,NA,"45.948768, -1.094332","45.948768, -1.094332",45.948768,-1.094332,Magallana gigas,,Pacific Oyster,OsHV-1 μVar,1999,Field,Snowball,,Individuals,0.0661,121,NA,
39,O'Reilly et al. 2018,2018,The role of the mussel Mytilus spp. in the transmission of ostreid herpesvirus-1 microVar,https://www.cambridge.org/core/journals/parasitology/article/role-of-the-mussel-mytilus-spp-in-the-transmission-of-ostreid-herpesvirus1-microvar/5DBEC59DD1A86F8709E3433D0EF1CB68,Ardmore,Ireland,"51°57′04″N, 7°43′23″W",NA,"51.95111111111111, -7.723055555555556",51.95111111,-7.723055556,Mytilus spp.,,Mussel,OsHV-1 μVar,2014,Field,Web of Science,,Individuals,0.0667,30,NA,
44,Batista et al. 2015,2015,Sequence variation in ostreid herpesvirus 1 microvar isolates detected in dying and asymptomatic Crassostrea angulata adults in the Iberian Peninsula: Insights into viral origin and spread,https://www.sciencedirect.com/science/article/pii/S0044848614004657?via%3Dihub,Carreras River,Spain,NA,"37.198015, -7.309393","37.198015, -7.309393",37.198015,-7.309393,Magallana gigas,,Pacific Oyster,OsHV-1 μVar,2013,Field,Snowball,,Individuals,0.0667,30,NA,
13,Moss et al. 2007,2007,Pathogens in Crassostrea ariakensis and other Asian oyster species: implications for non-native oyster introduction to Chesapeake Bay,https://www.int-res.com/abstracts/dao/v77/n3/p207-223/,Mie Prefecture,Japan,NA,"34.291871, 136.892738

","34.291871, 136.892738

",34.291871,136.892738,Magallana gigas,,Other Oyster,OsHV-1,2005,Field,Snowball,,Individuals,0.069,29,NA,
4,Bai et al. 2015,2015,Emerging and endemic types of Ostreid herpesvirus 1 were detected in bivalves in China,https://www.sciencedirect.com/science/article/pii/S0022201114001785?via%3Dihub,"Changddao County, Shandong Province",China,NA,"38.184832, 120.762450
","38.184832, 120.762450
",38.184832,120.76245,Chlamys farreri,,Scallop,OsHV-1,2010,Field,Snowball,,Individuals,0.07,100,NA,
4,Bai et al. 2015,2015,Emerging and endemic types of Ostreid herpesvirus 1 were detected in bivalves in China,https://www.sciencedirect.com/science/article/pii/S0022201114001785?via%3Dihub,"Changddao County, Shandong Province",China,NA,"38.184832, 120.762450
","38.184832, 120.762450
",38.184832,120.76245,Crassostrea hongkongensis,,Other Oyster,OsHV-1,2011,Field,Snowball,,Individuals,0.07,30,NA,
40,Garcia et al. 2018,2018,"Descriptions of Mikrocytos veneroïdes n. sp. and Mikrocytos donaxi n. sp. (Ascetosporea: Mikrocytida: Mikrocytiidae), detected during important mortality events of the wedge clam Donax trunculus Linnaeus (Veneroida: Donacidae), in France between 2008 and 2011",https://parasitesandvectors.biomedcentral.com/articles/10.1186/s13071-018-2692-0,Quiberon Bay,France,"47.54°N, 3.13°W","47.562584, -3.050641","47.562584, -3.050641",47.562584,-3.050641,Donax trunculus,Wedge clam,Clam,OsHV-1,2010,Field,Snowball,,Individuals,0.0714,14,NA,
71,Petton et al. 2015,2015,Factors influencing disease-induced mortality of Pacific oysters Crassostrea gigas,https://www.int-res.com/articles/aei2014/6/q006p205.pdf,"Pointe du Château, Bay of Brest",France,"48° 20’ 6’’ N, 4° 19’ 6’’ W","48.335, -4.31833","48.335, -4.31833",48.335,-4.31833,Magallana gigas,,Pacific Oyster,OsHV-1 μVar,2010,Field,Web of Science,,Individuals,0.0714,14,100000,
9,Martínez-García et al. 2017,2017,"OsHV-1 and notifiable protozoa in healthy Crassostrea corteziensis cultured in two distant areas of the Gulf of California
",https://scielo.conicyt.cl/pdf/lajar/v45n4/0718-560X-lajar-45-04-0699.pdf,"Playa Manga, Sonora",Mexico,"27°58’40”N, 111°58’40”W",NA,"27.958275, -111.967971

",27.958275,-111.967971,Crassostrea corteziensis,,Other Oyster,OsHV-1,2012,Field,Snowball,,Individuals,0.074,30,NA,
61,Batista et al. 2014,2014,"Insights on the association between somatic aneuploidy and ostreid herpesvirus 1 detection in the oysters Crassostrea gigas, C. angulata and their F1 hybrids",https://onlinelibrary.wiley.com/doi/10.1111/are.12613,Ria Formosa,Portugal,NA,"37.121704, -7.620029","37.121704, -7.620029",37.121704,-7.620029,Crassostrea hybrid,,Other Oyster,OsHV-1,2004,Field,Web of Science,,Individuals,0.08,25,NA,
106,Domeneghetti et al. 2014,2014,"Mortality occurrence and pathogen detection in Crassostrea gigas and Mytilus galloprovincialis close-growing in shallow waters (Goro lagoon, Italy)",https://www.sciencedirect.com/science/article/abs/pii/S1050464814001727?via%3Dihub,"Po river delta, Sacca di Goro",Italy,"44° 48.728N, 12°17.905E",NA,"44.812151, 12.298466",44.812151,12.298466,Magallana gigas,,Mussel,OsHV-1 μVar,2013,Field,Snowball,,Individuals,0.08,150,2.75,
73,Whittington et al. 2015,2015,"Further observations on the influence of husbandry practices on OsHV-1 μVar mortality in Pacific oysters Crassostrea gigas: Age, cultivation structures and growing height",https://www.sciencedirect.com/science/article/pii/S0044848614006632,"Site B, Woolooware Bay",Australia,NA,"34.0254° S, 151.1400° E","-34.025400, 151.140000",-34.0254,151.14,Magallana gigas,,Pacific Oyster,OsHV-1 μVar,2013,Field,Web of Science,,Individuals,0.0862,4,380000,"Mean Prevalence; Fig 3; Log Copies, Fig. 4b"
49,Garcia et al. 2011,2011,Ostreid herpesvirus 1 detection and relationship with Crassostrea gigas spat mortality in France between 1998 and 2006,https://veterinaryresearch.biomedcentral.com/articles/10.1186/1297-9716-42-73,Charente-Maritime,France,NA,"45.948768, -1.094332","45.948768, -1.094332",45.948768,-1.094332,Magallana gigas,,Pacific Oyster,OsHV-1 μVar,1998,Field,Snowball,,Individuals,0.0873,152,NA,
4,Bai et al. 2015,2015,Emerging and endemic types of Ostreid herpesvirus 1 were detected in bivalves in China,https://www.sciencedirect.com/science/article/pii/S0022201114001785?via%3Dihub,"Changddao County, Shandong Province",China,NA,"38.184832, 120.762450
","38.184832, 120.762450
",38.184832,120.76245,Crassostrea hongkongensis,,Other Oyster,OsHV-1,2011,Field,Snowball,,Individuals,0.09,22,NA,
4,Bai et al. 2015,2015,Emerging and endemic types of Ostreid herpesvirus 1 were detected in bivalves in China,https://www.sciencedirect.com/science/article/pii/S0022201114001785?via%3Dihub,"Changddao County, Shandong Province",China,NA,"38.184832, 120.762450
","38.184832, 120.762450
",38.184832,120.76245,Chlamys farreri,,Scallop,OsHV-1,2013,Field,Snowball,,Individuals,0.1,10,NA,
4,Bai et al. 2015,2015,Emerging and endemic types of Ostreid herpesvirus 1 were detected in bivalves in China,https://www.sciencedirect.com/science/article/pii/S0022201114001785?via%3Dihub,"Changddao County, Shandong Province",China,NA,"38.184832, 120.762450
","38.184832, 120.762450
",38.184832,120.76245,Ruditapes phillipinarum,,Clam,OsHV-1,2013,Field,Snowball,,Individuals,0.1,10,NA,
4,Bai et al. 2015,2015,Emerging and endemic types of Ostreid herpesvirus 1 were detected in bivalves in China,https://www.sciencedirect.com/science/article/pii/S0022201114001785?via%3Dihub,"Changddao County, Shandong Province",China,NA,"38.184832, 120.762450
","38.184832, 120.762450
",38.184832,120.76245,Ruditapes phillipinarum,,Clam,OsHV-1,2013,Field,Snowball,,Individuals,0.1,10,NA,
13,Moss et al. 2007,2007,Pathogens in Crassostrea ariakensis and other Asian oyster species: implications for non-native oyster introduction to Chesapeake Bay,https://www.int-res.com/abstracts/dao/v77/n3/p207-223/,Yamen River,China,NA,"22.104046, 113.082397","22.104046, 113.082397",22.104046,113.082397,Crassostrea hongkongensis,,Other Oyster,OsHV-1,1999,Field,Snowball,,Individuals,0.1,50,NA,
106,Domeneghetti et al. 2014,2014,"Mortality occurrence and pathogen detection in Crassostrea gigas and Mytilus galloprovincialis close-growing in shallow waters (Goro lagoon, Italy)",https://www.sciencedirect.com/science/article/abs/pii/S1050464814001727?via%3Dihub,"Po river delta, Sacca di Goro",Italy,"44° 48.728N, 12°17.905E",NA,"44.812151, 12.298466",44.812151,12.298466,Magallana gigas,,Mussel,OsHV-1 μVar,2011,Field,Snowball,,Individuals,0.1056,180,0.95,
13,Moss et al. 2007,2007,Pathogens in Crassostrea ariakensis and other Asian oyster species: implications for non-native oyster introduction to Chesapeake Bay,https://www.int-res.com/abstracts/dao/v77/n3/p207-223/,Chengcun,China,NA,"21.450543, 111.566180

","21.450543, 111.566180

",21.450543,111.56618,Crassostrea hongkongensis,,Other Oyster,OsHV-1,2002,Field,Snowball,,Individuals,0.108,37,NA,
35,Shimahara et al. 2012,2012,Surveillance of Type 1 Ostreid Herpesvirus (OsHV-1) Variants in Japan,https://www.jstage.jst.go.jp/article/jsfp/47/4/47_129/_article,Kumamoto,Japan,NA,"32.785682, 130.588925

","32.785682, 130.588925

",32.785682,130.588925,Crassostrea sikamea,,Other Oyster,OsHV-1,2007,Field,Snowball,,Individuals,0.111,72,NA,
61,Batista et al. 2014,2014,"Insights on the association between somatic aneuploidy and ostreid herpesvirus 1 detection in the oysters Crassostrea gigas, C. angulata and their F1 hybrids",https://onlinelibrary.wiley.com/doi/10.1111/are.12613,Ria Formosa,Portugal,NA,"37.121704, -7.620029","37.121704, -7.620029",37.121704,-7.620029,Magallana gigas,,Pacific Oyster,OsHV-1,2004,Field,Web of Science,,Individuals,0.111,27,NA,
48,Burge et al. 2011,2011,"Detection of the oyster herpesvirus in commercial bivalve in northern California, USA: conventional and quantitative PCR",https://www.int-res.com/abstracts/dao/v94/n2/p107-116/,"Tomales Bay, California",USA,NA,"38.210853, -122.932268","38.210853, -122.932268",38.210853,-122.932268,Crassostrea virginica,Eastern oyster,Other Oyster,OsHV,2003,Field,Web of Science,,Individuals,0.1136,60,0.3,
73,Whittington et al. 2015,2015,"Further observations on the influence of husbandry practices on OsHV-1 μVar mortality in Pacific oysters Crassostrea gigas: Age, cultivation structures and growing height",https://www.sciencedirect.com/science/article/pii/S0044848614006632,"Site C, Woolooware Bay",Australia,NA,"34.0329° S, 151.1466° E","-34.032900, 151.146600",-34.0329,151.1466,Magallana gigas,,Pacific Oyster,OsHV-1 μVar,2013,Field,Web of Science,,Individuals,0.116,3,120000,"Mean Prevalence; Fig 3; Log Copies, Fig. 4c"
73,Whittington et al. 2015,2015,"Further observations on the influence of husbandry practices on OsHV-1 μVar mortality in Pacific oysters Crassostrea gigas: Age, cultivation structures and growing height",https://www.sciencedirect.com/science/article/pii/S0044848614006632,"Site B, Woolooware Bay",Australia,NA,"34.0254° S, 151.1400° E","-34.025400, 151.140000",-34.0254,151.14,Magallana gigas,,Pacific Oyster,OsHV-1 μVar,2012,Field,Web of Science,,Individuals,0.1207,5,2000000,"Mean Prevalence; Fig 3; Log Copies, Fig. 4b"
73,Whittington et al. 2015,2015,"Further observations on the influence of husbandry practices on OsHV-1 μVar mortality in Pacific oysters Crassostrea gigas: Age, cultivation structures and growing height",https://www.sciencedirect.com/science/article/pii/S0044848614006632,"Site C, Woolooware Bay",Australia,NA,"34.0329° S, 151.1466° E","-34.032900, 151.146600",-34.0329,151.1466,Magallana gigas,,Pacific Oyster,OsHV-1 μVar,2012,Field,Web of Science,,Individuals,0.1207,5,680000,"Mean Prevalence; Fig 3; Log Copies, Fig. 4c"
43,Mello et al. 2018,2018,First evidence of viral and bacterial oyster pathogens in the Brazilian coast,https://onlinelibrary.wiley.com/doi/10.1111/jfd.12755,Palhoça,Brazil,"26°870S, 48°590O",NA,"-27.772781, -48.617772",-27.772781,-48.617772,Magallana gigas,,Pacific Oyster,OsHV-1,2013,Field,Web of Science,,Individuals,0.125,24,NA,
43,Mello et al. 2018,2018,First evidence of viral and bacterial oyster pathogens in the Brazilian coast,https://onlinelibrary.wiley.com/doi/10.1111/jfd.12755,"Balneário Barra do Sul, Santa Catarina",Brazil,"26°32′S, 48°66′W",NA,"-27.492213, -48.530338",-27.492213,-48.530338,Crassostrea brasiliana,,Other Oyster,OsHV-1,2013,Field,Web of Science,,Individuals,0.125,24,NA,
43,Mello et al. 2018,2018,First evidence of viral and bacterial oyster pathogens in the Brazilian coast,https://onlinelibrary.wiley.com/doi/10.1111/jfd.12755,"Sambaqui, Santa Catarina",Brazil,"27°75′S, 48°57′W",NA,"-27.492213, -48.530338",-27.492213,-48.530338,Magallana gigas,,Pacific Oyster,OsHV-1,2013,Field,Web of Science,,Individuals,0.125,24,NA,
90,Paul-Pont et al. 2014,2014,"Descriptive epidemiology of mass mortality due to Ostreid herpesvirus-1 (OsHV-1) in commercially farmed Pacific oysters (Crassostrea gigas) in the Hawkesbury River estuary, Australia",https://www.sciencedirect.com/science/article/pii/S0044848613006480,Kimmerikong,Australia,NA,"-33.547661295076125, 151.15438977805232","-33.547661295076125, 151.15438977805232",-33.5476613,151.1543898,Magallana gigas,,Pacific Oyster,OsHV-1 μVar,2013,Field,Web of Science,,Pools,0.125,24,20,Table 6 & 7
68,Lynch et al. 2012,2012,"A previously undescribed ostreid herpes virus 1 (OsHV-1) genotype detected in the pacific oyster, Crassostrea gigas, in Ireland",https://www.cambridge.org/core/journals/parasitology/article/previously-undescribed-ostreid-herpes-virus-1-oshv1-genotype-detected-in-the-pacific-oyster-crassostrea-gigas-in-ireland/88D6EB5FCB13279A3F0070F1B71BACCE,Bannow Bay,Ireland,52°27′N 006°47′W,NA,"52.450000, -6.783333",52.45,-6.783333,Magallana gigas,,Pacific Oyster,OsHV-1 μVar,2003,Field,Snowball,,Individuals,0.131,60,,Mean Prevalence
59,Carrasco et al. 2017,2017,"A Production Calendar Based on Water Temperature, Spat Size, and Husbandry Practices Reduce OsHV-1 μVar Impact on Cultured Pacific Oyster Crassostrea gigas in the Ebro Delta (Catalonia), Mediterranean Coast of Spain",https://www.frontiersin.org/articles/10.3389/fphys.2017.00125/full,Alfacs,Spain,NA,"40.594750, 0.600054","40.594750, 0.600054",40.59475,0.600054,Magallana gigas,,Pacific Oyster,OsHV-1 μVar,2012,Field,Web of Science,,Individuals,0.1332,6,NA,Mean Prevalence
35,Shimahara et al. 2012,2012,Surveillance of Type 1 Ostreid Herpesvirus (OsHV-1) Variants in Japan,https://www.jstage.jst.go.jp/article/jsfp/47/4/47_129/_article,Miyagi Prefecture,Japan,NA,"38.246616, 141.143571","38.246616, 141.143571",38.246616,141.143571,Magallana gigas,,Pacific Oyster,OsHV-1,2011,Field,Snowball,,Individuals,0.135,495,NA,
68,Lynch et al. 2012,2012,"A previously undescribed ostreid herpes virus 1 (OsHV-1) genotype detected in the pacific oyster, Crassostrea gigas, in Ireland",https://www.cambridge.org/core/journals/parasitology/article/previously-undescribed-ostreid-herpes-virus-1-oshv1-genotype-detected-in-the-pacific-oyster-crassostrea-gigas-in-ireland/88D6EB5FCB13279A3F0070F1B71BACCE,Dungrvan Bay,Ireland,52°03′N 007°35′W,NA,"52.050000, -7.583333",52.05,-7.583333,Magallana gigas,,Pacific Oyster,OsHV-1 μVar,2004,Field,Snowball,,Individuals,0.1375,60,,Mean Prevalence
49,Garcia et al. 2011,2011,Ostreid herpesvirus 1 detection and relationship with Crassostrea gigas spat mortality in France between 1998 and 2006,https://veterinaryresearch.biomedcentral.com/articles/10.1186/1297-9716-42-73,Charente-Maritime,France,NA,"45.948768, -1.094332","45.948768, -1.094332",45.948768,-1.094332,Magallana gigas,,Pacific Oyster,OsHV-1 μVar,2000,Field,Snowball,,Individuals,0.1395,86,NA,
109,Roque et al. 2012,2012,First report of OsHV-1 microvar in Pacific oyster (Crassostrea gigas) cultured in Spain,https://www.sciencedirect.com/science/article/pii/S0044848611008295,Fangar,Spain,NA,"40.769765, 0.764042","40.769765, 0.764042",40.769765,0.764042,Magallana gigas,,Pacific Oyster,OsHV-1 μVar,2005,Field,Snowball,,Individuals,0.149,10,NA,Table 1
73,Whittington et al. 2015,2015,"Further observations on the influence of husbandry practices on OsHV-1 μVar mortality in Pacific oysters Crassostrea gigas: Age, cultivation structures and growing height",https://www.sciencedirect.com/science/article/pii/S0044848614006632,"Site A, Woolooware Bay",Australia,NA,"34.0118° S, 151.1463° E","-34.011800, 151.146300",-34.0118,151.1463,Magallana gigas,,Pacific Oyster,OsHV-1 μVar,2013,Field,Web of Science,,Individuals,0.1596,5,150000,"Mean Prevalence; Fig 3; Log Copies, Fig. 4a"
49,Garcia et al. 2011,2011,Ostreid herpesvirus 1 detection and relationship with Crassostrea gigas spat mortality in France between 1998 and 2006,https://veterinaryresearch.biomedcentral.com/articles/10.1186/1297-9716-42-73,Charente-Maritime,France,NA,"45.948768, -1.094332","45.948768, -1.094332",45.948768,-1.094332,Magallana gigas,,Pacific Oyster,OsHV-1 μVar,2001,Field,Snowball,,Individuals,0.163,141,NA,
43,Mello et al. 2018,2018,First evidence of viral and bacterial oyster pathogens in the Brazilian coast,https://onlinelibrary.wiley.com/doi/10.1111/jfd.12755,Biguaçu,Brazil,"27°530S, 48°620O",NA,"-27.497385, -48.636834",-27.497385,-48.636834,Magallana gigas,,Pacific Oyster,OsHV-1,2013,Field,Web of Science,,Individuals,0.1667,12,NA,
43,Mello et al. 2018,2018,First evidence of viral and bacterial oyster pathogens in the Brazilian coast,https://onlinelibrary.wiley.com/doi/10.1111/jfd.12755,"Sambaqui, Santa Catarina,",Brazil,"27°75′S, 48°57′W",NA,"-27.492213, -48.530338",-27.492213,-48.530338,Crassostrea brasiliana,,Other Oyster,OsHV-1,2013,Field,Web of Science,,Individuals,0.1667,24,NA,
41,Evans et al. 2017,2017,"Detection of ostreid herpesvirus 1 microvariant DNA in aquatic invertebrate species, sediment and other samples collected from the Georges River estuary, New South Wales, Australia",https://www.int-res.com/abstracts/dao/v122/n3/p247-255/,"Site A, Woolooware Bay",Australia,"34° 01’ 54.0’’ S, 151° 09’ 04.0’’ E","-34.011088, 151.147129

","-34.011088, 151.147129

",-34.011088,151.147129,Anadara trapezia,Sydney cockle,Cockle,OsHV-1 μVar,2012,Field,Snowball,,Pools,0.167,6,NA,
35,Shimahara et al. 2012,2012,Surveillance of Type 1 Ostreid Herpesvirus (OsHV-1) Variants in Japan,https://www.jstage.jst.go.jp/article/jsfp/47/4/47_129/_article,Miyagi Prefecture,Japan,NA,"38.246616, 141.143571","38.246616, 141.143571",38.246616,141.143571,Magallana gigas,,Pacific Oyster,OsHV-1,2007,Field,Snowball,,Individuals,0.169,71,NA,
66,Morrissey et al. 2017,2017,Mortality in Crassostrea gigas oysters in Ireland during 2012,https://eafp.org/download/2017-volume37/issue_2/37-2-050-morrissey.pdf,Clew Bay,Ireland,NA,"53.832573, -9.780322","53.832573, -9.780322",53.832573,-9.780322,Magallana gigas,,Pacific Oyster,OsHV-1 μVar,2012,Field,Web of Science,,Individuals,0.187,NA,NA,
4,Bai et al. 2015,2015,Emerging and endemic types of Ostreid herpesvirus 1 were detected in bivalves in China,https://www.sciencedirect.com/science/article/pii/S0022201114001785?via%3Dihub,"Changddao County, Shandong Province",China,NA,"38.184832, 120.762450
","38.184832, 120.762450
",38.184832,120.76245,Chlamys farreri,,Scallop,OsHV-1,2009,Field,Snowball,,Individuals,0.19,86,NA,
9,Martínez-García et al. 2017,2017,"OsHV-1 and notifiable protozoa in healthy Crassostrea corteziensis cultured in two distant areas of the Gulf of California
",https://scielo.conicyt.cl/pdf/lajar/v45n4/0718-560X-lajar-45-04-0699.pdf,"Boca de Camichín, Nayarit",Mexico,"21º44’36”N, 105º29’30”W",NA,"21.743333, -105.491667",21.743333,-105.491667,Crassostrea corteziensis,,Other Oyster,OsHV-1,2012,Field,Snowball,,Individuals,0.192,30,NA,
4,Bai et al. 2015,2015,Emerging and endemic types of Ostreid herpesvirus 1 were detected in bivalves in China,https://www.sciencedirect.com/science/article/pii/S0022201114001785?via%3Dihub,"Changddao County, Shandong Province",China,NA,"38.184832, 120.762450
","38.184832, 120.762450
",38.184832,120.76245,Meretrix meretrix,,Clam,OsHV-1,2013,Field,Snowball,,Individuals,0.2,5,NA,
13,Moss et al. 2007,2007,Pathogens in Crassostrea ariakensis and other Asian oyster species: implications for non-native oyster introduction to Chesapeake Bay,https://www.int-res.com/abstracts/dao/v77/n3/p207-223/,Shouchang River,China,NA,"21.780572, 112.194075","21.780572, 112.194075",21.780572,112.194075,Crassostrea hongkongensis,,Other Oyster,OsHV-1,1999,Field,Snowball,,Individuals,0.2,50,NA,
39,O'Reilly et al. 2018,2018,The role of the mussel Mytilus spp. in the transmission of ostreid herpesvirus-1 microVar,https://www.cambridge.org/core/journals/parasitology/article/role-of-the-mussel-mytilus-spp-in-the-transmission-of-ostreid-herpesvirus1-microvar/5DBEC59DD1A86F8709E3433D0EF1CB68,"Dungarvan, Co. Waterford",Ireland,NA,"52.868227777777776, -7.127005555555555","52.868227777777776, -7.127005555555555",52.86822778,-7.127005556,Mytilus spp.,,Mussel,OsHV-1 μVar,2015,Field,Web of Science,,Individuals,0.2,30,NA,
41,Evans et al. 2017,2017,"Detection of ostreid herpesvirus 1 microvariant DNA in aquatic invertebrate species, sediment and other samples collected from the Georges River estuary, New South Wales, Australia",https://www.int-res.com/abstracts/dao/v122/n3/p247-255/,"Site A, Woolooware Bay",Australia,"34° 01’ 54.0’’ S, 151° 09’ 04.0’’ E","-34.011088, 151.147129

","-34.011088, 151.147129

",-34.011088,151.147129,Pyrazus ebeninus,,Gastropod,OsHV-1 μVar,2012,Field,Snowball,,Pools,0.2,5,NA,
41,Evans et al. 2017,2017,"Detection of ostreid herpesvirus 1 microvariant DNA in aquatic invertebrate species, sediment and other samples collected from the Georges River estuary, New South Wales, Australia",https://www.int-res.com/abstracts/dao/v122/n3/p247-255/,"Site A, Woolooware Bay",Australia,"34° 01’ 54.0’’ S, 151° 09’ 04.0’’ E","-34.011088, 151.147129

","-34.011088, 151.147129

",-34.011088,151.147129,Trichomya hirsuta,,Mussel,OsHV-1 μVar,2012,Field,Snowball,,Pools,0.2,5,NA,
41,Evans et al. 2017,2017,"Detection of ostreid herpesvirus 1 microvariant DNA in aquatic invertebrate species, sediment and other samples collected from the Georges River estuary, New South Wales, Australia",https://www.int-res.com/abstracts/dao/v122/n3/p247-255/,"Lime Kiln, Woolooware Bay",Australia,"34° 01’ 54.0’’ S, 151° 09’ 04.0’’ E","-33.988758, 151.055406","-33.988758, 151.055406",-33.988758,151.055406,Saccostrea glomerata,,Other Oyster,OsHV-1 μVar,2013,Field,Snowball,,Pools,0.2,5,NA,
41,Evans et al. 2017,2017,"Detection of ostreid herpesvirus 1 microvariant DNA in aquatic invertebrate species, sediment and other samples collected from the Georges River estuary, New South Wales, Australia",https://www.int-res.com/abstracts/dao/v122/n3/p247-255/,"Site B, Woolooware Bay",Australia,"34° 01’ 54.0’’ S, 151° 09’ 04.0’’ E","-34.028167, 151.138987

","-34.028167, 151.138987

",-34.028167,151.138987,Saccostrea glomerata,,Other Oyster,OsHV-1 μVar,2013,Field,Snowball,,Pools,0.2,5,NA,
41,Evans et al. 2017,2017,"Detection of ostreid herpesvirus 1 microvariant DNA in aquatic invertebrate species, sediment and other samples collected from the Georges River estuary, New South Wales, Australia",https://www.int-res.com/abstracts/dao/v122/n3/p247-255/,"Site A, Woolooware Bay",Australia,"34° 01’ 54.0’’ S, 151° 09’ 04.0’’ E","-34.011088, 151.147129

","-34.011088, 151.147129

",-34.011088,151.147129,Saccostrea glomerata,,Other Oyster,OsHV-1 μVar,2013,Field,Snowball,,Pools,0.2,5,NA,
44,Batista et al. 2015,2015,Sequence variation in ostreid herpesvirus 1 microvar isolates detected in dying and asymptomatic Crassostrea angulata adults in the Iberian Peninsula: Insights into viral origin and spread,https://www.sciencedirect.com/science/article/pii/S0044848614004657?via%3Dihub,"Monte-da-Pedra, Sado estuary, Roncão Velho",Portugal,NA,"38.461895, -8.906566",38.461895,-8.906566,-7.620029,Magallana gigas,,Pacific Oyster,OsHV-1 μVar,2011,Field,Snowball,,Individuals,0.2,30,920000000,
73,Whittington et al. 2015,2015,"Further observations on the influence of husbandry practices on OsHV-1 μVar mortality in Pacific oysters Crassostrea gigas: Age, cultivation structures and growing height",https://www.sciencedirect.com/science/article/pii/S0044848614006632,"Site A, Woolooware Bay",Australia,NA,"34.0118° S, 151.1463° E","-34.011800, 151.146300",-34.0118,151.1463,Magallana gigas,,Pacific Oyster,OsHV-1 μVar,2012,Field,Web of Science,,Individuals,0.2077,7,29500,"Mean Prevalence; Fig 3; Log Copies, Fig. 4a"
43,Mello et al. 2018,2018,First evidence of viral and bacterial oyster pathogens in the Brazilian coast,https://onlinelibrary.wiley.com/doi/10.1111/jfd.12755,Ribeirão da Ilha ,Brazil,"27°290S, 48°320W",NA,"-27.715120, -48.563149",-27.71512,-48.563149,Magallana gigas,,Pacific Oyster,OsHV-1,2013,Field,Web of Science,,Individuals,0.2083,24,NA,
4,Bai et al. 2015,2015,Emerging and endemic types of Ostreid herpesvirus 1 were detected in bivalves in China,https://www.sciencedirect.com/science/article/pii/S0022201114001785?via%3Dihub,"Changddao County, Shandong Province",China,NA,"38.184832, 120.762450
","38.184832, 120.762450
",38.184832,120.76245,Chlamys farreri,,Scallop,OsHV-1,2011,Field,Snowball,,Individuals,0.22,18,NA,
48,Burge et al. 2011,2011,"Detection of the oyster herpesvirus in commercial bivalve in northern California, USA: conventional and quantitative PCR",https://www.int-res.com/abstracts/dao/v94/n2/p107-116/,"Tomales Bay, California",USA,NA,"38.210853, -122.932268","38.210853, -122.932268",38.210853,-122.932268,Crassostrea sikamea,Kumamoto oyster,Other Oyster,OsHV,2003,Field,Web of Science,,Individuals,0.2245,53,NA,
34,Hine & Thorne 1997,1997,Replication of herpes-like viruses in haemocytes of adult flat oysters Ostrea angasi: an ultrastructural study ,https://www.int-res.com/articles/dao/29/d029p189.pdf,"Albany, Western Australia",Australia,NA,"-35.029908, 117.881675","-35.029908, 117.881675",-35.029908,117.881675,Ostrea angasi,,Other Oyster,Herpes-like virus,1994,Field,Snowball,,Individuals,0.225,120,NA,
11,Bai et al. 2016,2016,Identification and characterization of ostreid herpesvirus 1 associated with massive mortalities of Scapharca broughtonii broodstocks in China,https://www.int-res.com/abstracts/dao/v118/n1/p65-75/,"ChangD, Changdong Province, China",China,NA,"37.852516, 120.824291","37.852516, 120.824291",37.852516,120.824291,Scapharca broughtonii,,Clam,OsHV-1,2013,Field,Snowball,,Individuals,0.24,4,505.34,
22,Barbosa-Solomieu et al. 2004,2004,Diagnosis of Ostreid herpesvirus 1 in fixed paraffin-embedded archival samples using PCR and in situ hybridisation,https://www.sciencedirect.com/science/article/pii/S016609340400045X?via%3Dihub,Charente Maritime,France,NA,"45.948768, -1.094332","45.948768, -1.094332",45.948768,-1.094332,Magallana gigas,,Pacific Oyster,OsHV-1,1994,Field,Snowball,,Individuals,0.249,277,NA,
4,Bai et al. 2015,2015,Emerging and endemic types of Ostreid herpesvirus 1 were detected in bivalves in China,https://www.sciencedirect.com/science/article/pii/S0022201114001785?via%3Dihub,"Changddao County, Shandong Province",China,NA,"38.184832, 120.762450
","38.184832, 120.762450
",38.184832,120.76245,Patinopecten yessoensis,,Scallop,OsHV-1,2012,Field,Snowball,,Individuals,0.25,4,NA,
39,O'Reilly et al. 2018,2018,The role of the mussel Mytilus spp. in the transmission of ostreid herpesvirus-1 microVar,https://www.cambridge.org/core/journals/parasitology/article/role-of-the-mussel-mytilus-spp-in-the-transmission-of-ostreid-herpesvirus1-microvar/5DBEC59DD1A86F8709E3433D0EF1CB68,"Garrettstown, Kinsale, Co. Cork",Ireland,"51°38′16·93″N, 8°34′21·41″W",NA,"51.63777777777778, -8.5725",51.63777778,-8.5725,Mytilus spp.,,Mussel,OsHV-1 μVar,2014,Field,Web of Science,,Individuals,0.25,60,NA,
43,Mello et al. 2018,2018,First evidence of viral and bacterial oyster pathogens in the Brazilian coast,https://onlinelibrary.wiley.com/doi/10.1111/jfd.12755,Biguaçu,Brazil,"27°530S, 48°620O",NA,"-27.497385, -48.636834",-27.497385,-48.636834,Magallana gigas,,Pacific Oyster,OsHV-1,2013,Field,Web of Science,,Individuals,0.25,24,NA,
43,Mello et al. 2018,2018,First evidence of viral and bacterial oyster pathogens in the Brazilian coast,https://onlinelibrary.wiley.com/doi/10.1111/jfd.12755,Ribeirão da Ilha ,Brazil,"27°290S, 48°320W",NA,"-27.715120, -48.563149",-27.71512,-48.563149,Magallana gigas,,Pacific Oyster,OsHV-1,2013,Field,Web of Science,,Individuals,0.25,12,NA,
49,Garcia et al. 2011,2011,Ostreid herpesvirus 1 detection and relationship with Crassostrea gigas spat mortality in France between 1998 and 2006,https://veterinaryresearch.biomedcentral.com/articles/10.1186/1297-9716-42-73,Charente-Maritime,France,NA,"45.948768, -1.094332","45.948768, -1.094332",45.948768,-1.094332,Magallana gigas,,Pacific Oyster,OsHV-1 μVar,2006,Field,Snowball,,Individuals,0.25,16,NA,
56,Battistini et al. 2020,2020,"Microbiological and Histological Analysis for the Evaluation of Farmed Mussels (Mytilus galloprovincialis) Health Status, in Coastal Areas of Italy",https://www.mdpi.com/2076-0817/9/5/395,"IWS, Gulf of La Spezia",Italy,NA,"44.072218, 9.855709","44.072218, 9.855709",44.072218,9.855709,Mytilus galloprovincialis,Mediterranean Mussel,Mussel,OsHV-1,2017,Field,Web of Science,,Individuals,0.25,12,NA,
66,Morrissey et al. 2017,2017,Mortality in Crassostrea gigas oysters in Ireland during 2012,https://eafp.org/download/2017-volume37/issue_2/37-2-050-morrissey.pdf,Donegal Bay,Ireland,NA,"54.650475, -8.117177","54.650475, -8.117177",54.650475,-8.117177,Magallana gigas,,Pacific Oyster,OsHV-1 μVar,2012,Field,Web of Science,,Individuals,0.257,NA,NA,
66,Morrissey et al. 2017,2017,Mortality in Crassostrea gigas oysters in Ireland during 2012,https://eafp.org/download/2017-volume37/issue_2/37-2-050-morrissey.pdf,Dungarvan Harbour,Ireland,NA,"52.06904729263853, -7.573733962411507","52.06904729263853, -7.573733962411507",52.06904729,-7.573733962,Magallana gigas,,Pacific Oyster,OsHV-1 μVar,2012,Field,Web of Science,,Individuals,0.258,NA,NA,
13,Moss et al. 2007,2007,Pathogens in Crassostrea ariakensis and other Asian oyster species: implications for non-native oyster introduction to Chesapeake Bay,https://www.int-res.com/abstracts/dao/v77/n3/p207-223/,"Itoki River, Ariake Bay",Japan,NA,"33.017331, 130.183847

","33.017331, 130.183847

",33.017331,130.183847,Crassostrea ariakensis,,Other Oyster,OsHV-1,1999,Field,Snowball,,Individuals,0.26,50,NA,
4,Bai et al. 2015,2015,Emerging and endemic types of Ostreid herpesvirus 1 were detected in bivalves in China,https://www.sciencedirect.com/science/article/pii/S0022201114001785?via%3Dihub,"Changddao County, Shandong Province",China,NA,"38.184832, 120.762450
","38.184832, 120.762450
",38.184832,120.76245,Patinopecten yessoensis,,Scallop,OsHV-1,2012,Field,Snowball,,Individuals,0.27,90,NA,
65,Gangnery et al. 2019,2019,Connectivities with shellfish farms and channel rivers are associated with mortality risk in oysters,https://www.jstor.org/stable/26920859,Baie des Veys,France,NA,"49.386373, -1.130040","49.386373, -1.130040",49.386373,-1.13004,Magallana gigas,,Pacific Oyster,OsHV-1 μVar,2013,Field,Web of Science,,Individuals,0.275,40,6080,
51,Degremont & Benabdelmouna 2014,2014,Mortality associated with OsHV-1 in spat Crassostrea gigas: role of wild-caught spat in the horizontal transmission of the disease,https://link.springer.com/article/10.1007/s10499-014-9781-7,La Tremblade,France,NA,"45.795130, -1.236367","45.795130, -1.236367",45.79513,-1.236367,Magallana gigas,,Pacific Oyster,OsHV-1 μVar,2010,Field,Web of Science,,Individuals,0.283,60,1000000,
38,Bookelaar et al. 2018,2018,Role of the intertidal predatory shore crab Carcinus maenas in transmission dynamics of ostreid herpesvirus-1 microvariant,https://pubmed.ncbi.nlm.nih.gov/30259874/,"Carlingford Lough, Co. Lough",Ireland,"54.0733° N, 6.1994° W",NA,"54.90122222222222, -6.103322222222221",54.90122222,-6.103322222,Carcinus maenas,,Crab,OsHV-1 μVar,2015,Field,Snowball,,Individuals,0.2857,476,250000,
13,Moss et al. 2007,2007,Pathogens in Crassostrea ariakensis and other Asian oyster species: implications for non-native oyster introduction to Chesapeake Bay,https://www.int-res.com/abstracts/dao/v77/n3/p207-223/,Kahwa River,Korea,NA,"35.045033, 126.345200","35.045033, 126.345200",35.045033,126.3452,Crassostrea ariakensis,,Other Oyster,OsHV-1,2004,Field,Snowball,,Individuals,0.286,35,NA,
22,Barbosa-Solomieu et al. 2004,2004,Diagnosis of Ostreid herpesvirus 1 in fixed paraffin-embedded archival samples using PCR and in situ hybridisation,https://www.sciencedirect.com/science/article/pii/S016609340400045X?via%3Dihub,Charente Maritime,France,NA,"45.948768, -1.094332","45.948768, -1.094332",45.948768,-1.094332,Ostrea edulis,,Other Oyster,OsHV-1,1994,Field,Snowball,,Individuals,0.287,87,NA,
91,Pande & Andel 2018,2018,"Ostreid herpesvirus and Vibrio species pilot surveillance study farmed Pacific Oysters (Magallana gigas) in Croisilles Harbour, Marlborough Sounds, New Zealand.",https://www.mpi.govt.nz/dmsdocument/33337-ostreid-herpesvirus-and-vibrio-species-pilot-surveillance-study-farmed-pacific-oysters-magallana-gigas-in-croisilles-harbour-marlborough-sounds-new-zealand,"Croisilles Harbour, Marlborough Sounds",New Zealand,NA,"-41.074888, 173.681842","-41.074888, 173.681842",-41.074888,173.681842,Magallana gigas,,Pacific Oyster,OsHV-1 μVar,2018,Field,Snowball,,Individuals,0.2912,443,NA,Table 1
35,Shimahara et al. 2012,2012,Surveillance of Type 1 Ostreid Herpesvirus (OsHV-1) Variants in Japan,https://www.jstage.jst.go.jp/article/jsfp/47/4/47_129/_article,Hiroshima Prefecture,Japan,NA,"34.143747, 132.695714","34.143747, 132.695714",34.143747,132.695714,Magallana gigas,,Pacific Oyster,OsHV-1,2007,Field,Snowball,,Individuals,0.292,24,NA,
4,Bai et al. 2015,2015,Emerging and endemic types of Ostreid herpesvirus 1 were detected in bivalves in China,https://www.sciencedirect.com/science/article/pii/S0022201114001785?via%3Dihub,"Changddao County, Shandong Province",China,NA,"38.184832, 120.762450
","38.184832, 120.762450
",38.184832,120.76245,Chlamys farreri,,Scallop,OsHV-1,2009,Field,Snowball,,Individuals,0.3,10,NA,
41,Evans et al. 2017,2017,"Detection of ostreid herpesvirus 1 microvariant DNA in aquatic invertebrate species, sediment and other samples collected from the Georges River estuary, New South Wales, Australia",https://www.int-res.com/abstracts/dao/v122/n3/p247-255/,"Site C, Woolooware Bay",Australia,"34° 01’ 54.0’’ S, 151° 09’ 04.0’’ E","-34.033813, 151.148375

","-34.033813, 151.148375

",-34.033813,151.148375,Saccostrea glomerata,,Other Oyster,OsHV-1 μVar,2012,Field,Snowball,,Pools,0.3,10,17.7,
56,Battistini et al. 2020,2020,"Microbiological and Histological Analysis for the Evaluation of Farmed Mussels (Mytilus galloprovincialis) Health Status, in Coastal Areas of Italy",https://www.mdpi.com/2076-0817/9/5/395,"PV, Gulf of La Spezia",Italy,NA,"44.054023, 9.842257","44.054023, 9.842257",44.054023,9.842257,Mytilus galloprovincialis,Mediterranean Mussel,Mussel,OsHV-1,2017,Field,Web of Science,,Individuals,0.3,10,NA,
100,Vásquez-Yeomans et al. 2010,2010,"Gill erosion and herpesvirus in Crassostrea gigas cultured in Baja California, Mexico
",https://www.int-res.com/articles/dao2010/89/d089p137.pdf,"Bahía de San Quintín, Baja California",Mexico,"30° 24’ to 30° 30’ N, 115° 57’ to 116° 01’ W",NA,"30.433320, -115.966632",30.43332,-115.966632,Magallana gigas,,Pacific Oyster,OsHV-1 μVar,2000,Field,Snowball,,Individuals,0.3,30,NA,Prevalence = gill lesions
71,Petton et al. 2015,2015,Factors influencing disease-induced mortality of Pacific oysters Crassostrea gigas,https://www.int-res.com/articles/aei2014/6/q006p205.pdf,"Pointe du Château, Bay of Brest",France,"48° 20’ 6’’ N, 4° 19’ 6’’ W","48.335, -4.31833","48.335, -4.31833",48.335,-4.31833,Magallana gigas,,Pacific Oyster,OsHV-1 μVar,2011,Field,Web of Science,,Individuals,0.3077,26,1000000000,
109,Roque et al. 2012,2012,First report of OsHV-1 microvar in Pacific oyster (Crassostrea gigas) cultured in Spain,https://www.sciencedirect.com/science/article/pii/S0044848611008295,Fangar,Spain,NA,"40.769765, 0.764042","40.769765, 0.764042",40.769765,0.764042,Magallana gigas,,Pacific Oyster,OsHV-1 μVar,2009,Field,Snowball,,Individuals,0.314,36,NA,Table 1
90,Paul-Pont et al. 2014,2014,"Descriptive epidemiology of mass mortality due to Ostreid herpesvirus-1 (OsHV-1) in commercially farmed Pacific oysters (Crassostrea gigas) in the Hawkesbury River estuary, Australia",https://www.sciencedirect.com/science/article/pii/S0044848613006480,Porto Bay,Australia,NA,"-33.564248, 151.220310

","-33.564248, 151.220310

",-33.564248,151.22031,Magallana gigas,,Pacific Oyster,OsHV-1 μVar,2013,Field,Web of Science,,Pools,0.3167,120,37,Table 6
68,Lynch et al. 2012,2012,"A previously undescribed ostreid herpes virus 1 (OsHV-1) genotype detected in the pacific oyster, Crassostrea gigas, in Ireland",https://www.cambridge.org/core/journals/parasitology/article/previously-undescribed-ostreid-herpes-virus-1-oshv1-genotype-detected-in-the-pacific-oyster-crassostrea-gigas-in-ireland/88D6EB5FCB13279A3F0070F1B71BACCE,Bannow Bay,Ireland,52°27′N 006°47′W,NA,"52.450000, -6.783333",52.45,-6.783333,Magallana gigas,,Pacific Oyster,OsHV-1 μVar,2003,Field,Snowball,,Individuals,0.32,60,,Mean Prevalence
43,Mello et al. 2018,2018,First evidence of viral and bacterial oyster pathogens in the Brazilian coast,https://onlinelibrary.wiley.com/doi/10.1111/jfd.12755,"Sambaqui, Santa Catarina",Brazil,"27°75′S, 48°57′W",NA,"-27.492213, -48.530338",-27.492213,-48.530338,Magallana gigas,,Pacific Oyster,OsHV-1,2014,Field,Web of Science,,Individuals,0.33,12,NA,
38,Bookelaar et al. 2018,2018,Role of the intertidal predatory shore crab Carcinus maenas in transmission dynamics of ostreid herpesvirus-1 microvariant,https://pubmed.ncbi.nlm.nih.gov/30259874/,"Dungarvan, Co. Waterford",Ireland,"52.0936° N, 7.6204° W",NA,"52.868227777777776, -7.127005555555555",52.86822778,-7.127005556,Carcinus maenas,,Crab,OsHV-1 μVar,2015,Field,Snowball,,Individuals,0.3303,330,1670000,
44,Batista et al. 2015,2015,Sequence variation in ostreid herpesvirus 1 microvar isolates detected in dying and asymptomatic Crassostrea angulata adults in the Iberian Peninsula: Insights into viral origin and spread,https://www.sciencedirect.com/science/article/pii/S0044848614004657?via%3Dihub,"Fuseta, Ria Formosa",Portugal,NA,"37.050159, -7.744009",37.050159,-7.744009,-7.620029,Magallana gigas,,Pacific Oyster,OsHV-1 μVar,2013,Field,Snowball,,Individuals,0.3333,30,2400000000,
76,Burioli et al. 2017,2017,First description of a mortality event in adult Pacific oysters in Italy associated with infection by a Tenacibaculum soleae strain,https://onlinelibrary.wiley.com/doi/10.1111/jfd.12698,"San Teodoro Lagoon, Sardinia",Italy,NA,"40.802144, 9.667736","40.802144, 9.667736",40.802144,9.667736,Magallana gigas,,Pacific Oyster,OsHV-1,2014,Field,Snowball,,Individuals,0.35,NA,44000,Asymptomatic oysters only
39,O'Reilly et al. 2018,2018,The role of the mussel Mytilus spp. in the transmission of ostreid herpesvirus-1 microVar,https://www.cambridge.org/core/journals/parasitology/article/role-of-the-mussel-mytilus-spp-in-the-transmission-of-ostreid-herpesvirus1-microvar/5DBEC59DD1A86F8709E3433D0EF1CB68,"Ballymacoda Bay, Youghal Co. Cork",Ireland,"51°53′24″N, 7°55′57″W",NA,"51.89, -7.9325",51.89,-7.9325,Mytilus spp.,,Mussel,OsHV-1 μVar,2014,Field,Web of Science,,Individuals,0.3571,42,NA,
6,Serraca et al. 2016,2016,"Mortality and ostreid herpesvirus 1 infection in the pacific oyster Crassostrea gigas in the Gulf of La Spezia, Italy",https://link.springer.com/article/10.1007/s10499-015-9919-2,Gulf of La Spezia,Italy,NA,"44.099972, 9.837052","44.099972, 9.837052",44.099972,9.837052,Magallana gigas,,Pacific Oyster,OsHV-1,2013,Field,Snowball,,Individuals,0.365,63,NA,
49,Garcia et al. 2011,2011,Ostreid herpesvirus 1 detection and relationship with Crassostrea gigas spat mortality in France between 1998 and 2006,https://veterinaryresearch.biomedcentral.com/articles/10.1186/1297-9716-42-73,Charente-Maritime,France,NA,"45.948768, -1.094332","45.948768, -1.094332",45.948768,-1.094332,Magallana gigas,,Pacific Oyster,OsHV-1 μVar,2004,Field,Snowball,,Individuals,0.3668,30,NA,
90,Paul-Pont et al. 2014,2014,"Descriptive epidemiology of mass mortality due to Ostreid herpesvirus-1 (OsHV-1) in commercially farmed Pacific oysters (Crassostrea gigas) in the Hawkesbury River estuary, Australia",https://www.sciencedirect.com/science/article/pii/S0044848613006480,Coba Bay,Australia,NA,"-33.540849, 151.126841

","-33.540849, 151.126841

",-33.540849,151.126841,Magallana gigas,,Pacific Oyster,OsHV-1 μVar,2013,Field,Web of Science,,Pools,0.3889,72,17000,Table 6
13,Moss et al. 2007,2007,Pathogens in Crassostrea ariakensis and other Asian oyster species: implications for non-native oyster introduction to Chesapeake Bay,https://www.int-res.com/abstracts/dao/v77/n3/p207-223/,Sumjin River,Korea,NA,"34.683352, 127.292399

","34.683352, 127.292399

",34.683352,127.292399,Crassostrea ariakensis,,Other Oyster,OsHV-1,2004,Field,Snowball,,Individuals,0.4,20,NA,
41,Evans et al. 2017,2017,"Detection of ostreid herpesvirus 1 microvariant DNA in aquatic invertebrate species, sediment and other samples collected from the Georges River estuary, New South Wales, Australia",https://www.int-res.com/abstracts/dao/v122/n3/p247-255/,"Site B, Woolooware Bay",Australia,"34° 01’ 54.0’’ S, 151° 09’ 04.0’’ E","-34.028167, 151.138987

","-34.028167, 151.138987

",-34.028167,151.138987,Saccostrea glomerata,,Other Oyster,OsHV-1 μVar,2012,Field,Snowball,,Pools,0.4,10,61.8,
41,Evans et al. 2017,2017,"Detection of ostreid herpesvirus 1 microvariant DNA in aquatic invertebrate species, sediment and other samples collected from the Georges River estuary, New South Wales, Australia",https://www.int-res.com/abstracts/dao/v122/n3/p247-255/,"Oyster Bay, Woolooware Bay",Australia,"34° 01’ 54.0’’ S, 151° 09’ 04.0’’ E","-34.005674, 151.087626

","-34.005674, 151.087626

",-34.005674,151.087626,Saccostrea glomerata,,Other Oyster,OsHV-1 μVar,2013,Field,Snowball,,Pools,0.4,5,NA,
41,Evans et al. 2017,2017,"Detection of ostreid herpesvirus 1 microvariant DNA in aquatic invertebrate species, sediment and other samples collected from the Georges River estuary, New South Wales, Australia",https://www.int-res.com/abstracts/dao/v122/n3/p247-255/,"Site B, Woolooware Bay",Australia,"34° 01’ 54.0’’ S, 151° 09’ 04.0’’ E","-34.028167, 151.138987

","-34.028167, 151.138987

",-34.028167,151.138987,Magallana gigas,,Pacific Oyster,OsHV-1 μVar,2013,Field,Snowball,,Pools,0.4,5,NA,
109,Roque et al. 2012,2012,First report of OsHV-1 microvar in Pacific oyster (Crassostrea gigas) cultured in Spain,https://www.sciencedirect.com/science/article/pii/S0044848611008295,Fangar,Spain,NA,"40.769765, 0.764042","40.769765, 0.764042",40.769765,0.764042,Magallana gigas,,Pacific Oyster,OsHV-1 μVar,2008,Field,Snowball,,Individuals,0.4,30,NA,Table 1
109,Roque et al. 2012,2012,First report of OsHV-1 microvar in Pacific oyster (Crassostrea gigas) cultured in Spain,https://www.sciencedirect.com/science/article/pii/S0044848611008295,Fangar,Spain,NA,"40.769765, 0.764042","40.769765, 0.764042",40.769765,0.764042,Magallana gigas,,Pacific Oyster,OsHV-1,2008,Field,Snowball,,Individuals,0.4,30,NA,Table 1
4,Bai et al. 2015,2015,Emerging and endemic types of Ostreid herpesvirus 1 were detected in bivalves in China,https://www.sciencedirect.com/science/article/pii/S0022201114001785?via%3Dihub,"Changddao County, Shandong Province",China,NA,"38.184832, 120.762450
","38.184832, 120.762450
",38.184832,120.76245,Chlamys farreri,,Scallop,OsHV-1,2010,Field,Snowball,,Individuals,0.41,87,NA,
43,Mello et al. 2018,2018,First evidence of viral and bacterial oyster pathogens in the Brazilian coast,https://onlinelibrary.wiley.com/doi/10.1111/jfd.12755,Palhoça,Brazil,"26°870S, 48°590O",NA,"-27.772781, -48.617772",-27.772781,-48.617772,Magallana gigas,,Pacific Oyster,OsHV-1,2013,Field,Web of Science,,Individuals,0.4167,12,NA,
116,Shukla et al. in prep,in prep,"Stress Hardening May Impact Pacific Oyster (Magallana gigas), but not Kumamoto Oyster (Crassostrea sikamea), Responses to an OsHV-1 Outbreak in Tomales Bay, CA",NA,"North Tomales Bay, California",USA,"38.22,-122.95","38.22,-122.95","38.22,-122.95",38.22,-122.95,Magallana gigas,,Pacific Oyster,OsHV-1,2020,Field,Unpublished Data,,Pools,0.4242,33,29200000,
4,Bai et al. 2015,2015,Emerging and endemic types of Ostreid herpesvirus 1 were detected in bivalves in China,https://www.sciencedirect.com/science/article/pii/S0022201114001785?via%3Dihub,"Changddao County, Shandong Province",China,NA,"38.184832, 120.762450
","38.184832, 120.762450
",38.184832,120.76245,Chlamys farreri,,Scallop,OsHV-1,2012,Field,Snowball,,Individuals,0.43,30,NA,
90,Paul-Pont et al. 2014,2014,"Descriptive epidemiology of mass mortality due to Ostreid herpesvirus-1 (OsHV-1) in commercially farmed Pacific oysters (Crassostrea gigas) in the Hawkesbury River estuary, Australia",https://www.sciencedirect.com/science/article/pii/S0044848613006480,Patonga Creek,Australia,NA,"-33.539670, 151.264963

","-33.539670, 151.264963

",-33.53967,151.264963,Magallana gigas,,Pacific Oyster,OsHV-1 μVar,2013,Field,Web of Science,,Pools,0.431,72,20,Table 7
36,Prado-Alvarez et al. 2015,2015,Occurrence of OsHV-1 in Crassostrea gigas Cultured in Ireland during an Exceptionally Warm Summer. Selection of Less Susceptible Oysters,https://www.ncbi.nlm.nih.gov/pmc/articles/PMC5099240/,East Coast,Ireland,NA,"52.081455, -7.580300","52.081455, -7.580300",52.081455,-7.5803,Magallana gigas,,Pacific Oyster,OsHV-1 μVar,2012,Field,Web of Science,"Site C, approx.",Individuals,0.44,191,87480000,Site C
72,Renault et al. 2014,2014,Ostreid Herpesvirus 1 Infection among Pacific Oyster (Crassostrea gigas) Spat: Relevance of Water Temperature to Virus Replication and Circulation Prior to the Onset of Mortality,https://www.ncbi.nlm.nih.gov/pmc/articles/PMC4136091/,La Mortanne,France,NA,"45.873109, -1.173120","45.873109, -1.173120",45.873109,-1.17312,Magallana gigas,,Pacific Oyster,OsHV-1 μVar,2010,Field,Web of Science,,Individuals,0.4617,NA,19680000,Mean Prevalence; Fig 3a
48,Burge et al. 2011,2011,"Detection of the oyster herpesvirus in commercial bivalve in northern California, USA: conventional and quantitative PCR",https://www.int-res.com/abstracts/dao/v94/n2/p107-116/,"Tomales Bay, California",USA,NA,"38.210853, -122.932268","38.210853, -122.932268",38.210853,-122.932268,Magallana gigas,Pacific Oyster,Pacific Oyster,OsHV,2003,Field,Web of Science,,Individuals,0.4637,90,0.3,
4,Bai et al. 2015,2015,Emerging and endemic types of Ostreid herpesvirus 1 were detected in bivalves in China,https://www.sciencedirect.com/science/article/pii/S0022201114001785?via%3Dihub,"Changddao County, Shandong Province",China,NA,"38.184832, 120.762450
","38.184832, 120.762450
",38.184832,120.76245,Scapharca broughtonii,,Clam,OsHV-1,2013,Field,Snowball,,Individuals,0.47,73,NA,
66,Morrissey et al. 2017,2017,Mortality in Crassostrea gigas oysters in Ireland during 2012,https://eafp.org/download/2017-volume37/issue_2/37-2-050-morrissey.pdf,Sherkin,Ireland,NA,"51.478292, -9.425799","51.478292, -9.425799",51.478292,-9.425799,Magallana gigas,,Pacific Oyster,OsHV-1 μVar,2012,Field,Web of Science,,Individuals,0.471,NA,NA,
49,Garcia et al. 2011,2011,Ostreid herpesvirus 1 detection and relationship with Crassostrea gigas spat mortality in France between 1998 and 2006,https://veterinaryresearch.biomedcentral.com/articles/10.1186/1297-9716-42-73,Charente-Maritime,France,NA,"45.948768, -1.094332","45.948768, -1.094332",45.948768,-1.094332,Magallana gigas,,Pacific Oyster,OsHV-1 μVar,2003,Field,Snowball,,Individuals,0.4783,23,NA,
4,Bai et al. 2015,2015,Emerging and endemic types of Ostreid herpesvirus 1 were detected in bivalves in China,https://www.sciencedirect.com/science/article/pii/S0022201114001785?via%3Dihub,"Changddao County, Shandong Province",China,NA,"38.184832, 120.762450
","38.184832, 120.762450
",38.184832,120.76245,Chlamys farreri,,Scallop,OsHV-1,2008,Field,Snowball,,Individuals,0.48,27,NA,
4,Bai et al. 2015,2015,Emerging and endemic types of Ostreid herpesvirus 1 were detected in bivalves in China,https://www.sciencedirect.com/science/article/pii/S0022201114001785?via%3Dihub,"Changddao County, Shandong Province",China,NA,"38.184832, 120.762450
","38.184832, 120.762450
",38.184832,120.76245,Scapharca broughtonii,,Clam,OsHV-1,2013,Field,Snowball,,Individuals,0.48,81,NA,
6,Serraca et al. 2016,2016,"Mortality and ostreid herpesvirus 1 infection in the pacific oyster Crassostrea gigas in the Gulf of La Spezia, Italy",https://link.springer.com/article/10.1007/s10499-015-9919-2,Gulf of La Spezia,Italy,NA,"44.099972, 9.837052","44.099972, 9.837052",44.099972,9.837052,Magallana gigas,,Pacific Oyster,OsHV-1,2012,Field,Snowball,,Individuals,0.48,50,NA,
59,Carrasco et al. 2017,2017,"A Production Calendar Based on Water Temperature, Spat Size, and Husbandry Practices Reduce OsHV-1 μVar Impact on Cultured Pacific Oyster Crassostrea gigas in the Ebro Delta (Catalonia), Mediterranean Coast of Spain",https://www.frontiersin.org/articles/10.3389/fphys.2017.00125/full,Fangar,Spain,NA,"40.769765, 0.764042","40.769765, 0.764042",40.769765,0.764042,Magallana gigas,,Pacific Oyster,OsHV-1 μVar,2012,Field,Web of Science,,Individuals,0.4975,6,NA,Mean Prevalence
32,Friedman et al. 2005,2005,"Herpes virus in juvenile Pacific oysters Crassostrea gigas from Tomales Bay, California, coincides with summer mortality episodes",https://www.int-res.com/abstracts/dao/v63/n1/p33-41/,"Tomales Bay, California",USA,NA,"38.205431, -122.939066

","38.205431, -122.939066

",38.205431,-122.939066,Magallana gigas,,Pacific Oyster,Herpesvirus,2002,Field,Snowball,,Individuals,0.5,99,NA,Mean Prevalence
43,Mello et al. 2018,2018,First evidence of viral and bacterial oyster pathogens in the Brazilian coast,https://onlinelibrary.wiley.com/doi/10.1111/jfd.12755,"Balneário Barra do Sul, Santa Catarina",Brazil,"26°32′S, 48°66′W",NA,"-27.492213, -48.530338",-27.492213,-48.530338,Crassostrea brasiliana,,Other Oyster,OsHV-1,2014,Field,Web of Science,,Individuals,0.5,12,NA,
56,Battistini et al. 2020,2020,"Microbiological and Histological Analysis for the Evaluation of Farmed Mussels (Mytilus galloprovincialis) Health Status, in Coastal Areas of Italy",https://www.mdpi.com/2076-0817/9/5/395,"PV, Gulf of La Spezia",Italy,NA,"44.054023, 9.842257","44.054023, 9.842257",44.054023,9.842257,Mytilus galloprovincialis,Mediterranean Mussel,Mussel,OsHV-1,2016,Field,Web of Science,,Individuals,0.5,2,NA,
106,Domeneghetti et al. 2014,2014,"Mortality occurrence and pathogen detection in Crassostrea gigas and Mytilus galloprovincialis close-growing in shallow waters (Goro lagoon, Italy)",https://www.sciencedirect.com/science/article/abs/pii/S1050464814001727?via%3Dihub,"Po river delta, Sacca di Goro",Italy,"44° 48.728N, 12°17.905E",NA,"44.812151, 12.298466",44.812151,12.298466,Mytilus galloprovincialis,,Mussel,OsHV-1 μVar,2011,Field,Snowball,,Individuals,0.5,10,0.76,
116,Shukla et al. in prep,in prep,"Stress Hardening May Impact Pacific Oyster (Magallana gigas), but not Kumamoto Oyster (Crassostrea sikamea), Responses to an OsHV-1 Outbreak in Tomales Bay, CA",NA,"North Tomales Bay, California",USA,"38.22,-122.95","38.22,-122.95","38.22,-122.95",38.22,-122.95,Crassostrea sikamea,,Other Oyster,OsHV-1,2021,Field,Unpublished Data,,Pools,0.5278,72,448000,
116,Shukla et al. in prep,in prep,"Stress Hardening May Impact Pacific Oyster (Magallana gigas), but not Kumamoto Oyster (Crassostrea sikamea), Responses to an OsHV-1 Outbreak in Tomales Bay, CA",NA,"South Tomales Bay, California",USA,"38.12,-122.86","38.12,-122.86","38.12,-122.86",38.12,-122.86,Crassostrea sikamea,,Other Oyster,OsHV-1,2021,Field,Unpublished Data,,Pools,0.5278,72,14100,
72,Renault et al. 2014,2014,Ostreid Herpesvirus 1 Infection among Pacific Oyster (Crassostrea gigas) Spat: Relevance of Water Temperature to Virus Replication and Circulation Prior to the Onset of Mortality,https://www.ncbi.nlm.nih.gov/pmc/articles/PMC4136091/,Les Sables de l'Are,France,NA,"45.869921, -1.115125","45.869921, -1.115125",45.869921,-1.115125,Magallana gigas,,Pacific Oyster,OsHV-1 μVar,2010,Field,Web of Science,,Individuals,0.5395,NA,5125000,Mean Prevalence; Fig 3b
116,Shukla et al. in prep,in prep,"Stress Hardening May Impact Pacific Oyster (Magallana gigas), but not Kumamoto Oyster (Crassostrea sikamea), Responses to an OsHV-1 Outbreak in Tomales Bay, CA",NA,"Middle Tomales Bay, California",USA,"38.21,-122.93","38.21,-122.93","38.21,-122.93",38.21,-122.93,Crassostrea sikamea,,Other Oyster,OsHV-1,2021,Field,Unpublished Data,,Pools,0.5417,72,383000,
66,Morrissey et al. 2017,2017,Mortality in Crassostrea gigas oysters in Ireland during 2012,https://eafp.org/download/2017-volume37/issue_2/37-2-050-morrissey.pdf,Carlingford,Ireland,NA,"54.042005, -6.183865","54.042005, -6.183865",54.042005,-6.183865,Magallana gigas,,Pacific Oyster,OsHV-1 μVar,2012,Field,Web of Science,,Individuals,0.549,NA,NA,
39,O'Reilly et al. 2018,2018,The role of the mussel Mytilus spp. in the transmission of ostreid herpesvirus-1 microVar,https://www.cambridge.org/core/journals/parasitology/article/role-of-the-mussel-mytilus-spp-in-the-transmission-of-ostreid-herpesvirus1-microvar/5DBEC59DD1A86F8709E3433D0EF1CB68,"Carlingford Lough, Co. Lough",Ireland,NA,"54.90122222222222, -6.103322222222221","54.90122222222222, -6.103322222222221",54.90122222,-6.103322222,Mytilus spp.,,Mussel,OsHV-1 μVar,2013,Field,Web of Science,,Individuals,0.55,20,NA,
90,Paul-Pont et al. 2014,2014,"Descriptive epidemiology of mass mortality due to Ostreid herpesvirus-1 (OsHV-1) in commercially farmed Pacific oysters (Crassostrea gigas) in the Hawkesbury River estuary, Australia",https://www.sciencedirect.com/science/article/pii/S0044848613006480,Marra Marra Creek,Australia,NA,"-33.523899, 151.095738

","-33.523899, 151.095738

",-33.523899,151.095738,Magallana gigas,,Pacific Oyster,OsHV-1 μVar,2013,Field,Web of Science,,Pools,0.5513,156,91,Table 6
4,Bai et al. 2015,2015,Emerging and endemic types of Ostreid herpesvirus 1 were detected in bivalves in China,https://www.sciencedirect.com/science/article/pii/S0022201114001785?via%3Dihub,"Changddao County, Shandong Province",China,NA,"38.184832, 120.762450
","38.184832, 120.762450
",38.184832,120.76245,Scapharca broughtonii,,Clam,OsHV-1,2013,Field,Snowball,,Individuals,0.56,18,NA,
116,Shukla et al. in prep,in prep,"Stress Hardening May Impact Pacific Oyster (Magallana gigas), but not Kumamoto Oyster (Crassostrea sikamea), Responses to an OsHV-1 Outbreak in Tomales Bay, CA",NA,"North Tomales Bay, California",USA,"38.22,-122.95","38.22,-122.95","38.22,-122.95",38.22,-122.95,Magallana gigas,,Pacific Oyster,OsHV-1,2021,Field,Unpublished Data,,Pools,0.5833,48,334000000,
49,Garcia et al. 2011,2011,Ostreid herpesvirus 1 detection and relationship with Crassostrea gigas spat mortality in France between 1998 and 2006,https://veterinaryresearch.biomedcentral.com/articles/10.1186/1297-9716-42-73,Charente-Maritime,France,NA,"45.948768, -1.094332","45.948768, -1.094332",45.948768,-1.094332,Magallana gigas,,Pacific Oyster,OsHV-1 μVar,2005,Field,Snowball,,Individuals,0.5882,17,NA,
11,Bai et al. 2016,2016,Identification and characterization of ostreid herpesvirus 1 associated with massive mortalities of Scapharca broughtonii broodstocks in China,https://www.int-res.com/abstracts/dao/v118/n1/p65-75/,"ChangD, Changdong Province, China",China,NA,"37.852516, 120.824291","37.852516, 120.824291",37.852516,120.824291,Scapharca broughtonii,,Clam,OsHV-1,2013,Field,Snowball,,Individuals,0.6,5,22.5,
41,Evans et al. 2017,2017,"Detection of ostreid herpesvirus 1 microvariant DNA in aquatic invertebrate species, sediment and other samples collected from the Georges River estuary, New South Wales, Australia",https://www.int-res.com/abstracts/dao/v122/n3/p247-255/,"Site A, Woolooware Bay",Australia,"34° 01’ 54.0’’ S, 151° 09’ 04.0’’ E","-34.011088, 151.147129

","-34.011088, 151.147129

",-34.011088,151.147129,Saccostrea glomerata,,Other Oyster,OsHV-1 μVar,2012,Field,Snowball,,Pools,0.6,20,NA,
41,Evans et al. 2017,2017,"Detection of ostreid herpesvirus 1 microvariant DNA in aquatic invertebrate species, sediment and other samples collected from the Georges River estuary, New South Wales, Australia",https://www.int-res.com/abstracts/dao/v122/n3/p247-255/,"Gwawley Bay, Woolooware Bay",Australia,"34° 01’ 54.0’’ S, 151° 09’ 04.0’’ E","-34.015809, 151.117647

","-34.015809, 151.117647

",-34.015809,151.117647,Magallana gigas,,Pacific Oyster,OsHV-1 μVar,2013,Field,Snowball,,Pools,0.6,5,NA,
41,Evans et al. 2017,2017,"Detection of ostreid herpesvirus 1 microvariant DNA in aquatic invertebrate species, sediment and other samples collected from the Georges River estuary, New South Wales, Australia",https://www.int-res.com/abstracts/dao/v122/n3/p247-255/,"Gwawley Bay, Woolooware Bay",Australia,"34° 01’ 54.0’’ S, 151° 09’ 04.0’’ E","-34.015809, 151.117647

","-34.015809, 151.117647

",-34.015809,151.117647,Saccostrea glomerata,,Other Oyster,OsHV-1 μVar,2013,Field,Snowball,,Pools,0.6,5,NA,
106,Domeneghetti et al. 2014,2014,"Mortality occurrence and pathogen detection in Crassostrea gigas and Mytilus galloprovincialis close-growing in shallow waters (Goro lagoon, Italy)",https://www.sciencedirect.com/science/article/abs/pii/S1050464814001727?via%3Dihub,"Po river delta, Sacca di Goro",Italy,"44° 48.728N, 12°17.905E",NA,"44.812151, 12.298466",44.812151,12.298466,Magallana gigas,,Mussel,OsHV-1 μVar,2012,Field,Snowball,,Individuals,0.6111,72,84000,
4,Bai et al. 2015,2015,Emerging and endemic types of Ostreid herpesvirus 1 were detected in bivalves in China,https://www.sciencedirect.com/science/article/pii/S0022201114001785?via%3Dihub,"Changddao County, Shandong Province",China,NA,"38.184832, 120.762450
","38.184832, 120.762450
",38.184832,120.76245,Chlamys farreri,,Scallop,OsHV-1,2001,Field,Snowball,,Individuals,0.62,13,NA,
109,Roque et al. 2012,2012,First report of OsHV-1 microvar in Pacific oyster (Crassostrea gigas) cultured in Spain,https://www.sciencedirect.com/science/article/pii/S0044848611008295,Fangar,Spain,NA,"40.769765, 0.764042","40.769765, 0.764042",40.769765,0.764042,Magallana gigas,,Pacific Oyster,OsHV-1,2010,Field,Snowball,,Individuals,0.628,30,NA,Table 1
11,Bai et al. 2016,2016,Identification and characterization of ostreid herpesvirus 1 associated with massive mortalities of Scapharca broughtonii broodstocks in China,https://www.int-res.com/abstracts/dao/v118/n1/p65-75/,"ChangD, Changdong Province, China",China,NA,"37.852516, 120.824291","37.852516, 120.824291",37.852516,120.824291,Scapharca broughtonii,,Clam,OsHV-1,2013,Field,Snowball,,Individuals,0.63,30,37.21,
4,Bai et al. 2015,2015,Emerging and endemic types of Ostreid herpesvirus 1 were detected in bivalves in China,https://www.sciencedirect.com/science/article/pii/S0022201114001785?via%3Dihub,"Changddao County, Shandong Province",China,NA,"38.184832, 120.762450
","38.184832, 120.762450
",38.184832,120.76245,Chlamys farreri,,Scallop,OsHV-1,2004,Field,Snowball,,Individuals,0.64,14,NA,
4,Bai et al. 2015,2015,Emerging and endemic types of Ostreid herpesvirus 1 were detected in bivalves in China,https://www.sciencedirect.com/science/article/pii/S0022201114001785?via%3Dihub,"Changddao County, Shandong Province",China,NA,"38.184832, 120.762450
","38.184832, 120.762450
",38.184832,120.76245,Chlamys farreri,,Scallop,OsHV-1,2006,Field,Snowball,,Individuals,0.64,14,NA,
83,Degremont 2011,2011,Evidence of herpesvirus (OsHV-1) resistance in juvenile Crassostrea gigas selected for high resistance to the summer mortality phenomenon,https://www.sciencedirect.com/science/article/pii/S0044848611003565?via%3Dihub,"Agnas, Marennes-Oléron Bay",France,NA,"45.861648, -1.125883","45.861648, -1.125883",45.861648,-1.125883,Magallana gigas,,Pacific Oyster,OsHV-1 ,2009,Field,Web of Science,,Individuals,0.6455,16,42700000,Mean Prevalence
49,Garcia et al. 2011,2011,Ostreid herpesvirus 1 detection and relationship with Crassostrea gigas spat mortality in France between 1998 and 2006,https://veterinaryresearch.biomedcentral.com/articles/10.1186/1297-9716-42-73,Charente-Maritime,France,NA,"45.948768, -1.094332","45.948768, -1.094332",45.948768,-1.094332,Magallana gigas,,Pacific Oyster,OsHV-1 μVar,2002,Field,Snowball,,Individuals,0.6471,34,NA,
116,Shukla et al. in prep,in prep,"Stress Hardening May Impact Pacific Oyster (Magallana gigas), but not Kumamoto Oyster (Crassostrea sikamea), Responses to an OsHV-1 Outbreak in Tomales Bay, CA",NA,"South Tomales Bay, California",USA,"38.12,-122.86","38.12,-122.86","38.12,-122.86",38.12,-122.86,Magallana gigas,,Pacific Oyster,OsHV-1,2021,Field,Unpublished Data,,Pools,0.6667,48,5420,
116,Shukla et al. in prep,in prep,"Stress Hardening May Impact Pacific Oyster (Magallana gigas), but not Kumamoto Oyster (Crassostrea sikamea), Responses to an OsHV-1 Outbreak in Tomales Bay, CA",NA,"North Tomales Bay, California",USA,"38.22,-122.95","38.22,-122.95","38.22,-122.95",38.22,-122.95,Magallana gigas,,Pacific Oyster,OsHV-1,2022,Field,Unpublished Data,,Pools,0.6667,129,34500000,
16,Burge et al. 2021,2021,"The first detection of a novel OsHV-1 microvariant in San Diego, California, USA",https://www.sciencedirect.com/science/article/abs/pii/S0022201121001038,"San Diego Bay, California",USA,"32◦42′37.4“N, 117◦10’23.9“W",NA,"32.71038888888889, -117.17330555555556
",32.71038889,-117.1733056,Magallana gigas,,Pacific Oyster,OsHV-1 μVar,2018,Field,Snowball,,Individuals,0.6857,35,5110000,
116,Shukla et al. in prep,in prep,"Stress Hardening May Impact Pacific Oyster (Magallana gigas), but not Kumamoto Oyster (Crassostrea sikamea), Responses to an OsHV-1 Outbreak in Tomales Bay, CA",NA,"Middle Tomales Bay, California",USA,"38.21,-122.93","38.21,-122.93","38.21,-122.93",38.21,-122.93,Magallana gigas,,Pacific Oyster,OsHV-1,2021,Field,Unpublished Data,,Pools,0.6944,36,2670000000,
2,Arzul et al. 2001,2001,French Scallops: A New Host for Ostreid Herpesvirus-1,https://www.sciencedirect.com/science/article/pii/S0042682201911869?via%3Dihub,Breton (Brittany),France,NA,"48.431392, -4.759700","48.431392, -4.759700",48.431392,-4.7597,Pecten maximus,,Scallop,OsHV-1,2000,Field,Snowball,,Individuals,0.7,10,NA,"These data are for adult P. Maximus. Larval samples also taken in study, though unclear how many tested positive/negative (2 pools positive based on table 1)"
72,Renault et al. 2014,2014,Ostreid Herpesvirus 1 Infection among Pacific Oyster (Crassostrea gigas) Spat: Relevance of Water Temperature to Virus Replication and Circulation Prior to the Onset of Mortality,https://www.ncbi.nlm.nih.gov/pmc/articles/PMC4136091/,"Nursery, Centre Régional d'Expérimentation et d'Application Aquacole [CREAA]",France,NA,"45.848664, -1.205169","45.848664, -1.205169",45.848664,-1.205169,Magallana gigas,,Pacific Oyster,OsHV-1 μVar,2010,Field,Web of Science,,Individuals,0.7241,NA,10341000,Mean Prevalence; Fig 3d
10,Prado-Alvarez et al. 2021,2021,First detection of OsHV-1 in the cephalopod Octopus vulgaris. Is the octopus a dead-end for OsHV-1?,https://www.sciencedirect.com/science/article/pii/S0022201121000203,Vigo,Spain,NA,"42.237904, -8.747742","42.237904, -8.747742",42.237904,-8.747742,Octopus vulgaris,,Octopus,OsHV-1 μVar,2011,Field,Snowball,,Individuals,0.727,11,NA,8 out of 11; Adults only
59,Carrasco et al. 2017,2017,"A Production Calendar Based on Water Temperature, Spat Size, and Husbandry Practices Reduce OsHV-1 μVar Impact on Cultured Pacific Oyster Crassostrea gigas in the Ebro Delta (Catalonia), Mediterranean Coast of Spain",https://www.frontiersin.org/articles/10.3389/fphys.2017.00125/full,Alfacs,Spain,NA,"40.594750, 0.600054","40.594750, 0.600054",40.59475,0.600054,Magallana gigas,,Pacific Oyster,OsHV-1 μVar,2011,Field,Web of Science,,Individuals,0.7413,1,NA,Mean Prevalence
43,Mello et al. 2018,2018,First evidence of viral and bacterial oyster pathogens in the Brazilian coast,https://onlinelibrary.wiley.com/doi/10.1111/jfd.12755,"Sambaqui, Santa Catarina",Brazil,"27°75′S, 48°57′W",NA,"-27.492213, -48.530338",-27.492213,-48.530338,Crassostrea brasiliana,,Other Oyster,OsHV-1,2014,Field,Web of Science,,Individuals,0.75,12,NA,
116,Shukla et al. in prep,in prep,"Stress Hardening May Impact Pacific Oyster (Magallana gigas), but not Kumamoto Oyster (Crassostrea sikamea), Responses to an OsHV-1 Outbreak in Tomales Bay, CA",NA,"South Tomales Bay, California",USA,"38.12,-122.86","38.12,-122.86","38.12,-122.86",38.12,-122.86,Magallana gigas,,Pacific Oyster,OsHV-1,2022,Field,Unpublished Data,,Pools,0.75,104,731000,
59,Carrasco et al. 2017,2017,"A Production Calendar Based on Water Temperature, Spat Size, and Husbandry Practices Reduce OsHV-1 μVar Impact on Cultured Pacific Oyster Crassostrea gigas in the Ebro Delta (Catalonia), Mediterranean Coast of Spain",https://www.frontiersin.org/articles/10.3389/fphys.2017.00125/full,Alcanar (Open Ocean),Spain,NA,"40.555246, 0.566129","40.555246, 0.566129",40.555246,0.566129,Magallana gigas,,Pacific Oyster,OsHV-1 μVar,2012,Field,Web of Science,,Individuals,0.7572,4,NA,Mean Prevalence
4,Bai et al. 2015,2015,Emerging and endemic types of Ostreid herpesvirus 1 were detected in bivalves in China,https://www.sciencedirect.com/science/article/pii/S0022201114001785?via%3Dihub,"Changddao County, Shandong Province",China,NA,"38.184832, 120.762450
","38.184832, 120.762450
",38.184832,120.76245,Chlamys farreri,,Scallop,OsHV-1,2007,Field,Snowball,,Individuals,0.78,18,NA,
57,Burge et al. 2006,2006,"Mortality and herpesvirus infections of the Pacific oyster Crassostrea gigas in Tomales Bay, California, USA",https://www.int-res.com/abstracts/dao/v72/n1/p31-43/,"Inner Bay, Tomales Bay, California",USA,NA,"38.128856, -122.865718","38.128856, -122.865718",38.12863,-122.865718,Magallana gigas,,Pacific Oyster,OsHV-1 μVar,2003,Field,Web of Science,,Individuals,0.7861,90,NA,
48,Burge et al. 2011,2011,"Detection of the oyster herpesvirus in commercial bivalve in northern California, USA: conventional and quantitative PCR",https://www.int-res.com/abstracts/dao/v94/n2/p107-116/,"Tomales Bay, California",USA,NA,"38.210853, -122.932268","38.210853, -122.932268",38.210853,-122.932268,Ostrea edulis,European flat oyster,Other Oyster,OsHV,2003,Field,Web of Science,,Individuals,0.787,14,0.3,
57,Burge et al. 2006,2006,"Mortality and herpesvirus infections of the Pacific oyster Crassostrea gigas in Tomales Bay, California, USA",https://www.int-res.com/abstracts/dao/v72/n1/p31-43/,"Outer Bay, Tomales Bay, California",USA,NA,"38.218366, -122.941403","38.218366, -122.941403",38.218366,-122.941403,Magallana gigas,,Pacific Oyster,OsHV-1 μVar,2003,Field,Web of Science,,Individuals,0.7987,90,NA,
89,Paul-Pont et al. 2013,2013,Influence of husbandry practices on OsHV-1 associated mortality of Pacific oysters Crassostrea gigas,https://www.sciencedirect.com/science/article/pii/S0044848613003761?via%3Dihub,"Site C, Woolooware Bay",Australia,34.0329 S; 151.1466 E,NA,"-34.0329, 151.1466",-34.0329,151.1466,Magallana gigas,,Pacific Oyster,OsHV-1 μVar,2011,Field,Web of Science,,Pools,0.8169,68,969000,Prevalence and Viral Load Data from Fig.4A-SiteC
36,Prado-Alvarez et al. 2015,2015,Occurrence of OsHV-1 in Crassostrea gigas Cultured in Ireland during an Exceptionally Warm Summer. Selection of Less Susceptible Oysters,https://www.ncbi.nlm.nih.gov/pmc/articles/PMC5099240/,East Coast,Ireland,NA,"54.000245, -6.199476","54.000245, -6.199476",54.000245,-6.199476,Magallana gigas,,Pacific Oyster,OsHV-1 μVar,2012,Field,Web of Science,"Site B, approx.",Individuals,0.829,210,87900000,Site B
4,Bai et al. 2015,2015,Emerging and endemic types of Ostreid herpesvirus 1 were detected in bivalves in China,https://www.sciencedirect.com/science/article/pii/S0022201114001785?via%3Dihub,"Changddao County, Shandong Province",China,NA,"38.184832, 120.762450
","38.184832, 120.762450
",38.184832,120.76245,Scapharca broughtonii,,Clam,OsHV-1,2013,Field,Snowball,,Individuals,0.83,35,NA,
41,Evans et al. 2017,2017,"Detection of ostreid herpesvirus 1 microvariant DNA in aquatic invertebrate species, sediment and other samples collected from the Georges River estuary, New South Wales, Australia",https://www.int-res.com/abstracts/dao/v122/n3/p247-255/,"Site A, Woolooware Bay",Australia,"34° 01’ 54.0’’ S, 151° 09’ 04.0’’ E","-34.011088, 151.147129

","-34.011088, 151.147129

",-34.011088,151.147129,Magallana gigas,,Pacific Oyster,OsHV-1 μVar,2012,Field,Snowball,https://www.vercalendario.info/en/how/convert-latitude-longitude-degrees-decimals.html,Pools,0.8462,13,NA,
89,Paul-Pont et al. 2013,2013,Influence of husbandry practices on OsHV-1 associated mortality of Pacific oysters Crassostrea gigas,https://www.sciencedirect.com/science/article/pii/S0044848613003761?via%3Dihub,"Site B, Woolooware Bay",Australia,34.0254 S; 151.1400 E,NA,"-34.0254, 151.1400",-34.0254,151.14,Magallana gigas,,Pacific Oyster,OsHV-1 μVar,2012,Field,Web of Science,,Pools,0.8668,45,800000,Prevalence and Viral Load Data from Fig.4B-SiteB
109,Roque et al. 2012,2012,First report of OsHV-1 microvar in Pacific oyster (Crassostrea gigas) cultured in Spain,https://www.sciencedirect.com/science/article/pii/S0044848611008295,Alfacs,Spain,NA,"40.594750, 0.600054","40.594750, 0.600054",40.59475,0.600054,Magallana gigas,,Pacific Oyster,OsHV-1 μVar,2009,Field,Snowball,,Individuals,0.875,30,NA,Table 1
72,Renault et al. 2014,2014,Ostreid Herpesvirus 1 Infection among Pacific Oyster (Crassostrea gigas) Spat: Relevance of Water Temperature to Virus Replication and Circulation Prior to the Onset of Mortality,https://www.ncbi.nlm.nih.gov/pmc/articles/PMC4136091/,"Natural Pond, Centre Régional d'Expérimentation et d'Application Aquacole [CREAA]",France,NA,"45.848664, -1.205169","45.848664, -1.205169",45.848664,-1.205169,Magallana gigas,,Pacific Oyster,OsHV-1 μVar,2010,Field,Web of Science,,Individuals,0.8951,NA,107356000,Mean Prevalence; Fig 3c
89,Paul-Pont et al. 2013,2013,Influence of husbandry practices on OsHV-1 associated mortality of Pacific oysters Crassostrea gigas,https://www.sciencedirect.com/science/article/pii/S0044848613003761?via%3Dihub,"Site A, Woolooware Bay",Australia,34.0118 S; 151.1463 E,NA,"-34.0118, 151.1463",-34.0118,151.1463,Magallana gigas,,Pacific Oyster,OsHV-1 μVar,2011,Field,Web of Science,,Pools,0.8956,115,972000,Prevalence and Viral Load Data from Fig.4A-SiteA
116,Shukla et al. in prep,in prep,"Stress Hardening May Impact Pacific Oyster (Magallana gigas), but not Kumamoto Oyster (Crassostrea sikamea), Responses to an OsHV-1 Outbreak in Tomales Bay, CA",NA,"Middle Tomales Bay, California",USA,"38.21,-122.93","38.21,-122.93","38.21,-122.93",38.21,-122.93,Magallana gigas,,Pacific Oyster,OsHV-1,2022,Field,Unpublished Data,,Pools,0.8958,96,49000000,
4,Bai et al. 2015,2015,Emerging and endemic types of Ostreid herpesvirus 1 were detected in bivalves in China,https://www.sciencedirect.com/science/article/pii/S0022201114001785?via%3Dihub,"Changddao County, Shandong Province",China,NA,"38.184832, 120.762450
","38.184832, 120.762450
",38.184832,120.76245,Patinopecten yessoensis,,Scallop,OsHV-1,2012,Field,Snowball,,Individuals,0.9,10,NA,
11,Bai et al. 2016,2016,Identification and characterization of ostreid herpesvirus 1 associated with massive mortalities of Scapharca broughtonii broodstocks in China,https://www.int-res.com/abstracts/dao/v118/n1/p65-75/,"ChangD, Changdong Province, China",China,NA,"37.852516, 120.824291","37.852516, 120.824291",37.852516,120.824291,Scapharca broughtonii,,Clam,OsHV-1,2013,Field,Snowball,,Individuals,0.9,10,450.8,
11,Bai et al. 2016,2016,Identification and characterization of ostreid herpesvirus 1 associated with massive mortalities of Scapharca broughtonii broodstocks in China,https://www.int-res.com/abstracts/dao/v118/n1/p65-75/,"ChangD, Changdong Province, China",China,NA,"37.852516, 120.824291","37.852516, 120.824291",37.852516,120.824291,Scapharca broughtonii,,Clam,OsHV-1,2013,Field,Snowball,,Individuals,0.9,10,1222.26,
11,Bai et al. 2016,2016,Identification and characterization of ostreid herpesvirus 1 associated with massive mortalities of Scapharca broughtonii broodstocks in China,https://www.int-res.com/abstracts/dao/v118/n1/p65-75/,"ChangD, Changdong Province, China",China,NA,"37.852516, 120.824291","37.852516, 120.824291",37.852516,120.824291,Scapharca broughtonii,,Clam,OsHV-1,2013,Field,Snowball,,Individuals,0.9,10,672.03,
66,Morrissey et al. 2017,2017,Mortality in Crassostrea gigas oysters in Ireland during 2012,https://eafp.org/download/2017-volume37/issue_2/37-2-050-morrissey.pdf,Gweedore,Ireland,NA,"55.049771, -8.326477","55.049771, -8.326477",55.049771,-8.326477,Magallana gigas,,Pacific Oyster,OsHV-1 μVar,2012,Field,Web of Science,,Individuals,0.9,NA,NA,
109,Roque et al. 2012,2012,First report of OsHV-1 microvar in Pacific oyster (Crassostrea gigas) cultured in Spain,https://www.sciencedirect.com/science/article/pii/S0044848611008295,Alfacs,Spain,NA,"40.594750, 0.600054","40.594750, 0.600054",40.59475,0.600054,Magallana gigas,,Pacific Oyster,OsHV-1,2009,Field,Snowball,,Individuals,0.912,30,NA,Table 1
11,Bai et al. 2016,2016,Identification and characterization of ostreid herpesvirus 1 associated with massive mortalities of Scapharca broughtonii broodstocks in China,https://www.int-res.com/abstracts/dao/v118/n1/p65-75/,"ChangD, Changdong Province, China",China,NA,"37.852516, 120.824291","37.852516, 120.824291",37.852516,120.824291,Scapharca broughtonii,,Clam,OsHV-1,2013,Field,Snowball,,Individuals,0.92,13,49.02,
4,Bai et al. 2015,2015,Emerging and endemic types of Ostreid herpesvirus 1 were detected in bivalves in China,https://www.sciencedirect.com/science/article/pii/S0022201114001785?via%3Dihub,"Changddao County, Shandong Province",China,NA,"38.184832, 120.762450
","38.184832, 120.762450
",38.184832,120.76245,Scapharca broughtonii,,Clam,OsHV-1,2012,Field,Snowball,,Individuals,0.93,15,NA,
80,Arzul et al. 2002,2002,Detection of oyster herpesvirus DNA and proteins in asymptomatic Crassostrea gigas adults,https://www.sciencedirect.com/science/article/pii/S0168170202000072?via%3Dihub,La Tremblade,France,NA,"45.795130, -1.236367","45.795130, -1.236367",45.79513,-1.236367,Magallana gigas,,Pacific Oyster,OsHV-1,2000,Field,Snowball,,,0.9333,30,66000,
33,Jenkins et al. 2013,2013,Identification and characterisation of an ostreid herpesvirus-1 microvariant (OsHV-1 µ-var) in Crassostrea gigas (Pacific oysters) in Australia,https://pubmed.ncbi.nlm.nih.gov/23872855/,Woolooware Bay,Australia,NA,"-34.031666666666666, 151.1511111111111
","-34.031666666666666, 151.1511111111111
",-34.03166667,151.1511111,Saccostrea glomerata,,Other Oyster,OsHV-1 μVar,2011,Field,Snowball,,Individuals,0.9459,37,NA,
6,Serraca et al. 2016,2016,"Mortality and ostreid herpesvirus 1 infection in the pacific oyster Crassostrea gigas in the Gulf of La Spezia, Italy",https://link.springer.com/article/10.1007/s10499-015-9919-2,Gulf of La Spezia,Italy,NA,"44.099972, 9.837052","44.099972, 9.837052",44.099972,9.837052,Magallana gigas,,Pacific Oyster,OsHV-1,2011,Field,Snowball,,Individuals,0.965,58,NA,
65,Gangnery et al. 2019,2019,Connectivities with shellfish farms and channel rivers are associated with mortality risk in oysters,https://www.jstor.org/stable/26920859,Grandcamp-Maisy,France,NA,"49.396056, -1.043538","49.396056, -1.043538",49.396056,-1.043538,Magallana gigas,,Pacific Oyster,OsHV-1 μVar,2013,Field,Web of Science,,Individuals,0.9833,60,69900000,
1,Arzul et al. 2001,2001,Evidence for interspecies transmission of oyster herpesvirus in marine bivalves,https://www.microbiologyresearch.org/content/journal/jgv/10.1099/0022-1317-82-4-865,Vendée,France,NA,"46.832531, -2.150655","46.832531, -2.150655",46.832531,-2.150655,Magallana gigas,,Pacific Oyster,OsHV-1,1995,Field,Snowball,,Individuals,1,11,NA,"Positive/neg products with different primers, but no quantification of PCR"
1,Arzul et al. 2001,2001,Evidence for interspecies transmission of oyster herpesvirus in marine bivalves,https://www.microbiologyresearch.org/content/journal/jgv/10.1099/0022-1317-82-4-865,Normandy,France,NA,"49.717346, -1.907873","49.717346, -1.907873",49.717346,-1.907873,Magallana gigas,,Pacific Oyster,OsHV-1,1997,Field,Snowball,,Individuals,1,6,NA,"Positive/neg products with different primers, but no quantification of PCR"
1,Arzul et al. 2001,2001,Evidence for interspecies transmission of oyster herpesvirus in marine bivalves,https://www.microbiologyresearch.org/content/journal/jgv/10.1099/0022-1317-82-4-865,Normandy,France,NA,"49.717346, -1.907873","49.717346, -1.907873",49.717346,-1.907873,Ostrea edulis,,Other Oyster,OsHV-1,1997,Field,Snowball,,Individuals,1,3,NA,"Positive/neg products with different primers, but no quantification of PCR"
1,Arzul et al. 2001,2001,Evidence for interspecies transmission of oyster herpesvirus in marine bivalves,https://www.microbiologyresearch.org/content/journal/jgv/10.1099/0022-1317-82-4-865,Normandy,France,NA,"49.717346, -1.907873","49.717346, -1.907873",49.717346,-1.907873,Ruditapes phillipinarum,,Clam,OsHV-1,1997,Field,Snowball,,Individuals,1,3,NA,"Positive/neg products with different primers, but no quantification of PCR"
1,Arzul et al. 2001,2001,Evidence for interspecies transmission of oyster herpesvirus in marine bivalves,https://www.microbiologyresearch.org/content/journal/jgv/10.1099/0022-1317-82-4-865,Charente-Maritime,France,NA,"45.948768, -1.094332","45.948768, -1.094332",45.948768,-1.094332,Magallana gigas,,Pacific Oyster,OsHV-1,1997,Field,Snowball,,Individuals,1,1,NA,"Positive/neg products with different primers, but no quantification of PCR"
1,Arzul et al. 2001,2001,Evidence for interspecies transmission of oyster herpesvirus in marine bivalves,https://www.microbiologyresearch.org/content/journal/jgv/10.1099/0022-1317-82-4-865,Normandy,France,NA,"49.717346, -1.907873","49.717346, -1.907873",49.717346,-1.907873,Ruditapes decussatus,,Clam,OsHV-1,1998,Field,Snowball,,Individuals,1,1,NA,"Positive/neg products with different primers, but no quantification of PCR"
1,Arzul et al. 2001,2001,Evidence for interspecies transmission of oyster herpesvirus in marine bivalves,https://www.microbiologyresearch.org/content/journal/jgv/10.1099/0022-1317-82-4-865,Vendée,France,NA,"46.832531, -2.150655","46.832531, -2.150655",46.832531,-2.150655,Magallana gigas,,Pacific Oyster,OsHV-1,2000,Field,Snowball,,Individuals,1,1,NA,"Positive/neg products with different primers, but no quantification of PCR"
1,Arzul et al. 2001,2001,Evidence for interspecies transmission of oyster herpesvirus in marine bivalves,https://www.microbiologyresearch.org/content/journal/jgv/10.1099/0022-1317-82-4-865,Charente-Maritime,France,NA,"45.948768, -1.094332","45.948768, -1.094332",45.948768,-1.094332,Ostrea edulis,,Other Oyster,OsHV-1,2000,Field,Snowball,,Individuals,1,1,NA,"Positive/neg products with different primers, but no quantification of PCR"
3,Bai et al. 2018,2018,Dual transcriptomic analysis of Ostreid herpesvirus 1 infected Scapharca broughtonii with an emphasis on viral anti-apoptosis activities and host oxidative bursts,https://www.sciencedirect.com/science/article/abs/pii/S1050464818305278?via%3Dihub,"Jimo, Qingdao, Shandong Province (imported from Korea)",China,NA,"36.460846, 120.948483","36.460846, 120.948483",36.460846,120.948483,Scapharca broughtonii,Ark Shell Blood Clam,Clam,OsHV-1,2014,Lab,Snowball,OsHV-1 SB?,Individuals,1,10,208000,
4,Bai et al. 2015,2015,Emerging and endemic types of Ostreid herpesvirus 1 were detected in bivalves in China,https://www.sciencedirect.com/science/article/pii/S0022201114001785?via%3Dihub,"Changddao County, Shandong Province",China,NA,"38.184832, 120.762450
","38.184832, 120.762450
",38.184832,120.76245,Chlamys farreri,,Scallop,OsHV-1,2002,Field,Snowball,,Individuals,1,11,NA,
4,Bai et al. 2015,2015,Emerging and endemic types of Ostreid herpesvirus 1 were detected in bivalves in China,https://www.sciencedirect.com/science/article/pii/S0022201114001785?via%3Dihub,"Changddao County, Shandong Province",China,NA,"38.184832, 120.762450
","38.184832, 120.762450
",38.184832,120.76245,Chlamys farreri,,Scallop,OsHV-1,2003,Field,Snowball,,Individuals,1,10,NA,
4,Bai et al. 2015,2015,Emerging and endemic types of Ostreid herpesvirus 1 were detected in bivalves in China,https://www.sciencedirect.com/science/article/pii/S0022201114001785?via%3Dihub,"Changddao County, Shandong Province",China,NA,"38.184832, 120.762450
","38.184832, 120.762450
",38.184832,120.76245,Chlamys farreri,,Scallop,OsHV-1,2005,Field,Snowball,,Individuals,1,11,NA,
4,Bai et al. 2015,2015,Emerging and endemic types of Ostreid herpesvirus 1 were detected in bivalves in China,https://www.sciencedirect.com/science/article/pii/S0022201114001785?via%3Dihub,"Changddao County, Shandong Province",China,NA,"38.184832, 120.762450
","38.184832, 120.762450
",38.184832,120.76245,Scapharca broughtonii,,Clam,OsHV-1,2012,Field,Snowball,,Individuals,1,6,NA,
5,Sanmartín et al. 2016,2016,Evidence of vertical transmission of ostreid herpesvirus 1 in the Portuguese oyster Crassostrea angulata,https://www.sciencedirect.com/science/article/abs/pii/S0022201116301240?via%3Dihub,"Experimental Shellfish Station of Tavira (IPMA), Ria Formosa",Portugal,NA,"37.121704, -7.620029","37.121704, -7.620029",37.121704,-7.620029,Crassostrea angulata,,Other Oyster,OsHV-1 μVar,NA,Field,Snowball,,Individuals,1,6,838,Took highest mean and added max SE to get max value
7,Batista et al. 2015,2015,Sequence variation in ostreid herpesvirus 1 microvar isolates detected in dying and asymptomatic Crassostrea angulata adults in the Iberian Peninsula: Insights into viral origin and spread,https://www.sciencedirect.com/science/article/pii/S0044848614004657?via%3Dihub,Ria Formosa,Portugal,NA,"37.121704, -7.620029","37.121704, -7.620029",37.121704,-7.620029,Crassostrea angulata,,Other Oyster,OsHV-1,2011,Lab,Snowball,,Individuals,1,6,920000000,Took max value of range
7,Batista et al. 2015,2015,Sequence variation in ostreid herpesvirus 1 microvar isolates detected in dying and asymptomatic Crassostrea angulata adults in the Iberian Peninsula: Insights into viral origin and spread,https://www.sciencedirect.com/science/article/pii/S0044848614004657?via%3Dihub,Ria Formosa,Portugal,NA,"37.121704, -7.620029","37.121704, -7.620029",37.121704,-7.620029,Crassostrea angulata,,Other Oyster,OsHV-1,2013,Lab,Snowball,,Individuals,1,10,2400000000,Took max value of range
7,Batista et al. 2015,2015,Sequence variation in ostreid herpesvirus 1 microvar isolates detected in dying and asymptomatic Crassostrea angulata adults in the Iberian Peninsula: Insights into viral origin and spread,https://www.sciencedirect.com/science/article/pii/S0044848614004657?via%3Dihub,Carreras River,Spain,NA,"37.198015, -7.309393","37.198015, -7.309393",37.198015,-7.309393,Crassostrea angulata,,Other Oyster,OsHV-1,2013,Field,Snowball,,Individuals,1,2,NA,
10,Prado-Alvarez et al. 2021,2021,First detection of OsHV-1 in the cephalopod Octopus vulgaris. Is the octopus a dead-end for OsHV-1?,https://www.sciencedirect.com/science/article/pii/S0022201121000203,Vigo,Spain,NA,"42.237904, -8.747742","42.237904, -8.747742",42.237904,-8.747742,Octopus vulgaris,,Octopus,OsHV-1 μVar,2010,Field,Snowball,,Individuals,1,3,NA,Adults only
10,Prado-Alvarez et al. 2021,2021,First detection of OsHV-1 in the cephalopod Octopus vulgaris. Is the octopus a dead-end for OsHV-1?,https://www.sciencedirect.com/science/article/pii/S0022201121000203,Vigo,Spain,NA,"42.237904, -8.747742","42.237904, -8.747742",42.237904,-8.747742,Octopus vulgaris,,Octopus,OsHV-1 μVar,2014,Field,Snowball,,Individuals,1,2,NA,Adults only
10,Prado-Alvarez et al. 2021,2021,First detection of OsHV-1 in the cephalopod Octopus vulgaris. Is the octopus a dead-end for OsHV-1?,https://www.sciencedirect.com/science/article/pii/S0022201121000203,Vigo,Spain,NA,"42.237904, -8.747742","42.237904, -8.747742",42.237904,-8.747742,Octopus vulgaris,,Octopus,OsHV-1 μVar,2015,Field,Snowball,,Individuals,1,8,NA,Adults only
11,Bai et al. 2016,2016,Identification and characterization of ostreid herpesvirus 1 associated with massive mortalities of Scapharca broughtonii broodstocks in China,https://www.int-res.com/abstracts/dao/v118/n1/p65-75/,"ChangD, Changdong Province, China",China,NA,"37.852516, 120.824291","37.852516, 120.824291",37.852516,120.824291,Scapharca broughtonii,,Clam,OsHV-1,2012,Field,Snowball,,Individuals,1,15,48800000,
11,Bai et al. 2016,2016,Identification and characterization of ostreid herpesvirus 1 associated with massive mortalities of Scapharca broughtonii broodstocks in China,https://www.int-res.com/abstracts/dao/v118/n1/p65-75/,"ChangD, Changdong Province, China",China,NA,"37.852516, 120.824291","37.852516, 120.824291",37.852516,120.824291,Scapharca broughtonii,,Clam,OsHV-1,2012,Field,Snowball,,Individuals,1,6,518.31,
11,Bai et al. 2016,2016,Identification and characterization of ostreid herpesvirus 1 associated with massive mortalities of Scapharca broughtonii broodstocks in China,https://www.int-res.com/abstracts/dao/v118/n1/p65-75/,"ChangD, Changdong Province, China",China,NA,"37.852516, 120.824291","37.852516, 120.824291",37.852516,120.824291,Scapharca broughtonii,,Clam,OsHV-1,2013,Field,Snowball,,Individuals,1,27,13810000,
11,Bai et al. 2016,2016,Identification and characterization of ostreid herpesvirus 1 associated with massive mortalities of Scapharca broughtonii broodstocks in China,https://www.int-res.com/abstracts/dao/v118/n1/p65-75/,"ChangD, Changdong Province, China",China,NA,"37.852516, 120.824291","37.852516, 120.824291",37.852516,120.824291,Scapharca broughtonii,,Clam,OsHV-1,2013,Field,Snowball,,Individuals,1,30,63700000,
11,Bai et al. 2016,2016,Identification and characterization of ostreid herpesvirus 1 associated with massive mortalities of Scapharca broughtonii broodstocks in China,https://www.int-res.com/abstracts/dao/v118/n1/p65-75/,"ChangD, Changdong Province, China",China,NA,"37.852516, 120.824291","37.852516, 120.824291",37.852516,120.824291,Scapharca broughtonii,,Clam,OsHV-1,2013,Field,Snowball,,Individuals,1,3,8810,
11,Bai et al. 2016,2016,Identification and characterization of ostreid herpesvirus 1 associated with massive mortalities of Scapharca broughtonii broodstocks in China,https://www.int-res.com/abstracts/dao/v118/n1/p65-75/,"ChangD, Changdong Province, China",China,NA,"37.852516, 120.824291","37.852516, 120.824291",37.852516,120.824291,Scapharca broughtonii,,Clam,OsHV-1,2013,Field,Snowball,,Individuals,1,10,615.76,
11,Bai et al. 2016,2016,Identification and characterization of ostreid herpesvirus 1 associated with massive mortalities of Scapharca broughtonii broodstocks in China,https://www.int-res.com/abstracts/dao/v118/n1/p65-75/,"ChangD, Changdong Province, China",China,NA,"37.852516, 120.824291","37.852516, 120.824291",37.852516,120.824291,Scapharca broughtonii,,Clam,OsHV-1,2013,Field,Snowball,,Individuals,1,10,207.3,
12,Renault et al. 2012,2012,Analysis of Clinical Ostreid Herpesvirus 1 (Malacoherpesviridae) Specimens by Sequencing Amplified Fragments from Three Virus Genome Areas,https://journals.asm.org/doi/10.1128/JVI.06534-11,NA,France,NA,"49.717346, -1.907873","49.717346, -1.907873",49.717346,-1.907873,Magallana gigas,,Pacific Oyster,OsHV-1,1993,Field,Snowball,,Individuals,1,3,NA,
12,Renault et al. 2012,2012,Analysis of Clinical Ostreid Herpesvirus 1 (Malacoherpesviridae) Specimens by Sequencing Amplified Fragments from Three Virus Genome Areas,https://journals.asm.org/doi/10.1128/JVI.06534-11,NA,France,NA,"49.717346, -1.907873","49.717346, -1.907873",49.717346,-1.907873,Magallana gigas,,Pacific Oyster,OsHV-1,1994,Field,Snowball,,Individuals,1,4,NA,
12,Renault et al. 2012,2012,Analysis of Clinical Ostreid Herpesvirus 1 (Malacoherpesviridae) Specimens by Sequencing Amplified Fragments from Three Virus Genome Areas,https://journals.asm.org/doi/10.1128/JVI.06534-11,NA,France,NA,"49.717346, -1.907873","49.717346, -1.907873",49.717346,-1.907873,Magallana gigas,,Pacific Oyster,OsHV-1,1995,Field,Snowball,,Individuals,1,3,NA,
12,Renault et al. 2012,2012,Analysis of Clinical Ostreid Herpesvirus 1 (Malacoherpesviridae) Specimens by Sequencing Amplified Fragments from Three Virus Genome Areas,https://journals.asm.org/doi/10.1128/JVI.06534-11,NA,China,NA,"36.053318, 120.291358

","36.053318, 120.291358

",36.053318,120.291358,Magallana gigas,,Pacific Oyster,OsHV-1,2002,Field,Snowball,,Individuals,1,1,NA,
12,Renault et al. 2012,2012,Analysis of Clinical Ostreid Herpesvirus 1 (Malacoherpesviridae) Specimens by Sequencing Amplified Fragments from Three Virus Genome Areas,https://journals.asm.org/doi/10.1128/JVI.06534-11,NA,France,NA,"49.717346, -1.907873","49.717346, -1.907873",49.717346,-1.907873,Magallana gigas,,Pacific Oyster,OsHV-1,2003,Field,Snowball,,Individuals,1,6,NA,
12,Renault et al. 2012,2012,Analysis of Clinical Ostreid Herpesvirus 1 (Malacoherpesviridae) Specimens by Sequencing Amplified Fragments from Three Virus Genome Areas,https://journals.asm.org/doi/10.1128/JVI.06534-11,NA,France,NA,"49.717346, -1.907873","49.717346, -1.907873",49.717346,-1.907873,Magallana gigas,,Pacific Oyster,OsHV-1,2005,Field,Snowball,,Individuals,1,4,NA,
12,Renault et al. 2012,2012,Analysis of Clinical Ostreid Herpesvirus 1 (Malacoherpesviridae) Specimens by Sequencing Amplified Fragments from Three Virus Genome Areas,https://journals.asm.org/doi/10.1128/JVI.06534-11,NA,New Zealand,NA,"-41.283525, 174.832068

","-41.283525, 174.832068

",-41.283525,174.832068,Magallana gigas,,Pacific Oyster,OsHV-1 μVar,2005,Field,Snowball,,Individuals,1,3,NA,
12,Renault et al. 2012,2012,Analysis of Clinical Ostreid Herpesvirus 1 (Malacoherpesviridae) Specimens by Sequencing Amplified Fragments from Three Virus Genome Areas,https://journals.asm.org/doi/10.1128/JVI.06534-11,NA,France,NA,"49.717346, -1.907873","49.717346, -1.907873",49.717346,-1.907873,Magallana gigas,,Pacific Oyster,OsHV-1,2006,Field,Snowball,,Individuals,1,6,NA,
12,Renault et al. 2012,2012,Analysis of Clinical Ostreid Herpesvirus 1 (Malacoherpesviridae) Specimens by Sequencing Amplified Fragments from Three Virus Genome Areas,https://journals.asm.org/doi/10.1128/JVI.06534-11,California,USA,NA,"38.205431, -122.939066

","38.205431, -122.939066

",38.205431,-122.939066,Magallana gigas,,Pacific Oyster,OsHV-1,2007,Field,Snowball,,Individuals,1,1,NA,
12,Renault et al. 2012,2012,Analysis of Clinical Ostreid Herpesvirus 1 (Malacoherpesviridae) Specimens by Sequencing Amplified Fragments from Three Virus Genome Areas,https://journals.asm.org/doi/10.1128/JVI.06534-11,NA,France,NA,"49.717346, -1.907873","49.717346, -1.907873",49.717346,-1.907873,Magallana gigas,,Pacific Oyster,OsHV-1,2007,Field,Snowball,,Individuals,1,9,NA,
12,Renault et al. 2012,2012,Analysis of Clinical Ostreid Herpesvirus 1 (Malacoherpesviridae) Specimens by Sequencing Amplified Fragments from Three Virus Genome Areas,https://journals.asm.org/doi/10.1128/JVI.06534-11,NA,France,NA,"49.717346, -1.907873","49.717346, -1.907873",49.717346,-1.907873,Magallana gigas,,Pacific Oyster,OsHV-1,2008,Field,Snowball,,Individuals,1,15,NA,
12,Renault et al. 2012,2012,Analysis of Clinical Ostreid Herpesvirus 1 (Malacoherpesviridae) Specimens by Sequencing Amplified Fragments from Three Virus Genome Areas,https://journals.asm.org/doi/10.1128/JVI.06534-11,NA,France,NA,"49.717346, -1.907873","49.717346, -1.907873",49.717346,-1.907873,Magallana gigas,,Pacific Oyster,OsHV-1,2009,Field,Snowball,,Individuals,1,5,NA,
12,Renault et al. 2012,2012,Analysis of Clinical Ostreid Herpesvirus 1 (Malacoherpesviridae) Specimens by Sequencing Amplified Fragments from Three Virus Genome Areas,https://journals.asm.org/doi/10.1128/JVI.06534-11,NA,France,NA,"49.717346, -1.907873","49.717346, -1.907873",49.717346,-1.907873,Magallana gigas,,Pacific Oyster,OsHV-1,2009,Field,Snowball,,Individuals,1,3,NA,
12,Renault et al. 2012,2012,Analysis of Clinical Ostreid Herpesvirus 1 (Malacoherpesviridae) Specimens by Sequencing Amplified Fragments from Three Virus Genome Areas,https://journals.asm.org/doi/10.1128/JVI.06534-11,NA,Ireland,NA,"-41.283525, 174.832068

","-41.283525, 174.832068

",-41.283525,174.832068,Magallana gigas,,Pacific Oyster,OsHV-1,2009,Field,Snowball,,Individuals,1,1,NA,
12,Renault et al. 2012,2012,Analysis of Clinical Ostreid Herpesvirus 1 (Malacoherpesviridae) Specimens by Sequencing Amplified Fragments from Three Virus Genome Areas,https://journals.asm.org/doi/10.1128/JVI.06534-11,NA,France,NA,"49.717346, -1.907873","49.717346, -1.907873",49.717346,-1.907873,Magallana gigas,,Pacific Oyster,OsHV-1,2010,Field,Snowball,,Individuals,1,8,NA,
12,Renault et al. 2012,2012,Analysis of Clinical Ostreid Herpesvirus 1 (Malacoherpesviridae) Specimens by Sequencing Amplified Fragments from Three Virus Genome Areas,https://journals.asm.org/doi/10.1128/JVI.06534-11,NA,Japan,NA,"33.017331, 130.183847

","33.017331, 130.183847

",33.017331,130.183847,Magallana gigas,,Pacific Oyster,OsHV-1,2010,Field,Snowball,,Individuals,1,1,NA,
12,Renault et al. 2012,2012,Analysis of Clinical Ostreid Herpesvirus 1 (Malacoherpesviridae) Specimens by Sequencing Amplified Fragments from Three Virus Genome Areas,https://journals.asm.org/doi/10.1128/JVI.06534-11,NA,New Zealand,NA,"-41.283525, 174.832068

","-41.283525, 174.832068

",-41.283525,174.832068,Magallana gigas,,Pacific Oyster,OsHV-1,2010,Field,Snowball,,Individuals,1,2,NA,
17,Segarra et al. 2010,2010,"Detection and description of a particular Ostreid herpesvirus 1 genotype associated with massive mortality outbreaks of Pacific oysters, Crassostrea gigas, in France in 2008",https://www.sciencedirect.com/science/article/pii/S0168170210002364?via=ihub,NA,France,NA,"49.717346, -1.907873","49.717346, -1.907873",49.717346,-1.907873,Magallana gigas,,Pacific Oyster,OsHV-1,1995,Field,Snowball,,Isolates,1,4,NA,
17,Segarra et al. 2010,2010,"Detection and description of a particular Ostreid herpesvirus 1 genotype associated with massive mortality outbreaks of Pacific oysters, Crassostrea gigas, in France in 2008",https://www.sciencedirect.com/science/article/pii/S0168170210002364?via=ihub,Tomales Bay,USA,NA,"38.205431, -122.939066

","38.205431, -122.939066

",38.205431,-122.939066,Magallana gigas,,Pacific Oyster,OsHV-1,2003,Field,Snowball,,Isolates,1,1,NA,
17,Segarra et al. 2010,2010,"Detection and description of a particular Ostreid herpesvirus 1 genotype associated with massive mortality outbreaks of Pacific oysters, Crassostrea gigas, in France in 2008",https://www.sciencedirect.com/science/article/pii/S0168170210002364?via=ihub,NA,France,NA,"49.717346, -1.907873","49.717346, -1.907873",49.717346,-1.907873,Magallana gigas,,Pacific Oyster,OsHV-1,2003,Field,Snowball,,Isolates,1,5,NA,
17,Segarra et al. 2010,2010,"Detection and description of a particular Ostreid herpesvirus 1 genotype associated with massive mortality outbreaks of Pacific oysters, Crassostrea gigas, in France in 2008",https://www.sciencedirect.com/science/article/pii/S0168170210002364?via=ihub,NA,USA,NA,"38.205431, -122.939066

","38.205431, -122.939066

",38.205431,-122.939066,Magallana gigas,,Pacific Oyster,OsHV-1,2004,Field,Snowball,,Isolates,1,1,NA,
17,Segarra et al. 2010,2010,"Detection and description of a particular Ostreid herpesvirus 1 genotype associated with massive mortality outbreaks of Pacific oysters, Crassostrea gigas, in France in 2008",https://www.sciencedirect.com/science/article/pii/S0168170210002364?via=ihub,Charente-Maritime,France,NA,"45.948768, -1.094332","45.948768, -1.094332",45.948768,-1.094332,Magallana gigas,,Pacific Oyster,OsHV-1,2004,Field,Snowball,,Isolates,1,3,NA,
17,Segarra et al. 2010,2010,"Detection and description of a particular Ostreid herpesvirus 1 genotype associated with massive mortality outbreaks of Pacific oysters, Crassostrea gigas, in France in 2008",https://www.sciencedirect.com/science/article/pii/S0168170210002364?via=ihub,Normandy,France,NA,"49.717346, -1.907873","49.717346, -1.907873",49.717346,-1.907873,Magallana gigas,,Pacific Oyster,OsHV-1,2005,Field,Snowball,,Isolates,1,1,NA,
17,Segarra et al. 2010,2010,"Detection and description of a particular Ostreid herpesvirus 1 genotype associated with massive mortality outbreaks of Pacific oysters, Crassostrea gigas, in France in 2008",https://www.sciencedirect.com/science/article/pii/S0168170210002364?via=ihub,NA,France,NA,"49.717346, -1.907873","49.717346, -1.907873",49.717346,-1.907873,Magallana gigas,,Pacific Oyster,OsHV-1,2005,Field,Snowball,,Isolates,1,4,NA,
17,Segarra et al. 2010,2010,"Detection and description of a particular Ostreid herpesvirus 1 genotype associated with massive mortality outbreaks of Pacific oysters, Crassostrea gigas, in France in 2008",https://www.sciencedirect.com/science/article/pii/S0168170210002364?via=ihub,California,USA,NA,"38.205431, -122.939066

","38.205431, -122.939066

",38.205431,-122.939066,Magallana gigas,,Pacific Oyster,OsHV-1,2006,Field,Snowball,,Isolates,1,2,NA,
17,Segarra et al. 2010,2010,"Detection and description of a particular Ostreid herpesvirus 1 genotype associated with massive mortality outbreaks of Pacific oysters, Crassostrea gigas, in France in 2008",https://www.sciencedirect.com/science/article/pii/S0168170210002364?via=ihub,Normandy,France,NA,"49.717346, -1.907873","49.717346, -1.907873",49.717346,-1.907873,Magallana gigas,,Pacific Oyster,OsHV-1,2006,Field,Snowball,,Isolates,1,7,NA,
17,Segarra et al. 2010,2010,"Detection and description of a particular Ostreid herpesvirus 1 genotype associated with massive mortality outbreaks of Pacific oysters, Crassostrea gigas, in France in 2008",https://www.sciencedirect.com/science/article/pii/S0168170210002364?via=ihub,NA,France,NA,"49.717346, -1.907873","49.717346, -1.907873",49.717346,-1.907873,Magallana gigas,,Pacific Oyster,OsHV-1,2006,Field,Snowball,,Isolates,1,1,NA,
17,Segarra et al. 2010,2010,"Detection and description of a particular Ostreid herpesvirus 1 genotype associated with massive mortality outbreaks of Pacific oysters, Crassostrea gigas, in France in 2008",https://www.sciencedirect.com/science/article/pii/S0168170210002364?via=ihub,Charente-Maritime,France,NA,"45.948768, -1.094332","45.948768, -1.094332",45.948768,-1.094332,Magallana gigas,,Pacific Oyster,OsHV-1,2006,Field,Snowball,,Isolates,1,3,NA,
17,Segarra et al. 2010,2010,"Detection and description of a particular Ostreid herpesvirus 1 genotype associated with massive mortality outbreaks of Pacific oysters, Crassostrea gigas, in France in 2008",https://www.sciencedirect.com/science/article/pii/S0168170210002364?via=ihub,California,USA,NA,"38.205431, -122.939066

","38.205431, -122.939066

",38.205431,-122.939066,Magallana gigas,,Pacific Oyster,OsHV-1,2007,Field,Snowball,,Isolates,1,1,NA,
17,Segarra et al. 2010,2010,"Detection and description of a particular Ostreid herpesvirus 1 genotype associated with massive mortality outbreaks of Pacific oysters, Crassostrea gigas, in France in 2008",https://www.sciencedirect.com/science/article/pii/S0168170210002364?via=ihub,NA,France,NA,"49.717346, -1.907873","49.717346, -1.907873",49.717346,-1.907873,Magallana gigas,,Pacific Oyster,OsHV-1,2007,Field,Snowball,,Isolates,1,8,NA,
17,Segarra et al. 2010,2010,"Detection and description of a particular Ostreid herpesvirus 1 genotype associated with massive mortality outbreaks of Pacific oysters, Crassostrea gigas, in France in 2008",https://www.sciencedirect.com/science/article/pii/S0168170210002364?via=ihub,Charente-Maritime,France,NA,"45.948768, -1.094332","45.948768, -1.094332",45.948768,-1.094332,Magallana gigas,,Pacific Oyster,OsHV-1,2007,Field,Snowball,,Isolates,1,1,NA,
17,Segarra et al. 2010,2010,"Detection and description of a particular Ostreid herpesvirus 1 genotype associated with massive mortality outbreaks of Pacific oysters, Crassostrea gigas, in France in 2008",https://www.sciencedirect.com/science/article/pii/S0168170210002364?via=ihub,South Brittany,France,NA,"48.431392, -4.759700","48.431392, -4.759700",48.431392,-4.7597,Magallana gigas,,Pacific Oyster,OsHV-1 μVar,2008,Field,Snowball,,Isolates,1,4,NA,
17,Segarra et al. 2010,2010,"Detection and description of a particular Ostreid herpesvirus 1 genotype associated with massive mortality outbreaks of Pacific oysters, Crassostrea gigas, in France in 2008",https://www.sciencedirect.com/science/article/pii/S0168170210002364?via=ihub,North Brittany,France,NA,"48.431392, -4.759700","48.431392, -4.759700",48.431392,-4.7597,Magallana gigas,,Pacific Oyster,OsHV-1,2008,Field,Snowball,,Isolates,1,1,NA,
17,Segarra et al. 2010,2010,"Detection and description of a particular Ostreid herpesvirus 1 genotype associated with massive mortality outbreaks of Pacific oysters, Crassostrea gigas, in France in 2008",https://www.sciencedirect.com/science/article/pii/S0168170210002364?via=ihub,Vendée,France,NA,"46.832531, -2.150655","46.832531, -2.150655",46.832531,-2.150655,Magallana gigas,,Pacific Oyster,OsHV-1,2008,Field,Snowball,,Isolates,1,1,NA,
17,Segarra et al. 2010,2010,"Detection and description of a particular Ostreid herpesvirus 1 genotype associated with massive mortality outbreaks of Pacific oysters, Crassostrea gigas, in France in 2008",https://www.sciencedirect.com/science/article/pii/S0168170210002364?via=ihub,Normandy,France,NA,"49.717346, -1.907873","49.717346, -1.907873",49.717346,-1.907873,Magallana gigas,,Pacific Oyster,OsHV-1 μVar,2008,Field,Snowball,,Isolates,1,4,NA,
17,Segarra et al. 2010,2010,"Detection and description of a particular Ostreid herpesvirus 1 genotype associated with massive mortality outbreaks of Pacific oysters, Crassostrea gigas, in France in 2008",https://www.sciencedirect.com/science/article/pii/S0168170210002364?via=ihub,Arcachon,France,NA,"44.651403, -1.175354","44.651403, -1.175354",44.651403,-1.175354,Magallana gigas,,Pacific Oyster,OsHV-1 μVar,2008,Field,Snowball,,Isolates,1,1,NA,
17,Segarra et al. 2010,2010,"Detection and description of a particular Ostreid herpesvirus 1 genotype associated with massive mortality outbreaks of Pacific oysters, Crassostrea gigas, in France in 2008",https://www.sciencedirect.com/science/article/pii/S0168170210002364?via=ihub,Charente-Maritime,France,NA,"45.948768, -1.094332","45.948768, -1.094332",45.948768,-1.094332,Magallana gigas,,Pacific Oyster,OsHV-1 μVar,2008,Field,Snowball,,Isolates,1,4,NA,
17,Segarra et al. 2010,2010,"Detection and description of a particular Ostreid herpesvirus 1 genotype associated with massive mortality outbreaks of Pacific oysters, Crassostrea gigas, in France in 2008",https://www.sciencedirect.com/science/article/pii/S0168170210002364?via=ihub,Charente-Maritime,France,NA,"45.948768, -1.094332","45.948768, -1.094332",45.948768,-1.094332,Magallana gigas,,Pacific Oyster,OsHV-1,2008,Field,Snowball,,Isolates,1,3,NA,
17,Segarra et al. 2010,2010,"Detection and description of a particular Ostreid herpesvirus 1 genotype associated with massive mortality outbreaks of Pacific oysters, Crassostrea gigas, in France in 2008",https://www.sciencedirect.com/science/article/pii/S0168170210002364?via=ihub,Charente-Maritime,France,NA,"45.948768, -1.094332","45.948768, -1.094332",45.948768,-1.094332,Magallana gigas,,Pacific Oyster,OsHV-1,2008,Field,Snowball,,Isolates,1,4,NA,
17,Segarra et al. 2010,2010,"Detection and description of a particular Ostreid herpesvirus 1 genotype associated with massive mortality outbreaks of Pacific oysters, Crassostrea gigas, in France in 2008",https://www.sciencedirect.com/science/article/pii/S0168170210002364?via=ihub,Languedoc Roussillon,France,NA,"43.825073, 4.390202","43.825073, 4.390202",43.825073,4.390202,Magallana gigas,,Pacific Oyster,OsHV-1,2008,Field,Snowball,,Isolates,1,10,NA,
17,Segarra et al. 2010,2010,"Detection and description of a particular Ostreid herpesvirus 1 genotype associated with massive mortality outbreaks of Pacific oysters, Crassostrea gigas, in France in 2008",https://www.sciencedirect.com/science/article/pii/S0168170210002364?via=ihub,Languedoc Roussillon,France,NA,"43.825073, 4.390202","43.825073, 4.390202",43.825073,4.390202,Magallana gigas,,Pacific Oyster,OsHV-1 μVar,2008,Field,Snowball,,Isolates,1,1,NA,
23,Wang et al. 2022,2022,Characterization  of  a  Novel  C-type  Lectin  against  OsHV-1  infection  in Scapharca broughtonii,https://www.isj.unimore.it/index.php/ISJ/article/view/730/488,Qingdao,China,NA,"36.053318, 120.291358

","36.053318, 120.291358

",36.053318,120.291358,Scapharca broughtonii,,Clam,OsHV-1,NA,Lab,Snowball,,Individuals,1,3,76300000,
33,Jenkins et al. 2013,2013,Identification and characterisation of an ostreid herpesvirus-1 microvariant (OsHV-1 µ-var) in Crassostrea gigas (Pacific oysters) in Australia,https://pubmed.ncbi.nlm.nih.gov/23872855/,Woolooware Bay,Australia,NA,"-34.031666666666666, 151.1511111111111
","-34.031666666666666, 151.1511111111111
",-34.03166667,151.1511111,Saccostrea glomerata,,Other Oyster,OsHV-1 μVar,2010,Field,Snowball,,Individuals,1,10,NA,
41,Evans et al. 2017,2017,"Detection of ostreid herpesvirus 1 microvariant DNA in aquatic invertebrate species, sediment and other samples collected from the Georges River estuary, New South Wales, Australia",https://www.int-res.com/abstracts/dao/v122/n3/p247-255/,"Site A, Woolooware Bay",Australia,"34° 01’ 54.0’’ S, 151° 09’ 04.0’’ E","-34.011088, 151.147129

","-34.011088, 151.147129

",-34.011088,151.147129,Mytilus spp.,,Mussel,OsHV-1 μVar,2012,Field,Snowball,,Pools,1,1,NA,
41,Evans et al. 2017,2017,"Detection of ostreid herpesvirus 1 microvariant DNA in aquatic invertebrate species, sediment and other samples collected from the Georges River estuary, New South Wales, Australia",https://www.int-res.com/abstracts/dao/v122/n3/p247-255/,"Lime Kiln, Woolooware Bay",Australia,"34° 01’ 54.0’’ S, 151° 09’ 04.0’’ E","-33.988758, 151.055406","-33.988758, 151.055406",-33.988758,151.055406,Magallana gigas,,Pacific Oyster,OsHV-1 μVar,2013,Field,Snowball,,Pools,1,9,8030,"Only 5 pools listed, but 9 tested positive?"
41,Evans et al. 2017,2017,"Detection of ostreid herpesvirus 1 microvariant DNA in aquatic invertebrate species, sediment and other samples collected from the Georges River estuary, New South Wales, Australia",https://www.int-res.com/abstracts/dao/v122/n3/p247-255/,"Oyster Bay, Woolooware Bay",Australia,"34° 01’ 54.0’’ S, 151° 09’ 04.0’’ E","-34.005674, 151.087626

","-34.005674, 151.087626

",-34.005674,151.087626,Magallana gigas,,Pacific Oyster,OsHV-1 μVar,2013,Field,Snowball,,Pools,1,6,,"Only 5 pools listed, but 6 tested positive?"
42,Martenot et al. 2015,2015,"Detection of undescribed ostreid herpesvirus 1 (OsHV-1) specimens from Pacific oyster, Crassostrea gigas",https://www.sciencedirect.com/science/article/pii/S0022201115300252,Normandy,France,NA,"49.717346, -1.907873","49.717346, -1.907873",49.717346,-1.907873,Magallana gigas,,Pacific Oyster,OsHV-1 μVar,2009,Field,Snowball,,Individuals,1,7,1300000000,
42,Martenot et al. 2015,2015,"Detection of undescribed ostreid herpesvirus 1 (OsHV-1) specimens from Pacific oyster, Crassostrea gigas",https://www.sciencedirect.com/science/article/pii/S0022201115300252,Brittany,France,NA,"48.605617, -2.647681","48.605617, -2.647681",48.605617,-2.647681,Magallana gigas,,Pacific Oyster,OsHV-1 μVar,2010,Field,Snowball,,Individuals,1,1,4500,
42,Martenot et al. 2015,2015,"Detection of undescribed ostreid herpesvirus 1 (OsHV-1) specimens from Pacific oyster, Crassostrea gigas",https://www.sciencedirect.com/science/article/pii/S0022201115300252,NA,Portugal,NA,"37.121704, -7.620029","37.121704, -7.620029",37.121704,-7.620029,Magallana gigas,,Pacific Oyster,OsHV-1 μVar,2012,Field,Snowball,,Individuals,1,1,8600,
42,Martenot et al. 2015,2015,"Detection of undescribed ostreid herpesvirus 1 (OsHV-1) specimens from Pacific oyster, Crassostrea gigas",https://www.sciencedirect.com/science/article/pii/S0022201115300252,Brittany,France,NA,"48.605617, -2.647681","48.605617, -2.647681",48.605617,-2.647681,Magallana gigas,,Pacific Oyster,OsHV-1 μVar,2012,Field,Snowball,,Individuals,1,7,540000000,
42,Martenot et al. 2015,2015,"Detection of undescribed ostreid herpesvirus 1 (OsHV-1) specimens from Pacific oyster, Crassostrea gigas",https://www.sciencedirect.com/science/article/pii/S0022201115300252,Normandy,France,NA,"49.717346, -1.907873","49.717346, -1.907873",49.717346,-1.907873,Magallana gigas,,Pacific Oyster,OsHV-1 μVar,2012,Field,Snowball,,Individuals,1,43,6000000000,
42,Martenot et al. 2015,2015,"Detection of undescribed ostreid herpesvirus 1 (OsHV-1) specimens from Pacific oyster, Crassostrea gigas",https://www.sciencedirect.com/science/article/pii/S0022201115300252,Normandy,France,NA,"49.717346, -1.907873","49.717346, -1.907873",49.717346,-1.907873,Magallana gigas,,Pacific Oyster,OsHV-1 μVar,2012,Field,Snowball,,Individuals,1,1,3600,
42,Martenot et al. 2015,2015,"Detection of undescribed ostreid herpesvirus 1 (OsHV-1) specimens from Pacific oyster, Crassostrea gigas",https://www.sciencedirect.com/science/article/pii/S0022201115300252,Gironde,France,NA,"45.470914, -1.174064","45.470914, -1.174064",45.470914,-1.174064,Magallana gigas,,Pacific Oyster,OsHV-1 μVar,2012,Field,Snowball,,Individuals,1,2,83000000,
42,Martenot et al. 2015,2015,"Detection of undescribed ostreid herpesvirus 1 (OsHV-1) specimens from Pacific oyster, Crassostrea gigas",https://www.sciencedirect.com/science/article/pii/S0022201115300252,Charente-Maritime,France,NA,"45.948768, -1.094332","45.948768, -1.094332",45.948768,-1.094332,Magallana gigas,,Pacific Oyster,OsHV-1 μVar,2012,Field,Snowball,,Individuals,1,1,45000,
42,Martenot et al. 2015,2015,"Detection of undescribed ostreid herpesvirus 1 (OsHV-1) specimens from Pacific oyster, Crassostrea gigas",https://www.sciencedirect.com/science/article/pii/S0022201115300252,NA,Japan,NA,"32.785682, 130.588925

","32.785682, 130.588925

",32.785682,130.588925,Magallana gigas,,Pacific Oyster,OsHV-1 μVar,2012,Field,Snowball,,Individuals,1,1,380000,
77,Burioli et al. 2018,2018,A novel divergent group of Ostreid herpesvirus 1 μVar variants associated with a mortality event in Pacific oyster spat in Normandy (France) in 2016,https://onlinelibrary.wiley.com/doi/10.1111/jfd.12883,"Blainville sur Mer, Normandy",France,NA,"49.066814, -1.597717","49.066814, -1.597717",49.066814,-1.597717,Magallana gigas,,Pacific Oyster,OsHV-1 μVar,2016,Field,Snowball,,Individuals,1,NA,400000000,
78,Zhang et al. 2023,2023,Identification and Characterization of Infectious Pathogens Associated with Mass Mortalities of Pacific Oyster (Crassostrea gigas) Cultured in Northern China,https://www.mdpi.com/2079-7737/12/6/759,"LaiZ, Bohai Bay",China,NA,"37.238058, 119.748312

","37.238058, 119.748312

",37.238058,119.748312,Magallana gigas,,Pacific Oyster,OsHV-1,2020,Field,Snowball,,Individuals,1,5,382000,Larvae
86,Morga et al. 2021,2021,Genomic Diversity of the Ostreid Herpesvirus Type 1 Across Time and Location and Among Host Species,https://www.frontiersin.org/articles/10.3389/fmicb.2021.711377/full,France,France,NA,"49.717346, -1.907873","49.717346, -1.907873",49.717346,-1.907873,Magallana gigas,,Pacific Oyster,OsHV-1,2008,Field,Web of Science,,Pool,1,1,,Larvae
86,Morga et al. 2021,2021,Genomic Diversity of the Ostreid Herpesvirus Type 1 Across Time and Location and Among Host Species,https://www.frontiersin.org/articles/10.3389/fmicb.2021.711377/full,France,France,NA,"49.717346, -1.907873","49.717346, -1.907873",49.717346,-1.907873,Magallana gigas,,Pacific Oyster,OsHV-1,2010,Field,Web of Science,,Pool & Individuals,1,1,,Larvae
86,Morga et al. 2021,2021,Genomic Diversity of the Ostreid Herpesvirus Type 1 Across Time and Location and Among Host Species,https://www.frontiersin.org/articles/10.3389/fmicb.2021.711377/full,New Zealand,New Zealand,NA,"-41.283525, 174.832068

","-41.283525, 174.832068

",-41.283525,174.832068,Magallana gigas,,Pacific Oyster,OsHV-1,2010,Field,Web of Science,,Pool,1,1,,Larvae
86,Morga et al. 2021,2021,Genomic Diversity of the Ostreid Herpesvirus Type 1 Across Time and Location and Among Host Species,https://www.frontiersin.org/articles/10.3389/fmicb.2021.711377/full,New Zealand,New Zealand,NA,"-41.283525, 174.832068

","-41.283525, 174.832068

",-41.283525,174.832068,Magallana gigas,,Pacific Oyster,OsHV-1,2011,Field,Web of Science,,Individuals,1,3,,Adults
86,Morga et al. 2021,2021,Genomic Diversity of the Ostreid Herpesvirus Type 1 Across Time and Location and Among Host Species,https://www.frontiersin.org/articles/10.3389/fmicb.2021.711377/full,Ireland,Ireland,NA,"-41.283525, 174.832068

","-41.283525, 174.832068

",-41.283525,174.832068,Magallana gigas,,Pacific Oyster,OsHV-1,2011,Field,Web of Science,,Individuals,1,1,,Adults
86,Morga et al. 2021,2021,Genomic Diversity of the Ostreid Herpesvirus Type 1 Across Time and Location and Among Host Species,https://www.frontiersin.org/articles/10.3389/fmicb.2021.711377/full,Sweden,Sweden,"58.8684, 11.1555",NA,"58.8684, 11.1555",58.8684,11.1555,Ostrea edulis,,Other Oyster,OsHV-1,2012,Field,Web of Science,,Pool & Individuals,1,1,,Larvae
86,Morga et al. 2021,2021,Genomic Diversity of the Ostreid Herpesvirus Type 1 Across Time and Location and Among Host Species,https://www.frontiersin.org/articles/10.3389/fmicb.2021.711377/full,United Kingdom,United Kingdom,NA,"53.726216, -4.723132","53.726216, -4.723132",53.726216,-4.723132,Magallana gigas,,Pacific Oyster,OsHV-1,2015,Field,Web of Science,,Individuals,1,1,,Adults
86,Morga et al. 2021,2021,Genomic Diversity of the Ostreid Herpesvirus Type 1 Across Time and Location and Among Host Species,https://www.frontiersin.org/articles/10.3389/fmicb.2021.711377/full,France,France,NA,"49.717346, -1.907873","49.717346, -1.907873",49.717346,-1.907873,Magallana gigas,,Pacific Oyster,OsHV-1,2017,Field,Web of Science,,Individuals,1,7,,Adults
86,Morga et al. 2021,2021,Genomic Diversity of the Ostreid Herpesvirus Type 1 Across Time and Location and Among Host Species,https://www.frontiersin.org/articles/10.3389/fmicb.2021.711377/full,Spain,Spain,NA,"43.753142, -7.727630","43.753142, -7.727630",43.753142,-7.72763,Magallana gigas,,Pacific Oyster,OsHV-1,NA,Field,Web of Science,,Individuals,1,1,,Adults
86,Morga et al. 2021,2021,Genomic Diversity of the Ostreid Herpesvirus Type 1 Across Time and Location and Among Host Species,https://www.frontiersin.org/articles/10.3389/fmicb.2021.711377/full,Netherlands,Netherlands,NA,"52.693081, 5.487811","52.693081, 5.487811",52.693081,5.487811,Magallana gigas,,Pacific Oyster,OsHV-1,NA,Field,Web of Science,,Individuals,1,1,,Adults
86,Morga et al. 2021,2021,Genomic Diversity of the Ostreid Herpesvirus Type 1 Across Time and Location and Among Host Species,https://www.frontiersin.org/articles/10.3389/fmicb.2021.711377/full,Japan,Japan,NA,"33.017331, 130.183847

","33.017331, 130.183847

",33.017331,130.183847,Magallana gigas,,Pacific Oyster,OsHV-1,NA,Field,Web of Science,,Individuals,1,2,,Adults
94,Renault et al. 2000,1994,"Herpesviruses associated with mortalities among Pacific oyster, Crassostrea gigas, in France-Comparative study",https://archimer.ifremer.fr/doc/00000/2898/,Loire-Atlantique,France,NA,"47.252797, -2.245095","47.252797, -2.245095",47.252797,-2.245095,Magallana gigas,,Pacific Oyster,Herpesvirus,1992,Field,Web of Science,,Individuals,1,120,NA,Larvae
94,Renault et al. 2000,1994,"Herpesviruses associated with mortalities among Pacific oyster, Crassostrea gigas, in France-Comparative study",https://archimer.ifremer.fr/doc/00000/2898/,Brittany,France,NA,"48.431392, -4.759700","48.431392, -4.759700",48.431392,-4.7597,Magallana gigas,,Pacific Oyster,Herpesvirus,1993,Field,Web of Science,,Individuals,1,30,NA,Young Spat
94,Renault et al. 2000,1994,"Herpesviruses associated with mortalities among Pacific oyster, Crassostrea gigas, in France-Comparative study",https://archimer.ifremer.fr/doc/00000/2898/,Charente-Maritime,France,NA,"45.948768, -1.094332","45.948768, -1.094332",45.948768,-1.094332,Magallana gigas,,Pacific Oyster,Herpesvirus,1993,Field,Web of Science,,Individuals,1,78,NA,Young Spat
95,Renault et al. 2000,1994,Herpes-like virus infecting Japanese oyster (Crassostrea gigas) spat,https://archimer.ifremer.fr/doc/1994/publication-2888.pdf,Thau Lagoon,France,NA,"43.379087, 3.571483","43.379087, 3.571483",43.379087,3.571483,Magallana gigas,,Pacific Oyster,Herpes-like virus,1993,Field,Web of Science,,Individuals,1,30,NA,Young Spat
104,Abbadi et al. 2018,2018,Identification of a newly described OsHV-1 μVar from the North Adriatic Sea (Italy),https://www.ncbi.nlm.nih.gov/pmc/articles/PMC5994699/,"Porto Tolle area, Po Delta basin, North Adriatic Sea",Italy,"44.961586, 12.471467","44.961586, 12.471467","44.961586, 12.471467",44.961586,12.471467,Magallana gigas,,Pacific Oyster,OsHV-1 μVar,2016,Field,Snowball,,Individuals,1,135,100000000,Laboratory injections using homegenates from oysters dying in the field
108,Mortensen et al. 2016,2016,Summer mortalities and detection of ostreid herpesvirus microvariant in Pacific oyster Crassostrea gigas in Sweden and Norway,https://www.int-res.com/abstracts/dao/v117/n3/p171-176,Svallhagen,Sweden,"58.8684, 11.1555",NA,"58.8684, 11.1555",58.8684,11.1555,Magallana gigas,,Pacific Oyster,OsHV-1 μVar,2013,Field,Snowball,,Individuals,1,3,NA,
108,Mortensen et al. 2016,2016,Summer mortalities and detection of ostreid herpesvirus microvariant in Pacific oyster Crassostrea gigas in Sweden and Norway,https://www.int-res.com/abstracts/dao/v117/n3/p171-176,Tvedestrand,Norway,"58.5893, 8.9411",NA,"58.5893, 8.9411",58.5893,8.9411,Magallana gigas,,Pacific Oyster,OsHV-1 μVar,2014,Field,Snowball,,Individuals,1,2,NA,
108,Mortensen et al. 2016,2016,Summer mortalities and detection of ostreid herpesvirus microvariant in Pacific oyster Crassostrea gigas in Sweden and Norway,https://www.int-res.com/abstracts/dao/v117/n3/p171-176,Hui,Norway,"59.1260, 10.3656",NA,"59.1260, 10.3656",59.126,10.3656,Magallana gigas,,Pacific Oyster,OsHV-1 μVar,2014,Field,Snowball,,Individuals,1,17,NA,
108,Mortensen et al. 2016,2016,Summer mortalities and detection of ostreid herpesvirus microvariant in Pacific oyster Crassostrea gigas in Sweden and Norway,https://www.int-res.com/abstracts/dao/v117/n3/p171-176,Saltösundet,Sweden,"58.8743, 11.1459",NA,"58.8743, 11.1459",58.8743,11.1459,Magallana gigas,,Pacific Oyster,OsHV-1 μVar,2014,Field,Snowball,,Individuals,1,3,NA,
108,Mortensen et al. 2016,2016,Summer mortalities and detection of ostreid herpesvirus microvariant in Pacific oyster Crassostrea gigas in Sweden and Norway,https://www.int-res.com/abstracts/dao/v117/n3/p171-176,Trälsundet,Sweden,"58.9130, 11.1968",NA,"58.9130, 11.1968",58.913,11.1968,Magallana gigas,,Pacific Oyster,OsHV-1 μVar,2014,Field,Snowball,,Individuals,1,2,NA,
108,Mortensen et al. 2016,2016,Summer mortalities and detection of ostreid herpesvirus microvariant in Pacific oyster Crassostrea gigas in Sweden and Norway,https://www.int-res.com/abstracts/dao/v117/n3/p171-176,Fjällbacka,Sweden,"58.5925, 11.2683",NA,"58.5925, 11.2683",58.5925,11.2683,Magallana gigas,,Pacific Oyster,OsHV-1 μVar,2014,Field,Snowball,,Individuals,1,1,NA,
108,Mortensen et al. 2016,2016,Summer mortalities and detection of ostreid herpesvirus microvariant in Pacific oyster Crassostrea gigas in Sweden and Norway,https://www.int-res.com/abstracts/dao/v117/n3/p171-176,Lysekil,Sweden,"58.3083, 11.4503",NA,"58.3083, 11.4503",58.3083,11.4503,Magallana gigas,,Pacific Oyster,OsHV-1 μVar,2014,Field,Snowball,,Individuals,1,1,NA,
93,Barbieri et al. 2019,2019,First detection of Ostreid herpesvirus 1 in wild Crassostrea gigas in Argentina,https://pubmed.ncbi.nlm.nih.gov/31356818/,Bahía Blanca Estuary,Argentina,NA,"-38.786782, -62.301102

","-38.786782, -62.301102

",-38.786782,-62.301102,Magallana gigas,,Pacific Oyster,OsHV-1 μVar,2017,Field,Snowball,,,0.567901235,81,35.48,
8,Xin et al. 2018,2018,"Ostreid Herpesvirus-1 Infects Specific Hemocytes in Ark Clam, Scapharca broughtonii",https://www.mdpi.com/1999-4915/10/10/529,Qingdao,China,NA,"36.053318, 120.291358

","36.053318, 120.291358

",36.053318,120.291358,Scapharca broughtonii,,Clam,OsHV-1,NA,Lab,Snowball,,Pools,NA,NA,35900,Max error bar in Fig. 1a (WebPlotDigitizer)
14,Renault et al. 2001,2001,A herpes-like virus infecting Crassostrea gigas and Ruditapes philippinarum larvae in France,https://onlinelibrary.wiley.com/doi/full/10.1046/j.1365-2761.2001.00300.x?casa_token=DNEj9k2OMDYAAAAA%3AZVQ-yQk2U1ZwzkvFr-Gh4-a5NuOSaAPbvA9K08yYDS8-8MKmBrlwGInGR3twelzEtwlxqvclaVo1G0Xr,Normandy,France,NA,"49.717346, -1.907873","49.717346, -1.907873",49.717346,-1.907873,Magallana gigas,,Pacific Oyster,Herpes-like virus,1997,Field,Snowball,,Pools,NA,NA,NA,Larvae
14,Renault et al. 2001,2001,A herpes-like virus infecting Crassostrea gigas and Ruditapes philippinarum larvae in France,https://onlinelibrary.wiley.com/doi/full/10.1046/j.1365-2761.2001.00300.x?casa_token=DNEj9k2OMDYAAAAA%3AZVQ-yQk2U1ZwzkvFr-Gh4-a5NuOSaAPbvA9K08yYDS8-8MKmBrlwGInGR3twelzEtwlxqvclaVo1G0Xr,Normandy,France,NA,"49.717346, -1.907873","49.717346, -1.907873",49.717346,-1.907873,Ruditapes phillipinarum,,Clam,Herpes-like virus,1997,Field,Snowball,,Pools,NA,NA,NA,Larvae
14,Renault et al. 2001,2001,A herpes-like virus infects a non-ostreid bivalve species: virus replication in Ruditapes philippinarum larvae,https://www.int-res.com/abstracts/dao/v45/n1/p1-7/,Normandy,France,NA,"49.717346, -1.907873","49.717346, -1.907873",49.717346,-1.907873,Ruditapes phillipinarum,,Clam,OsHV-1,1997,Field,Snowball,,Pools,NA,NA,NA,Larvae
15,Ugalde et al. 2018,2018,"Analysis of farm management strategies following herpesvirus (OsHV-1) disease outbreaks in Pacific oysters in Tasmania, Australia",https://www.sciencedirect.com/science/article/pii/S0044848618304484,"Pitt Water, Tasmania",Australia,"−42.80806, 147.494742",NA,"−42.80806, 147.494742",-42.80806,147.494742,Magallana gigas,,Pacific Oyster,OsHV-1 μVar ,2017,Field,Snowball,,NA,NA,NA,NA,
15,Ugalde et al. 2018,2018,"Analysis of farm management strategies following herpesvirus (OsHV-1) disease outbreaks in Pacific oysters in Tasmania, Australia",https://www.sciencedirect.com/science/article/pii/S0044848618304484,"Pipeclay Lagoon, Tasmania",Australia,"−42.969895, 147.524052",NA,"−42.969895, 147.524052",-42.969895,147.524052,Magallana gigas,,Pacific Oyster,OsHV-1 μVar ,2017,Field,Snowball,,NA,NA,NA,NA,
15,Ugalde et al. 2018,2018,"Analysis of farm management strategies following herpesvirus (OsHV-1) disease outbreaks in Pacific oysters in Tasmania, Australia",https://www.sciencedirect.com/science/article/pii/S0044848618304484,"Blackman Bay, Tasmania",Australia,"−42.854509, 147.831351",NA,"−42.854509, 147.831351",-42.854509,147.831351,Magallana gigas,,Pacific Oyster,OsHV-1 μVar ,2017,Field,Snowball,,NA,NA,NA,NA,
15,Ugalde et al. 2018,2018,"Analysis of farm management strategies following herpesvirus (OsHV-1) disease outbreaks in Pacific oysters in Tasmania, Australia",https://www.sciencedirect.com/science/article/pii/S0044848618304484,"Little Swanport, Tasmania",Australia,"−42.340497, 147.937958",NA,"−42.340497, 147.937958",-42.340497,147.937958,Magallana gigas,,Pacific Oyster,OsHV-1 μVar ,2017,Field,Snowball,,NA,NA,NA,NA,
18,Xia et al. 2015,2015,Complete genome sequence of Ostreid herpesvirus-1 associated with mortalities of Scapharca broughtonii broodstocks,https://virologyj.biomedcentral.com/articles/10.1186/s12985-015-0334-0,Changdao,China,NA,"37.852516, 120.824291","37.852516, 120.824291",37.852516,120.824291,Scapharca broughtonii,,Clam,OsHV-1,2012,Field,Snowball,OsHV-1 SB?,NA,NA,NA,25800000,
19,Schikorski et al. 2011,2011,Experimental infection of Pacific oyster Crassostrea gigas spat by ostreid herpesvirus 1: demonstration of oyster spat susceptibility,https://veterinaryresearch.biomedcentral.com/articles/10.1186/1297-9716-42-27,North Brittany (Breton),France,NA,"48.431392, -4.759700","48.431392, -4.759700",48.431392,-4.7597,Magallana gigas,,Pacific Oyster,OsHV-1 μVar,2008,Field,Snowball,,NA,NA,NA,961000,
19,Schikorski et al. 2011,2011,Experimental infection of Pacific oyster Crassostrea gigas spat by ostreid herpesvirus 1: demonstration of oyster spat susceptibility,https://veterinaryresearch.biomedcentral.com/articles/10.1186/1297-9716-42-27,South Brittany (Breton),France,NA,"48.431392, -4.759700","48.431392, -4.759700",48.431392,-4.7597,Magallana gigas,,Pacific Oyster,OsHV-1 μVar,2008,Field,Snowball,,NA,NA,NA,947000,
19,Schikorski et al. 2011,2011,Experimental infection of Pacific oyster Crassostrea gigas spat by ostreid herpesvirus 1: demonstration of oyster spat susceptibility,https://veterinaryresearch.biomedcentral.com/articles/10.1186/1297-9716-42-27,Normandy,France,NA,"49.717346, -1.907873","49.717346, -1.907873",49.717346,-1.907873,Magallana gigas,,Pacific Oyster,OsHV-1 μVar,2008,Field,Snowball,,NA,NA,NA,932000,
20,Xin et al. 2018,2018,"Validation of housekeeping genes for quantitative mRNA expression analysis in OsHV-1 infected ark clam, Scapharca broughtonii",https://www.sciencedirect.com/science/article/pii/S0022201117304366?via%3Dihub,Qingdao,China,NA,"36.053318, 120.291358

","36.053318, 120.291358

",36.053318,120.291358,Scapharca broughtonii,,Clam,OsHV-1,NA,Lab,Snowball,,NA,NA,NA,NA,
21,Bai et al. 2022,2022,Paired miRNA and RNA sequencing provides a first insight into molecular defense mechanisms of Scapharca broughtonii during ostreid herpesvirus-1 infection,https://www.sciencedirect.com/science/article/pii/S105046482200064X?via%3Dihub,Bohai Bay,China,NA,"38.455657, 117.858286","38.455657, 117.858286",38.455657,117.858286,Scapharca broughtonii,,Clam,OsHV-1,2019,Lab,Snowball,,NA,NA,NA,757000,
25,Renault et al. 2000,2000,Concomitant herpes-like virus infections in hatchery-reared larvae and nursery-cultured spat Crassostrea gigas and Ostrea edulis,https://pubmed.ncbi.nlm.nih.gov/11104068/,"Bourgneuf Bay, Vendée",France,NA,"47.034744, -2.133321","47.034744, -2.133321",47.034744,-2.133321,Magallana gigas,,Pacific Oyster,Herpes-like virus,1994,Field,Snowball,,NA,NA,NA,NA,
25,Renault et al. 2000,2000,Concomitant herpes-like virus infections in hatchery-reared larvae and nursery-cultured spat Crassostrea gigas and Ostrea edulis,https://pubmed.ncbi.nlm.nih.gov/11104068/,"Bourgneuf Bay, Vendée",France,NA,"47.034744, -2.133321","47.034744, -2.133321",47.034744,-2.133321,Ostrea edulis,,Other Oyster,Herpes-like virus,1994,Field,Snowball,,NA,NA,NA,NA,
26,Arzul et al. 2001,2001,Experimental herpes-like viral infections in marine bivalves: demonstration of interspecies transmission,https://www.int-res.com/articles/dao/46/d046p001.pdf,NA,NA,NA,NA,NA,NA,NA,Crassostrea angulata,,Other Oyster,OsHV-1,1997,Lab,Snowball,,NA,NA,NA,NA,
26,Arzul et al. 2001,2001,Experimental herpes-like viral infections in marine bivalves: demonstration of interspecies transmission,https://www.int-res.com/articles/dao/46/d046p001.pdf,NA,NA,NA,NA,NA,NA,NA,Magallana gigas,,Pacific Oyster,OsHV-1,1997,Lab,Snowball,,NA,NA,NA,NA,
26,Arzul et al. 2001,2001,Experimental herpes-like viral infections in marine bivalves: demonstration of interspecies transmission,https://www.int-res.com/articles/dao/46/d046p001.pdf,NA,NA,NA,NA,NA,NA,NA,Ostrea edulis,,Other Oyster,OsHV-1,1997,Lab,Snowball,,NA,NA,NA,NA,
26,Arzul et al. 2001,2001,Experimental herpes-like viral infections in marine bivalves: demonstration of interspecies transmission,https://www.int-res.com/articles/dao/46/d046p001.pdf,NA,NA,NA,NA,NA,NA,NA,Crassostrea angulata,,Other Oyster,OsHV-1,1998,Lab,Snowball,,NA,NA,NA,NA,
26,Arzul et al. 2001,2001,Experimental herpes-like viral infections in marine bivalves: demonstration of interspecies transmission,https://www.int-res.com/articles/dao/46/d046p001.pdf,NA,NA,NA,NA,NA,NA,NA,Magallana gigas,,Pacific Oyster,OsHV-1,1998,Lab,Snowball,,NA,NA,NA,NA,
26,Arzul et al. 2001,2001,Experimental herpes-like viral infections in marine bivalves: demonstration of interspecies transmission,https://www.int-res.com/articles/dao/46/d046p001.pdf,NA,NA,NA,NA,NA,NA,NA,Ostrea edulis,,Other Oyster,OsHV-1,1998,Lab,Snowball,,NA,NA,NA,NA,
26,Arzul et al. 2001,2001,Experimental herpes-like viral infections in marine bivalves: demonstration of interspecies transmission,https://www.int-res.com/articles/dao/46/d046p001.pdf,NA,NA,NA,NA,NA,NA,NA,Crassostrea angulata,,Other Oyster,OsHV-1,1999,Lab,Snowball,,NA,NA,NA,NA,
26,Arzul et al. 2001,2001,Experimental herpes-like viral infections in marine bivalves: demonstration of interspecies transmission,https://www.int-res.com/articles/dao/46/d046p001.pdf,NA,NA,NA,NA,NA,NA,NA,Magallana gigas,,Pacific Oyster,OsHV-1,1999,Lab,Snowball,,NA,NA,NA,NA,
26,Arzul et al. 2001,2001,Experimental herpes-like viral infections in marine bivalves: demonstration of interspecies transmission,https://www.int-res.com/articles/dao/46/d046p001.pdf,NA,NA,NA,NA,NA,NA,NA,Ostrea edulis,,Other Oyster,OsHV-1,1999,Lab,Snowball,,NA,NA,NA,NA,
26,Arzul et al. 2001,2001,Experimental herpes-like viral infections in marine bivalves: demonstration of interspecies transmission,https://www.int-res.com/articles/dao/46/d046p001.pdf,NA,NA,NA,NA,NA,NA,NA,Crassostrea angulata,,Other Oyster,OsHV-1,2000,Lab,Snowball,,NA,NA,NA,NA,
26,Arzul et al. 2001,2001,Experimental herpes-like viral infections in marine bivalves: demonstration of interspecies transmission,https://www.int-res.com/articles/dao/46/d046p001.pdf,NA,NA,NA,NA,NA,NA,NA,Magallana gigas,,Pacific Oyster,OsHV-1,2000,Lab,Snowball,,NA,NA,NA,NA,
26,Arzul et al. 2001,2001,Experimental herpes-like viral infections in marine bivalves: demonstration of interspecies transmission,https://www.int-res.com/articles/dao/46/d046p001.pdf,NA,NA,NA,NA,NA,NA,NA,Ostrea edulis,,Other Oyster,OsHV-1,2000,Lab,Snowball,,NA,NA,NA,NA,
26,Arzul et al. 2001,2001,Experimental herpes-like viral infections in marine bivalves: demonstration of interspecies transmission,https://www.int-res.com/articles/dao/46/d046p001.pdf,NA,NA,NA,NA,NA,NA,NA,Magallana gigas,,Pacific Oyster,OsHV-1,2001,Lab,Snowball,,NA,NA,NA,NA,
26,Arzul et al. 2001,2001,Experimental herpes-like viral infections in marine bivalves: demonstration of interspecies transmission,https://www.int-res.com/articles/dao/46/d046p001.pdf,NA,NA,NA,NA,NA,NA,NA,Ostrea edulis,,Other Oyster,OsHV-1,2001,Lab,Snowball,,NA,NA,NA,NA,
26,Arzul et al. 2001,2001,Experimental herpes-like viral infections in marine bivalves: demonstration of interspecies transmission,https://www.int-res.com/articles/dao/46/d046p001.pdf,NA,NA,NA,NA,NA,NA,NA,Ostrea edulis,,Other Oyster,OsHV-1,2002,Lab,Snowball,,NA,NA,NA,NA,
27,Renault & Arzul 2001,2001,Herpes-like virus infections in hatchery-reared bivalve larvae in Europe: speci®c viral DNA detection by PCR,https://onlinelibrary.wiley.com/doi/pdfdirect/10.1046/j.1365-2761.2001.00282.x,NA,Spain,NA,"43.753142, -7.727630","43.753142, -7.727630",43.753142,-7.72763,Ruditapes phillipinarum,,Clam,OsHV-1,1997,Field,Snowball,,NA,NA,NA,NA,
27,Renault & Arzul 2001,2001,Herpes-like virus infections in hatchery-reared bivalve larvae in Europe: speci®c viral DNA detection by PCR,https://onlinelibrary.wiley.com/doi/pdfdirect/10.1046/j.1365-2761.2001.00282.x,NA,United Kingdom,NA,"53.637027, -4.747346","53.637027, -4.747346",53.637027,-4.747346,Magallana gigas,,Pacific Oyster,OsHV-1,1997,Field,Snowball,,NA,NA,NA,NA,
27,Renault & Arzul 2001,2001,Herpes-like virus infections in hatchery-reared bivalve larvae in Europe: speci®c viral DNA detection by PCR,https://onlinelibrary.wiley.com/doi/pdfdirect/10.1046/j.1365-2761.2001.00282.x,NA,France,NA,"47.034744, -2.133321","47.034744, -2.133321",47.034744,-2.133321,Magallana gigas,,Pacific Oyster,OsHV-1,1997,Field,Snowball,,NA,NA,NA,NA,
27,Renault & Arzul 2001,2001,Herpes-like virus infections in hatchery-reared bivalve larvae in Europe: speci®c viral DNA detection by PCR,https://onlinelibrary.wiley.com/doi/pdfdirect/10.1046/j.1365-2761.2001.00282.x,NA,France,NA,"47.034744, -2.133321","47.034744, -2.133321",47.034744,-2.133321,Magallana gigas,,Pacific Oyster,OsHV-1,1997,Field,Snowball,,NA,NA,NA,NA,
27,Renault & Arzul 2001,2001,Herpes-like virus infections in hatchery-reared bivalve larvae in Europe: speci®c viral DNA detection by PCR,https://onlinelibrary.wiley.com/doi/pdfdirect/10.1046/j.1365-2761.2001.00282.x,NA,France,NA,"49.717346, -1.907873","49.717346, -1.907873",49.717346,-1.907873,Ruditapes decussatus,,Clam,OsHV-1,1997,Field,Snowball,,NA,NA,NA,NA,
27,Renault & Arzul 2001,2001,Herpes-like virus infections in hatchery-reared bivalve larvae in Europe: speci®c viral DNA detection by PCR,https://onlinelibrary.wiley.com/doi/pdfdirect/10.1046/j.1365-2761.2001.00282.x,NA,Spain,NA,"43.753142, -7.727630","43.753142, -7.727630",43.753142,-7.72763,Ruditapes phillipinarum,,Clam,OsHV-1,1998,Field,Snowball,,NA,NA,NA,NA,
27,Renault & Arzul 2001,2001,Herpes-like virus infections in hatchery-reared bivalve larvae in Europe: speci®c viral DNA detection by PCR,https://onlinelibrary.wiley.com/doi/pdfdirect/10.1046/j.1365-2761.2001.00282.x,NA,United Kingdom,NA,"53.637027, -4.747346","53.637027, -4.747346",53.637027,-4.747346,Magallana gigas,,Pacific Oyster,OsHV-1,1998,Field,Snowball,,NA,NA,NA,NA,
27,Renault & Arzul 2001,2001,Herpes-like virus infections in hatchery-reared bivalve larvae in Europe: speci®c viral DNA detection by PCR,https://onlinelibrary.wiley.com/doi/pdfdirect/10.1046/j.1365-2761.2001.00282.x,NA,France,NA,"47.034744, -2.133321","47.034744, -2.133321",47.034744,-2.133321,Magallana gigas,,Pacific Oyster,OsHV-1,1998,Field,Snowball,,NA,NA,NA,NA,
27,Renault & Arzul 2001,2001,Herpes-like virus infections in hatchery-reared bivalve larvae in Europe: speci®c viral DNA detection by PCR,https://onlinelibrary.wiley.com/doi/pdfdirect/10.1046/j.1365-2761.2001.00282.x,NA,France,NA,"47.034744, -2.133321","47.034744, -2.133321",47.034744,-2.133321,Magallana gigas,,Pacific Oyster,OsHV-1,1998,Field,Snowball,,NA,NA,NA,NA,
27,Renault & Arzul 2001,2001,Herpes-like virus infections in hatchery-reared bivalve larvae in Europe: speci®c viral DNA detection by PCR,https://onlinelibrary.wiley.com/doi/pdfdirect/10.1046/j.1365-2761.2001.00282.x,NA,France,NA,"49.717346, -1.907873","49.717346, -1.907873",49.717346,-1.907873,Ruditapes decussatus,,Clam,OsHV-1,1998,Field,Snowball,,NA,NA,NA,NA,
27,Renault & Arzul 2001,2001,Herpes-like virus infections in hatchery-reared bivalve larvae in Europe: speci®c viral DNA detection by PCR,https://onlinelibrary.wiley.com/doi/pdfdirect/10.1046/j.1365-2761.2001.00282.x,NA,Spain,NA,"43.753142, -7.727630","43.753142, -7.727630",43.753142,-7.72763,Ruditapes phillipinarum,,Clam,OsHV-1,1999,Field,Snowball,,NA,NA,NA,NA,
27,Renault & Arzul 2001,2001,Herpes-like virus infections in hatchery-reared bivalve larvae in Europe: speci®c viral DNA detection by PCR,https://onlinelibrary.wiley.com/doi/pdfdirect/10.1046/j.1365-2761.2001.00282.x,NA,United Kingdom,NA,"53.637027, -4.747346","53.637027, -4.747346",53.637027,-4.747346,Magallana gigas,,Pacific Oyster,OsHV-1,1999,Field,Snowball,,NA,NA,NA,NA,
27,Renault & Arzul 2001,2001,Herpes-like virus infections in hatchery-reared bivalve larvae in Europe: speci®c viral DNA detection by PCR,https://onlinelibrary.wiley.com/doi/pdfdirect/10.1046/j.1365-2761.2001.00282.x,NA,France,NA,"47.034744, -2.133321","47.034744, -2.133321",47.034744,-2.133321,Magallana gigas,,Pacific Oyster,OsHV-1,1999,Field,Snowball,,NA,NA,NA,NA,
27,Renault & Arzul 2001,2001,Herpes-like virus infections in hatchery-reared bivalve larvae in Europe: speci®c viral DNA detection by PCR,https://onlinelibrary.wiley.com/doi/pdfdirect/10.1046/j.1365-2761.2001.00282.x,NA,France,NA,"47.034744, -2.133321","47.034744, -2.133321",47.034744,-2.133321,Magallana gigas,,Pacific Oyster,OsHV-1,1999,Field,Snowball,,NA,NA,NA,NA,
27,Renault & Arzul 2001,2001,Herpes-like virus infections in hatchery-reared bivalve larvae in Europe: speci®c viral DNA detection by PCR,https://onlinelibrary.wiley.com/doi/pdfdirect/10.1046/j.1365-2761.2001.00282.x,NA,France,NA,"49.717346, -1.907873","49.717346, -1.907873",49.717346,-1.907873,Ruditapes decussatus,,Clam,OsHV-1,1999,Field,Snowball,,NA,NA,NA,NA,
27,Renault & Arzul 2001,2001,Herpes-like virus infections in hatchery-reared bivalve larvae in Europe: speci®c viral DNA detection by PCR,https://onlinelibrary.wiley.com/doi/pdfdirect/10.1046/j.1365-2761.2001.00282.x,NA,Spain,NA,"43.753142, -7.727630","43.753142, -7.727630",43.753142,-7.72763,Ruditapes phillipinarum,,Clam,OsHV-1,2000,Field,Snowball,,NA,NA,NA,NA,
27,Renault & Arzul 2001,2001,Herpes-like virus infections in hatchery-reared bivalve larvae in Europe: speci®c viral DNA detection by PCR,https://onlinelibrary.wiley.com/doi/pdfdirect/10.1046/j.1365-2761.2001.00282.x,NA,United Kingdom,NA,"53.637027, -4.747346","53.637027, -4.747346",53.637027,-4.747346,Magallana gigas,,Pacific Oyster,OsHV-1,2000,Field,Snowball,,NA,NA,NA,NA,
27,Renault & Arzul 2001,2001,Herpes-like virus infections in hatchery-reared bivalve larvae in Europe: speci®c viral DNA detection by PCR,https://onlinelibrary.wiley.com/doi/pdfdirect/10.1046/j.1365-2761.2001.00282.x,NA,France,NA,"47.034744, -2.133321","47.034744, -2.133321",47.034744,-2.133321,Magallana gigas,,Pacific Oyster,OsHV-1,2000,Field,Snowball,,NA,NA,NA,NA,
27,Renault & Arzul 2001,2001,Herpes-like virus infections in hatchery-reared bivalve larvae in Europe: speci®c viral DNA detection by PCR,https://onlinelibrary.wiley.com/doi/pdfdirect/10.1046/j.1365-2761.2001.00282.x,NA,France,NA,"47.034744, -2.133321","47.034744, -2.133321",47.034744,-2.133321,Magallana gigas,,Pacific Oyster,OsHV-1,2000,Field,Snowball,,NA,NA,NA,NA,
27,Renault & Arzul 2001,2001,Herpes-like virus infections in hatchery-reared bivalve larvae in Europe: speci®c viral DNA detection by PCR,https://onlinelibrary.wiley.com/doi/pdfdirect/10.1046/j.1365-2761.2001.00282.x,NA,France,NA,"49.717346, -1.907873","49.717346, -1.907873",49.717346,-1.907873,Ruditapes decussatus,,Clam,OsHV-1,2000,Field,Snowball,,NA,NA,NA,NA,
28,Hine et al. 1998,1998,Replication of a herpes-like virus in larvae of the flat oyster Tiostrea chilensis at ambient temperatures ,https://www.int-res.com/articles/dao/32/d032p161.pdf,Wellington Harbour,New Zealand,NA,"-41.283525, 174.832068

","-41.283525, 174.832068

",-41.283525,174.832068,Tiostrea chilensis,,Other Oyster,OsHV-1,NA,Field,Snowball,,NA,NA,NA,NA,
29,Hine et al. 1992,1992,Herpesviruses associated with mortalities among hatchery-reared larval Pacific oysters Crassostrea gigas,https://www.semanticscholar.org/paper/Herpesviruses-associated-with-mortalities-among-Hine-Wesney/8a0c4d9d9f6caa22a79308d04334dbf980ac8eab,Mahurangi,New Zealand,NA,"-36.476935, 174.722596","-36.476935, 174.722596",-36.476935,174.722596,Magallana gigas,,Pacific Oyster,Herpesvirus,1991,Field,Snowball,,NA,NA,NA,NA,
30,Nicolas et al. 1992,1992,Herpes-like virus infecting Pacific-oyster larvae Crassostrea gigas,http://eafp.org/download/1992-Volume12/Issue%201/3-Nicolas%20et%20al.pdf,NA,France,NA,"49.717346, -1.907873","49.717346, -1.907873",49.717346,-1.907873,Magallana gigas,,Pacific Oyster,Herpes-like virus,1991,Field,Snowball,,NA,NA,NA,NA,
31,Comps & Cochennec 1993,1993,A Herpes-like Virus from the European Oyster Ostrea edulis L.,https://www.sciencedirect.com/science/article/pii/S0022201183710980?via%3Dihub,Breton (Brittany),France,NA,"48.431392, -4.759700","48.431392, -4.759700",48.431392,-4.7597,Ostrea edulis,,Other Oyster,Herpes-like virus,NA,Field,Snowball,,NA,NA,NA,NA,
45,Hwang et al. 2013,2013,Ostreid herpesvirus 1 infection in farmed Pacific oyster larvae Crassostrea gigas (Thunberg) in Korea,https://europepmc.org/article/MED/23957681,Toongyoung,Korea,NA,"34.851386, 128.451258

","34.851386, 128.451258

",34.851386,128.451258,Magallana gigas,,Pacific Oyster,OsHV-1 μVar ,2011,Field,Snowball,,Individuals,NA,NA,NA,
45,Hwang et al. 2013,2013,Ostreid herpesvirus 1 infection in farmed Pacific oyster larvae Crassostrea gigas (Thunberg) in Korea,https://europepmc.org/article/MED/23957681,Gaejae,Korea,NA,"34.853509, 128.479269

","34.853509, 128.479269

",34.853509,128.479269,Magallana gigas,,Pacific Oyster,OsHV-1 μVar ,2011,Field,Snowball,,Individuals,NA,NA,NA,
46,Gao et al. 2018,2018,Real-time quantitative isothermal detection of Ostreid herpesvirus-1 DNA in Scapharca subcrenata using recombinase polymerase amplification,https://www.sciencedirect.com/science/article/pii/S0166093417307577?casa_token=6sAbE2BQTr8AAAAA:IJEZyboQVPTKy6Ql4HtvBepn9L8VMWhOBvkw4t35Xrb_xclCDSDM8_0iqNrSq4g9fT5ZPIYtW90,"Dongshan Pier, Guangdong Province",China,NA,"23.678811, 117.413670

","23.678811, 117.413670

",23.678811,117.41367,Scapharca subcrenata,,Clam,OsHV-1,2017,Field,Web of Science,,Individuals,NA,50,NA,
48,Burge et al. 2011,2011,"Detection of the oyster herpesvirus in commercial bivalve in northern California, USA: conventional and quantitative PCR",https://www.int-res.com/abstracts/dao/v94/n2/p107-116/,"Tomales Bay, California",USA,NA,"38.210853, -122.932268","38.210853, -122.932268",38.210853,-122.932268,Mytilus galloprovincialis,Mediterranean Mussel,Mussel,OsHV,2003,Field,Web of Science,,Individuals,NA,60,NA,
50,de Kantzow et al. 2017,2017,"Risk factors for mortality during the first occurrence of Pacific Oyster Mortality Syndrome due to Ostreid herpesvirus – 1 in Tasmania, 2016",https://www.sciencedirect.com/science/article/pii/S0044848616307256,"Upper Pitt Water, Tasmania",Australia,NA,"-42.802993, 147.469562

","-42.802993, 147.469562

",-42.802993,147.469562,Magallana gigas,,Pacific Oyster,OsHV-1 μVar,2016,Field,Snowball,,Individuals,NA,NA,NA,
50,de Kantzow et al. 2017,2017,"Risk factors for mortality during the first occurrence of Pacific Oyster Mortality Syndrome due to Ostreid herpesvirus – 1 in Tasmania, 2016",https://www.sciencedirect.com/science/article/pii/S0044848616307256,"Lower Pitt Water, Tasmania",Australia,NA,"-42.815613, 147.573808

","-42.815613, 147.573808

",-42.815613,147.573808,Magallana gigas,,Pacific Oyster,OsHV-1 μVar,2016,Field,Snowball,,Individuals,NA,NA,NA,
50,de Kantzow et al. 2017,2017,"Risk factors for mortality during the first occurrence of Pacific Oyster Mortality Syndrome due to Ostreid herpesvirus – 1 in Tasmania, 2016",https://www.sciencedirect.com/science/article/pii/S0044848616307256,"Blackmans' Bay, Tasmania",Australia,NA,"-42.848889, 147.866323

","-42.848889, 147.866323

",-42.848889,147.866323,Magallana gigas,,Pacific Oyster,OsHV-1 μVar,2016,Field,Snowball,,Individuals,NA,NA,NA,
52,Chen et al. 2013,2013,A preliminary study of differentially expressed genes of the scallop Chlamys farreri against acute viral necrobiotic virus (AVNV),https://www.sciencedirect.com/science/article/pii/S1050464813000910?via%3Dihub,"Weihai, Shandong",China,NA,"37.510880, 122.139127","37.510880, 122.139127",37.51088,122.139127,Chlamys farreri,,Scallop,AVNV,NA,Lab,Web of Science,,Individuals,NA,NA,NA,
53,Chen et al. 2011,2011,Haemocyte protein expression profiling of scallop Chlamys farreri response to acute viral necrosis virus (AVNV) infection,https://www.sciencedirect.com/science/article/pii/S0145305X11000942?via%3Dihub,"Yantai, Shandong",China,NA,"37.604696, 121.350849","37.604696, 121.350849",37.604696,121.350849,Chlamys farreri,,Scallop,AVNV,NA,Lab,Web of Science,,Individuals,NA,NA,NA,
54,Ren et al. 2013,2013,"Complete genome sequence of acute viral necrosis virus associated with massive mortality outbreaks in the Chinese scallop, Chlamys farreri",https://virologyj.biomedcentral.com/articles/10.1186/1743-422X-10-110,Qingdao,China,NA,"36.059298, 120.384721

","36.059298, 120.384721

",36.059298,120.384721,Chlamys farreri,,Scallop,AVNV,2007,Field,Snowball,,NA,NA,NA,NA,
55,Huang et al. 2022,2022,"Iron Regulatory Protein 1 Inhibits Ferritin Translation Responding to OsHV-1 Infection in Ark Clams, Scapharca Broughtonii",https://www.mdpi.com/2073-4409/11/6/982,"Rizhao, Shandong",China,NA,"35.405295, 119.569974","35.405295, 119.569974",35.405295,119.569974,Scapharca broughtonii,Ark Clam,Clam,OsHV-1,NA,Lab,Web of Science,,NA,NA,NA,NA,
58,de Lorgeril et al. 2018,2018,Inefficient immune response is associated with microbial permissiveness in juvenile oysters affected by mass mortalities on field,https://www.sciencedirect.com/science/article/pii/S105046481830144X?via%3Dihub,"La Tremblade, Charente Maritime",France,NA,"43.379087, 3.571483","43.379087, 3.571483",43.379087,3.571483,Magallana gigas,,Pacific Oyster,OsHV-1 μVar,2010,Field,Web of Science,,NA,NA,NA,NA,
60,Corporeau et al. 2022,2022,Harsh intertidal environment enhances metabolism and immunity in oyster (Crassostrea gigas) spat,https://www.sciencedirect.com/science/article/pii/S0141113622001544?via%3Dihub,Brittany,France,NA,"48◦ 20′ 06.19′′ N, 4◦ 19′ 06.37′′ W","48.605617, -2.647681",48.605617,-2.647681,Magallana gigas,,Pacific Oyster,OsHV-1 μVar,2018,Field,Web of Science,,Individuals,NA,125,3240000,
62,Xin et al. 2020,2020,"Influence of temperature on the pathogenicity of Ostreid herpesvirus-1 in ark clam, Scapharca broughtonii",https://www.sciencedirect.com/science/article/pii/S0022201118303707?via%3Dihub,"Jimo, Qingdao",China,NA,"36.409390, 120.735734","36.409390, 120.735734",36.40939,120.735734,Scapharca broughtonii,Ark Clam,Clam,OsHV-1,NA,Lab,Web of Science,,Individuals,NA,NA,280000,
63,Cochennec-Laureau et al. 2011,2011,"Les surmortalités des naissains d’huîtres creuses, Crassostrea gigas : acquis des recherches en 2010",https://archimer.ifremer.fr/doc/00033/14423/11719.pdf,NA,France,NA,"49.717346, -1.907873","49.717346, -1.907873",49.717346,-1.907873,Donax trunculus,Wedge clam,Clam,OsHV-1 μVar,2010,Field,Web of Science,,Individuals,NA,NA,NA,
63,Cochennec-Laureau et al. 2011,2011,"Les surmortalités des naissains d’huîtres creuses, Crassostrea gigas : acquis des recherches en 2010",https://archimer.ifremer.fr/doc/00033/14423/11719.pdf,NA,France,NA,"49.717346, -1.907873","49.717346, -1.907873",49.717346,-1.907873,Mytilus edulis,,Mussel,OsHV-1 μVar,2010,Field,Web of Science,,Individuals,NA,NA,NA,
63,Cochennec-Laureau et al. 2011,2011,"Les surmortalités des naissains d’huîtres creuses, Crassostrea gigas : acquis des recherches en 2010",https://archimer.ifremer.fr/doc/00033/14423/11719.pdf,NA,France,NA,"49.717346, -1.907873","49.717346, -1.907873",49.717346,-1.907873,Mytilus galloprovincialis,,Mussel,OsHV-1 μVar,2010,Field,Web of Science,,Individuals,NA,NA,NA,
64,Fleury et al. 2020,2020,"Latitudinal drivers of oyster mortality: deciphering host, pathogen and environmental risk factors",https://www.nature.com/articles/s41598-020-64086-1,Daoulas,France,NA,"48.358462, -4.262282","48.358462, -4.262282",48.358462,-4.262282,Magallana gigas,,Pacific Oyster,OsHV-1 μVar,2013,Field,Web of Science,,Individuals,NA,NA,NA,
64,Fleury et al. 2020,2020,"Latitudinal drivers of oyster mortality: deciphering host, pathogen and environmental risk factors",https://www.nature.com/articles/s41598-020-64086-1,Morlaix,France,NA,"48.626160, -3.850698","48.626160, -3.850698",48.62616,-3.850698,Magallana gigas,,Pacific Oyster,OsHV-1 μVar,2013,Field,Web of Science,,Individuals,NA,NA,NA,
64,Fleury et al. 2020,2020,"Latitudinal drivers of oyster mortality: deciphering host, pathogen and environmental risk factors",https://www.nature.com/articles/s41598-020-64086-1,Quiberon,France,NA,"47.476146, -3.118308","47.476146, -3.118308",47.476146,-3.118308,Magallana gigas,,Pacific Oyster,OsHV-1 μVar,2013,Field,Web of Science,,Individuals,NA,NA,NA,
64,Fleury et al. 2020,2020,"Latitudinal drivers of oyster mortality: deciphering host, pathogen and environmental risk factors",https://www.nature.com/articles/s41598-020-64086-1,Larmor-Baden,France,NA,"47.584854, -2.897819","47.584854, -2.897819",47.584854,-2.897819,Magallana gigas,,Pacific Oyster,OsHV-1 μVar,2013,Field,Web of Science,,Individuals,NA,NA,NA,
64,Fleury et al. 2020,2020,"Latitudinal drivers of oyster mortality: deciphering host, pathogen and environmental risk factors",https://www.nature.com/articles/s41598-020-64086-1,Penerf,France,NA,"47.509051, -2.628583","47.509051, -2.628583",47.509051,-2.628583,Magallana gigas,,Pacific Oyster,OsHV-1 μVar,2013,Field,Web of Science,,Individuals,NA,NA,NA,
64,Fleury et al. 2020,2020,"Latitudinal drivers of oyster mortality: deciphering host, pathogen and environmental risk factors",https://www.nature.com/articles/s41598-020-64086-1,Cancale,France,NA,"48.693255, -1.843815","48.693255, -1.843815",48.693255,-1.843815,Magallana gigas,,Pacific Oyster,OsHV-1 μVar,2013,Field,Web of Science,,Individuals,NA,NA,NA,
64,Fleury et al. 2020,2020,"Latitudinal drivers of oyster mortality: deciphering host, pathogen and environmental risk factors",https://www.nature.com/articles/s41598-020-64086-1,Blainville,France,NA,"49.071897, -1.604905","49.071897, -1.604905",49.071897,-1.604905,Magallana gigas,,Pacific Oyster,OsHV-1 μVar,2013,Field,Web of Science,,Individuals,NA,NA,NA,
64,Fleury et al. 2020,2020,"Latitudinal drivers of oyster mortality: deciphering host, pathogen and environmental risk factors",https://www.nature.com/articles/s41598-020-64086-1,Loix,France,NA,"46.215422, -1.436790

","46.215422, -1.436790

",46.215422,-1.43679,Magallana gigas,,Pacific Oyster,OsHV-1 μVar,2013,Field,Web of Science,,Individuals,NA,NA,NA,
64,Fleury et al. 2020,2020,"Latitudinal drivers of oyster mortality: deciphering host, pathogen and environmental risk factors",https://www.nature.com/articles/s41598-020-64086-1,Arcachon,France,NA,"44.665969, -1.187203","44.665969, -1.187203",44.665969,-1.187203,Magallana gigas,,Pacific Oyster,OsHV-1 μVar,2013,Field,Web of Science,,Individuals,NA,NA,NA,
64,Fleury et al. 2020,2020,"Latitudinal drivers of oyster mortality: deciphering host, pathogen and environmental risk factors",https://www.nature.com/articles/s41598-020-64086-1,Bourgneuf,France,NA,"46.132575, -1.157959","46.132575, -1.157959",46.132575,-1.157959,Magallana gigas,,Pacific Oyster,OsHV-1 μVar,2013,Field,Web of Science,,Individuals,NA,NA,NA,
64,Fleury et al. 2020,2020,"Latitudinal drivers of oyster mortality: deciphering host, pathogen and environmental risk factors",https://www.nature.com/articles/s41598-020-64086-1,Grandcamp,France,NA,"49.390156, -1.047276","49.390156, -1.047276",49.390156,-1.047276,Magallana gigas,,Pacific Oyster,OsHV-1 μVar,2013,Field,Web of Science,,Individuals,NA,NA,NA,
64,Fleury et al. 2020,2020,"Latitudinal drivers of oyster mortality: deciphering host, pathogen and environmental risk factors",https://www.nature.com/articles/s41598-020-64086-1,Agnas,France,NA,"45.596378, -1.047001","45.596378, -1.047001",45.596378,-1.047001,Magallana gigas,,Pacific Oyster,OsHV-1 μVar,2013,Field,Web of Science,,Individuals,NA,NA,NA,
64,Fleury et al. 2020,2020,"Latitudinal drivers of oyster mortality: deciphering host, pathogen and environmental risk factors",https://www.nature.com/articles/s41598-020-64086-1,Marseillan,France,NA,"43.322448, 3.565215","43.322448, 3.565215",43.322448,3.565215,Magallana gigas,,Pacific Oyster,OsHV-1 μVar,2013,Field,Web of Science,,Individuals,NA,NA,NA,
69,Pernet et al. 2012,2012,"Mass mortalities of Pacific oysters Crassostrea gigas reflect infectious diseases and vary with farming practices in the Mediterranean Thau lagoon, France",https://www.int-res.com/articles/feature/q002p215.pdf,Thau Lagoon,France,NA,"43.379087, 3.571483","43.379087, 3.571483",43.379087,3.571483,Magallana gigas,,Pacific Oyster,OsHV-1 μVar,2009,Field,Web of Science,,Pools,NA,NA,97500000,Fig. 3A
69,Pernet et al. 2012,2012,"Mass mortalities of Pacific oysters Crassostrea gigas reflect infectious diseases and vary with farming practices in the Mediterranean Thau lagoon, France",https://www.int-res.com/articles/feature/q002p215.pdf,Thau Lagoon,France,NA,"43.379087, 3.571483","43.379087, 3.571483",43.379087,3.571483,Magallana gigas,,Pacific Oyster,OsHV-1 μVar,2010,Field,Web of Science,,Individuals,NA,NA,94000000,Fig. 3A
70,Pernet et al. 2018,2018,Determination of risk factors for herpesvirus outbreak in oysters using a broad-scale spatial epidemiology framework,https://www.nature.com/articles/s41598-018-29238-4,"Inshore Intertidal Table, Le Pô",France,"47.5684208,-3.1113752",NA,"47.5684208,-3.1113752",47.5684208,-3.1113752,Magallana gigas,,Pacific Oyster,OsHV-1 μVar,2013,Field,Web of Science,,Individuals,NA,NA,240000,GPS / Site data in Supplementary
70,Pernet et al. 2018,2018,Determination of risk factors for herpesvirus outbreak in oysters using a broad-scale spatial epidemiology framework,https://www.nature.com/articles/s41598-018-29238-4,"Offshore Subtidal Mooring,  Le Pô",France,"47.5456374,-3.0830097",NA,"47.5456374,-3.0830097",47.5456374,-3.0830097,Magallana gigas,,Pacific Oyster,OsHV-1 μVar,2013,Field,Web of Science,,Individuals,NA,NA,1400,GPS / Site data in Supplementary
70,Pernet et al. 2018,2018,Determination of risk factors for herpesvirus outbreak in oysters using a broad-scale spatial epidemiology framework,https://www.nature.com/articles/s41598-018-29238-4,"Offshore Subtidal Mooring, Crac'h",France,"47.5489369,-3.0557266",NA,"47.5489369,-3.0557266",47.5489369,-3.0557266,Magallana gigas,,Pacific Oyster,OsHV-1 μVar,2013,Field,Web of Science,,Individuals,NA,NA,13000000,GPS / Site data in Supplementary
70,Pernet et al. 2018,2018,Determination of risk factors for herpesvirus outbreak in oysters using a broad-scale spatial epidemiology framework,https://www.nature.com/articles/s41598-018-29238-4,"Offshore Subtidal Mooring, Crac'h",France,"47.5608697,-3.0414430",NA,"47.5608697,-3.0414430",47.5608697,-3.041443,Magallana gigas,,Pacific Oyster,OsHV-1 μVar,2013,Field,Web of Science,,Individuals,NA,NA,2300,GPS / Site data in Supplementary
70,Pernet et al. 2018,2018,Determination of risk factors for herpesvirus outbreak in oysters using a broad-scale spatial epidemiology framework,https://www.nature.com/articles/s41598-018-29238-4,"Offshore Subtidal Mooring, Crac'h",France,"47.5502559,-3.0282074",NA,"47.5502559,-3.0282074",47.5502559,-3.0282074,Magallana gigas,,Pacific Oyster,OsHV-1 μVar,2013,Field,Web of Science,,Individuals,NA,NA,7000,GPS / Site data in Supplementary
70,Pernet et al. 2018,2018,Determination of risk factors for herpesvirus outbreak in oysters using a broad-scale spatial epidemiology framework,https://www.nature.com/articles/s41598-018-29238-4,"Inshore Intertidal Table, Crac'h",France,"47.5780190,-3.0144760",NA,"47.5780190,-3.0144760",47.578019,-3.014476,Magallana gigas,,Pacific Oyster,OsHV-1 μVar,2013,Field,Web of Science,,Individuals,NA,NA,180000,GPS / Site data in Supplementary
70,Pernet et al. 2018,2018,Determination of risk factors for herpesvirus outbreak in oysters using a broad-scale spatial epidemiology framework,https://www.nature.com/articles/s41598-018-29238-4,"Offshore Subtida Mooring, Morbihan",France,"47.5388851,-2.9458279",NA,"47.5388851,-2.9458279",47.5388851,-2.9458279,Magallana gigas,,Pacific Oyster,OsHV-1 μVar,2013,Field,Web of Science,,Individuals,NA,NA,87000,GPS / Site data in Supplementary
70,Pernet et al. 2018,2018,Determination of risk factors for herpesvirus outbreak in oysters using a broad-scale spatial epidemiology framework,https://www.nature.com/articles/s41598-018-29238-4,"Offshore Subtidal Mooring, Morbihan",France,"47.5512346, -2.9309443",NA,"47.5512346, -2.9309443",47.5512346,-2.9309443,Magallana gigas,,Pacific Oyster,OsHV-1 μVar,2013,Field,Web of Science,,Individuals,NA,NA,230000,GPS / Site data in Supplementary
70,Pernet et al. 2018,2018,Determination of risk factors for herpesvirus outbreak in oysters using a broad-scale spatial epidemiology framework,https://www.nature.com/articles/s41598-018-29238-4,"Inshore Intertidal Table, Morbihan",France,"47.5672010,-2.9308103",NA,"47.5672010,-2.9308103",47.567201,-2.9308103,Magallana gigas,,Pacific Oyster,OsHV-1 μVar,2013,Field,Web of Science,,Individuals,NA,NA,7600,GPS / Site data in Supplementary
70,Pernet et al. 2018,2018,Determination of risk factors for herpesvirus outbreak in oysters using a broad-scale spatial epidemiology framework,https://www.nature.com/articles/s41598-018-29238-4,Penerf,France,"47.5107797, -2.6329842",NA,"47.5107797, -2.6329842",47.5107797,-2.6329842,Magallana gigas,,Pacific Oyster,OsHV-1 μVar,2013,Field,Web of Science,,Individuals,NA,NA,25000,GPS / Site data in Supplementary
74,Whittington et al. 2019,2019,Long-term temporal and spatial patterns of Ostreid herpesvirus 1 (OsHV-1) infection and mortality in sentinel Pacific oyster spat (Crassostrea gigas) inform farm management,https://www.sciencedirect.com/science/article/pii/S0044848619307513,"Site B, Hawkesbury River Estuary",Australia,NA,"-34.026340, 151.140668

","-34.026340, 151.140668

",-34.02634,151.140668,Magallana gigas,,Pacific Oyster,OsHV-1 μVar,2012,Field,Web of Science,,Individuals,NA,NA,NA,"Prevalence and Copy Numbers pooled across austral summer & site, cannot be extracted w/o contacting authors"
74,Whittington et al. 2019,2019,Long-term temporal and spatial patterns of Ostreid herpesvirus 1 (OsHV-1) infection and mortality in sentinel Pacific oyster spat (Crassostrea gigas) inform farm management,https://www.sciencedirect.com/science/article/pii/S0044848619307513,"Marramarra Creek, Georges River Estuary",Australia,NA,"-33.524691, 151.140707

","-33.524691, 151.140707

",-33.524691,151.140707,Magallana gigas,,Pacific Oyster,OsHV-1 μVar,2012,Field,Web of Science,,Individuals,NA,NA,NA,"Prevalence and Copy Numbers pooled across austral summer & site, cannot be extracted w/o contacting authors"
74,Whittington et al. 2019,2019,Long-term temporal and spatial patterns of Ostreid herpesvirus 1 (OsHV-1) infection and mortality in sentinel Pacific oyster spat (Crassostrea gigas) inform farm management,https://www.sciencedirect.com/science/article/pii/S0044848619307513,"Site A, Hawkesbury River Estuary",Australia,NA,"-34.009025, 151.146594

","-34.009025, 151.146594

",-34.009025,151.146594,Magallana gigas,,Pacific Oyster,OsHV-1 μVar,2012,Field,Web of Science,,Individuals,NA,NA,NA,"Prevalence and Copy Numbers pooled across austral summer & site, cannot be extracted w/o contacting authors"
74,Whittington et al. 2019,2019,Long-term temporal and spatial patterns of Ostreid herpesvirus 1 (OsHV-1) infection and mortality in sentinel Pacific oyster spat (Crassostrea gigas) inform farm management,https://www.sciencedirect.com/science/article/pii/S0044848619307513,"Site C, Hawkesbury River Estuary",Australia,NA,"-34.034890, 151.149019

","-34.034890, 151.149019

",-34.03489,151.149019,Magallana gigas,,Pacific Oyster,OsHV-1 μVar,2012,Field,Web of Science,,Individuals,NA,NA,NA,"Prevalence and Copy Numbers pooled across austral summer & site, cannot be extracted w/o contacting authors"
74,Whittington et al. 2019,2019,Long-term temporal and spatial patterns of Ostreid herpesvirus 1 (OsHV-1) infection and mortality in sentinel Pacific oyster spat (Crassostrea gigas) inform farm management,https://www.sciencedirect.com/science/article/pii/S0044848619307513,"Kimmerikong Bay, Georges River Estuary",Australia,NA,"-33.547661295076125, 151.15438977805232","-33.547661295076125, 151.15438977805232",-33.5476613,151.1543898,Magallana gigas,,Pacific Oyster,OsHV-1 μVar,2012,Field,Web of Science,,Individuals,NA,NA,NA,"Prevalence and Copy Numbers pooled across austral summer & site, cannot be extracted w/o contacting authors"
74,Whittington et al. 2019,2019,Long-term temporal and spatial patterns of Ostreid herpesvirus 1 (OsHV-1) infection and mortality in sentinel Pacific oyster spat (Crassostrea gigas) inform farm management,https://www.sciencedirect.com/science/article/pii/S0044848619307513,"Porto Bay, Georges River Estuary",Australia,NA,"-33.515123, 151.236633

","-33.515123, 151.236633

",-33.515123,151.236633,Magallana gigas,,Pacific Oyster,OsHV-1 μVar,2012,Field,Web of Science,,Individuals,NA,NA,NA,"Prevalence and Copy Numbers pooled across austral summer & site, cannot be extracted w/o contacting authors"
74,Whittington et al. 2019,2019,Long-term temporal and spatial patterns of Ostreid herpesvirus 1 (OsHV-1) infection and mortality in sentinel Pacific oyster spat (Crassostrea gigas) inform farm management,https://www.sciencedirect.com/science/article/pii/S0044848619307513,"Mullet Creek, Georges River Estuary",Australia,NA,"33.516612, 151.237209","33.516612, 151.237209",33.516612,151.237209,Magallana gigas,,Pacific Oyster,OsHV-1 μVar,2012,Field,Web of Science,,Individuals,NA,NA,NA,"Prevalence and Copy Numbers pooled across austral summer & site, cannot be extracted w/o contacting authors"
74,Whittington et al. 2019,2019,Long-term temporal and spatial patterns of Ostreid herpesvirus 1 (OsHV-1) infection and mortality in sentinel Pacific oyster spat (Crassostrea gigas) inform farm management,https://www.sciencedirect.com/science/article/pii/S0044848619307513,"Patonga Creek, Georges River Estuary",Australia,NA,"-33.539670, 151.264963

","-33.539670, 151.264963

",-33.53967,151.264963,Magallana gigas,,Pacific Oyster,OsHV-1 μVar,2012,Field,Web of Science,,Individuals,NA,NA,NA,"Prevalence and Copy Numbers pooled across austral summer & site, cannot be extracted w/o contacting authors"
74,Whittington et al. 2019,2019,Long-term temporal and spatial patterns of Ostreid herpesvirus 1 (OsHV-1) infection and mortality in sentinel Pacific oyster spat (Crassostrea gigas) inform farm management,https://www.sciencedirect.com/science/article/pii/S0044848619307513,"Limekiln Bar, Hawkesbury River Estuary",Australia,NA,"-33.588996, 151.117076

","-33.588996, 151.117076

",-33.588996,151.117076,Magallana gigas,,Pacific Oyster,OsHV-1 μVar,2013,Field,Web of Science,,Individuals,NA,NA,NA,"Prevalence and Copy Numbers pooled across austral summer & site, cannot be extracted w/o contacting authors"
74,Whittington et al. 2019,2019,Long-term temporal and spatial patterns of Ostreid herpesvirus 1 (OsHV-1) infection and mortality in sentinel Pacific oyster spat (Crassostrea gigas) inform farm management,https://www.sciencedirect.com/science/article/pii/S0044848619307513,"Sylvania Waters, Hawkesbury River Estuary",Australia,NA,"-34.015148, 151.117368

","-34.015148, 151.117368

",-34.015148,151.117368,Magallana gigas,,Pacific Oyster,OsHV-1 μVar,2013,Field,Web of Science,,Individuals,NA,NA,NA,"Prevalence and Copy Numbers pooled across austral summer & site, cannot be extracted w/o contacting authors"
74,Whittington et al. 2019,2019,Long-term temporal and spatial patterns of Ostreid herpesvirus 1 (OsHV-1) infection and mortality in sentinel Pacific oyster spat (Crassostrea gigas) inform farm management,https://www.sciencedirect.com/science/article/pii/S0044848619307513,"Neverfail Bay, Hawkesbury River Estuary",Australia,NA,"-33.576791, 151.130190

","-33.576791, 151.130190

",-33.576791,151.13019,Magallana gigas,,Pacific Oyster,OsHV-1 μVar,2013,Field,Web of Science,,Individuals,NA,NA,NA,"Prevalence and Copy Numbers pooled across austral summer & site, cannot be extracted w/o contacting authors"
74,Whittington et al. 2019,2019,Long-term temporal and spatial patterns of Ostreid herpesvirus 1 (OsHV-1) infection and mortality in sentinel Pacific oyster spat (Crassostrea gigas) inform farm management,https://www.sciencedirect.com/science/article/pii/S0044848619307513,"Site B, Hawkesbury River Estuary",Australia,NA,"-34.026340, 151.140668

","-34.026340, 151.140668

",-34.02634,151.140668,Magallana gigas,,Pacific Oyster,OsHV-1 μVar,2013,Field,Web of Science,,Individuals,NA,NA,NA,"Prevalence and Copy Numbers pooled across austral summer & site, cannot be extracted w/o contacting authors"
74,Whittington et al. 2019,2019,Long-term temporal and spatial patterns of Ostreid herpesvirus 1 (OsHV-1) infection and mortality in sentinel Pacific oyster spat (Crassostrea gigas) inform farm management,https://www.sciencedirect.com/science/article/pii/S0044848619307513,"Marramarra Creek, Georges River Estuary",Australia,NA,"-33.524691, 151.140707

","-33.524691, 151.140707

",-33.524691,151.140707,Magallana gigas,,Pacific Oyster,OsHV-1 μVar,2013,Field,Web of Science,,Individuals,NA,NA,NA,"Prevalence and Copy Numbers pooled across austral summer & site, cannot be extracted w/o contacting authors"
74,Whittington et al. 2019,2019,Long-term temporal and spatial patterns of Ostreid herpesvirus 1 (OsHV-1) infection and mortality in sentinel Pacific oyster spat (Crassostrea gigas) inform farm management,https://www.sciencedirect.com/science/article/pii/S0044848619307513,"Site A, Hawkesbury River Estuary",Australia,NA,"-34.009025, 151.146594

","-34.009025, 151.146594

",-34.009025,151.146594,Magallana gigas,,Pacific Oyster,OsHV-1 μVar,2013,Field,Web of Science,,Individuals,NA,NA,NA,"Prevalence and Copy Numbers pooled across austral summer & site, cannot be extracted w/o contacting authors"
74,Whittington et al. 2019,2019,Long-term temporal and spatial patterns of Ostreid herpesvirus 1 (OsHV-1) infection and mortality in sentinel Pacific oyster spat (Crassostrea gigas) inform farm management,https://www.sciencedirect.com/science/article/pii/S0044848619307513,"Site C, Hawkesbury River Estuary",Australia,NA,"-34.034890, 151.149019

","-34.034890, 151.149019

",-34.03489,151.149019,Magallana gigas,,Pacific Oyster,OsHV-1 μVar,2013,Field,Web of Science,,Individuals,NA,NA,NA,"Prevalence and Copy Numbers pooled across austral summer & site, cannot be extracted w/o contacting authors"
74,Whittington et al. 2019,2019,Long-term temporal and spatial patterns of Ostreid herpesvirus 1 (OsHV-1) infection and mortality in sentinel Pacific oyster spat (Crassostrea gigas) inform farm management,https://www.sciencedirect.com/science/article/pii/S0044848619307513,"The Shed, Hawkesbury River Estuary",Australia,NA,"-34.038334, 151.151312

","-34.038334, 151.151312

",-34.038334,151.151312,Magallana gigas,,Pacific Oyster,OsHV-1 μVar,2013,Field,Web of Science,,Individuals,NA,NA,NA,"Prevalence and Copy Numbers pooled across austral summer & site, cannot be extracted w/o contacting authors"
74,Whittington et al. 2019,2019,Long-term temporal and spatial patterns of Ostreid herpesvirus 1 (OsHV-1) infection and mortality in sentinel Pacific oyster spat (Crassostrea gigas) inform farm management,https://www.sciencedirect.com/science/article/pii/S0044848619307513,"Pelican Gut, Hawkesbury River Estuary",Australia,NA,"-34.006447, 151.152415

","-34.006447, 151.152415

",-34.006447,151.152415,Magallana gigas,,Pacific Oyster,OsHV-1 μVar,2013,Field,Web of Science,,Individuals,NA,NA,NA,"Prevalence and Copy Numbers pooled across austral summer & site, cannot be extracted w/o contacting authors"
74,Whittington et al. 2019,2019,Long-term temporal and spatial patterns of Ostreid herpesvirus 1 (OsHV-1) infection and mortality in sentinel Pacific oyster spat (Crassostrea gigas) inform farm management,https://www.sciencedirect.com/science/article/pii/S0044848619307513,"Kimmerikong Bay, Georges River Estuary",Australia,NA,"-33.547661295076125, 151.15438977805232","-33.547661295076125, 151.15438977805232",-33.5476613,151.1543898,Magallana gigas,,Pacific Oyster,OsHV-1 μVar,2013,Field,Web of Science,,Individuals,NA,NA,NA,"Prevalence and Copy Numbers pooled across austral summer & site, cannot be extracted w/o contacting authors"
74,Whittington et al. 2019,2019,Long-term temporal and spatial patterns of Ostreid herpesvirus 1 (OsHV-1) infection and mortality in sentinel Pacific oyster spat (Crassostrea gigas) inform farm management,https://www.sciencedirect.com/science/article/pii/S0044848619307513,"Porto Bay, Georges River Estuary",Australia,NA,"-33.515123, 151.236633

","-33.515123, 151.236633

",-33.515123,151.236633,Magallana gigas,,Pacific Oyster,OsHV-1 μVar,2013,Field,Web of Science,,Individuals,NA,NA,NA,"Prevalence and Copy Numbers pooled across austral summer & site, cannot be extracted w/o contacting authors"
74,Whittington et al. 2019,2019,Long-term temporal and spatial patterns of Ostreid herpesvirus 1 (OsHV-1) infection and mortality in sentinel Pacific oyster spat (Crassostrea gigas) inform farm management,https://www.sciencedirect.com/science/article/pii/S0044848619307513,"Mullet Creek, Georges River Estuary",Australia,NA,"33.516612, 151.237209","33.516612, 151.237209",33.516612,151.237209,Magallana gigas,,Pacific Oyster,OsHV-1 μVar,2013,Field,Web of Science,,Individuals,NA,NA,NA,"Prevalence and Copy Numbers pooled across austral summer & site, cannot be extracted w/o contacting authors"
74,Whittington et al. 2019,2019,Long-term temporal and spatial patterns of Ostreid herpesvirus 1 (OsHV-1) infection and mortality in sentinel Pacific oyster spat (Crassostrea gigas) inform farm management,https://www.sciencedirect.com/science/article/pii/S0044848619307513,"Patonga Creek, Georges River Estuary",Australia,NA,"-33.539670, 151.264963

","-33.539670, 151.264963

",-33.53967,151.264963,Magallana gigas,,Pacific Oyster,OsHV-1 μVar,2013,Field,Web of Science,,Individuals,NA,NA,NA,"Prevalence and Copy Numbers pooled across austral summer & site, cannot be extracted w/o contacting authors"
74,Whittington et al. 2019,2019,Long-term temporal and spatial patterns of Ostreid herpesvirus 1 (OsHV-1) infection and mortality in sentinel Pacific oyster spat (Crassostrea gigas) inform farm management,https://www.sciencedirect.com/science/article/pii/S0044848619307513,"Limekiln Bar, Hawkesbury River Estuary",Australia,NA,"-33.588996, 151.117076

","-33.588996, 151.117076

",-33.588996,151.117076,Magallana gigas,,Pacific Oyster,OsHV-1 μVar,2014,Field,Web of Science,,Individuals,NA,NA,NA,"Prevalence and Copy Numbers pooled across austral summer & site, cannot be extracted w/o contacting authors"
74,Whittington et al. 2019,2019,Long-term temporal and spatial patterns of Ostreid herpesvirus 1 (OsHV-1) infection and mortality in sentinel Pacific oyster spat (Crassostrea gigas) inform farm management,https://www.sciencedirect.com/science/article/pii/S0044848619307513,"Sylvania Waters, Hawkesbury River Estuary",Australia,NA,"-34.015148, 151.117368

","-34.015148, 151.117368

",-34.015148,151.117368,Magallana gigas,,Pacific Oyster,OsHV-1 μVar,2014,Field,Web of Science,,Individuals,NA,NA,NA,"Prevalence and Copy Numbers pooled across austral summer & site, cannot be extracted w/o contacting authors"
74,Whittington et al. 2019,2019,Long-term temporal and spatial patterns of Ostreid herpesvirus 1 (OsHV-1) infection and mortality in sentinel Pacific oyster spat (Crassostrea gigas) inform farm management,https://www.sciencedirect.com/science/article/pii/S0044848619307513,"Neverfail Bay, Hawkesbury River Estuary",Australia,NA,"-33.576791, 151.130190

","-33.576791, 151.130190

",-33.576791,151.13019,Magallana gigas,,Pacific Oyster,OsHV-1 μVar,2014,Field,Web of Science,,Individuals,NA,NA,NA,"Prevalence and Copy Numbers pooled across austral summer & site, cannot be extracted w/o contacting authors"
74,Whittington et al. 2019,2019,Long-term temporal and spatial patterns of Ostreid herpesvirus 1 (OsHV-1) infection and mortality in sentinel Pacific oyster spat (Crassostrea gigas) inform farm management,https://www.sciencedirect.com/science/article/pii/S0044848619307513,"Coba Bay, Georges River Estuary",Australia,NA,"-33.544140, 151.137441

","-33.544140, 151.137441

",-33.54414,151.137441,Magallana gigas,,Pacific Oyster,OsHV-1 μVar,2014,Field,Web of Science,,Individuals,NA,NA,NA,"Prevalence and Copy Numbers pooled across austral summer & site, cannot be extracted w/o contacting authors"
74,Whittington et al. 2019,2019,Long-term temporal and spatial patterns of Ostreid herpesvirus 1 (OsHV-1) infection and mortality in sentinel Pacific oyster spat (Crassostrea gigas) inform farm management,https://www.sciencedirect.com/science/article/pii/S0044848619307513,"Site B, Hawkesbury River Estuary",Australia,NA,"-34.026340, 151.140668

","-34.026340, 151.140668

",-34.02634,151.140668,Magallana gigas,,Pacific Oyster,OsHV-1 μVar,2014,Field,Web of Science,,Individuals,NA,NA,NA,"Prevalence and Copy Numbers pooled across austral summer & site, cannot be extracted w/o contacting authors"
74,Whittington et al. 2019,2019,Long-term temporal and spatial patterns of Ostreid herpesvirus 1 (OsHV-1) infection and mortality in sentinel Pacific oyster spat (Crassostrea gigas) inform farm management,https://www.sciencedirect.com/science/article/pii/S0044848619307513,"Marramarra Creek, Georges River Estuary",Australia,NA,"-33.524691, 151.140707

","-33.524691, 151.140707

",-33.524691,151.140707,Magallana gigas,,Pacific Oyster,OsHV-1 μVar,2014,Field,Web of Science,,Individuals,NA,NA,NA,"Prevalence and Copy Numbers pooled across austral summer & site, cannot be extracted w/o contacting authors"
74,Whittington et al. 2019,2019,Long-term temporal and spatial patterns of Ostreid herpesvirus 1 (OsHV-1) infection and mortality in sentinel Pacific oyster spat (Crassostrea gigas) inform farm management,https://www.sciencedirect.com/science/article/pii/S0044848619307513,"Site A, Hawkesbury River Estuary",Australia,NA,"-34.009025, 151.146594

","-34.009025, 151.146594

",-34.009025,151.146594,Magallana gigas,,Pacific Oyster,OsHV-1 μVar,2014,Field,Web of Science,,Individuals,NA,NA,NA,"Prevalence and Copy Numbers pooled across austral summer & site, cannot be extracted w/o contacting authors"
74,Whittington et al. 2019,2019,Long-term temporal and spatial patterns of Ostreid herpesvirus 1 (OsHV-1) infection and mortality in sentinel Pacific oyster spat (Crassostrea gigas) inform farm management,https://www.sciencedirect.com/science/article/pii/S0044848619307513,"Site C, Hawkesbury River Estuary",Australia,NA,"-34.034890, 151.149019

","-34.034890, 151.149019

",-34.03489,151.149019,Magallana gigas,,Pacific Oyster,OsHV-1 μVar,2014,Field,Web of Science,,Individuals,NA,NA,NA,"Prevalence and Copy Numbers pooled across austral summer & site, cannot be extracted w/o contacting authors"
74,Whittington et al. 2019,2019,Long-term temporal and spatial patterns of Ostreid herpesvirus 1 (OsHV-1) infection and mortality in sentinel Pacific oyster spat (Crassostrea gigas) inform farm management,https://www.sciencedirect.com/science/article/pii/S0044848619307513,"The Shed, Hawkesbury River Estuary",Australia,NA,"-34.038334, 151.151312

","-34.038334, 151.151312

",-34.038334,151.151312,Magallana gigas,,Pacific Oyster,OsHV-1 μVar,2014,Field,Web of Science,,Individuals,NA,NA,NA,"Prevalence and Copy Numbers pooled across austral summer & site, cannot be extracted w/o contacting authors"
74,Whittington et al. 2019,2019,Long-term temporal and spatial patterns of Ostreid herpesvirus 1 (OsHV-1) infection and mortality in sentinel Pacific oyster spat (Crassostrea gigas) inform farm management,https://www.sciencedirect.com/science/article/pii/S0044848619307513,"Pelican Gut, Hawkesbury River Estuary",Australia,NA,"-34.006447, 151.152415

","-34.006447, 151.152415

",-34.006447,151.152415,Magallana gigas,,Pacific Oyster,OsHV-1 μVar,2014,Field,Web of Science,,Individuals,NA,NA,NA,"Prevalence and Copy Numbers pooled across austral summer & site, cannot be extracted w/o contacting authors"
74,Whittington et al. 2019,2019,Long-term temporal and spatial patterns of Ostreid herpesvirus 1 (OsHV-1) infection and mortality in sentinel Pacific oyster spat (Crassostrea gigas) inform farm management,https://www.sciencedirect.com/science/article/pii/S0044848619307513,"Kimmerikong Bay, Georges River Estuary",Australia,NA,"-33.547661295076125, 151.15438977805232","-33.547661295076125, 151.15438977805232",-33.5476613,151.1543898,Magallana gigas,,Pacific Oyster,OsHV-1 μVar,2014,Field,Web of Science,,Individuals,NA,NA,NA,"Prevalence and Copy Numbers pooled across austral summer & site, cannot be extracted w/o contacting authors"
74,Whittington et al. 2019,2019,Long-term temporal and spatial patterns of Ostreid herpesvirus 1 (OsHV-1) infection and mortality in sentinel Pacific oyster spat (Crassostrea gigas) inform farm management,https://www.sciencedirect.com/science/article/pii/S0044848619307513,"Mooney Mooney, Georges River Estuary",Australia,NA,"-33.526243, 151.203150

","-33.526243, 151.203150

",-33.526243,151.20315,Magallana gigas,,Pacific Oyster,OsHV-1 μVar,2014,Field,Web of Science,,Individuals,NA,NA,NA,"Prevalence and Copy Numbers pooled across austral summer & site, cannot be extracted w/o contacting authors"
74,Whittington et al. 2019,2019,Long-term temporal and spatial patterns of Ostreid herpesvirus 1 (OsHV-1) infection and mortality in sentinel Pacific oyster spat (Crassostrea gigas) inform farm management,https://www.sciencedirect.com/science/article/pii/S0044848619307513,"Porto Bay, Georges River Estuary",Australia,NA,"-33.515123, 151.236633

","-33.515123, 151.236633

",-33.515123,151.236633,Magallana gigas,,Pacific Oyster,OsHV-1 μVar,2014,Field,Web of Science,,Individuals,NA,NA,NA,"Prevalence and Copy Numbers pooled across austral summer & site, cannot be extracted w/o contacting authors"
74,Whittington et al. 2019,2019,Long-term temporal and spatial patterns of Ostreid herpesvirus 1 (OsHV-1) infection and mortality in sentinel Pacific oyster spat (Crassostrea gigas) inform farm management,https://www.sciencedirect.com/science/article/pii/S0044848619307513,"Mullet Creek, Georges River Estuary",Australia,NA,"33.516612, 151.237209","33.516612, 151.237209",33.516612,151.237209,Magallana gigas,,Pacific Oyster,OsHV-1 μVar,2014,Field,Web of Science,,Individuals,NA,NA,NA,"Prevalence and Copy Numbers pooled across austral summer & site, cannot be extracted w/o contacting authors"
74,Whittington et al. 2019,2019,Long-term temporal and spatial patterns of Ostreid herpesvirus 1 (OsHV-1) infection and mortality in sentinel Pacific oyster spat (Crassostrea gigas) inform farm management,https://www.sciencedirect.com/science/article/pii/S0044848619307513,"Patonga Creek, Georges River Estuary",Australia,NA,"-33.539670, 151.264963

","-33.539670, 151.264963

",-33.53967,151.264963,Magallana gigas,,Pacific Oyster,OsHV-1 μVar,2014,Field,Web of Science,,Individuals,NA,NA,NA,"Prevalence and Copy Numbers pooled across austral summer & site, cannot be extracted w/o contacting authors"
74,Whittington et al. 2019,2019,Long-term temporal and spatial patterns of Ostreid herpesvirus 1 (OsHV-1) infection and mortality in sentinel Pacific oyster spat (Crassostrea gigas) inform farm management,https://www.sciencedirect.com/science/article/pii/S0044848619307513,"Limekiln Bar, Hawkesbury River Estuary",Australia,NA,"-33.588996, 151.117076

","-33.588996, 151.117076

",-33.588996,151.117076,Magallana gigas,,Pacific Oyster,OsHV-1 μVar,2015,Field,Web of Science,,Individuals,NA,NA,NA,"Prevalence and Copy Numbers pooled across austral summer & site, cannot be extracted w/o contacting authors"
74,Whittington et al. 2019,2019,Long-term temporal and spatial patterns of Ostreid herpesvirus 1 (OsHV-1) infection and mortality in sentinel Pacific oyster spat (Crassostrea gigas) inform farm management,https://www.sciencedirect.com/science/article/pii/S0044848619307513,"Sylvania Waters, Hawkesbury River Estuary",Australia,NA,"-34.015148, 151.117368

","-34.015148, 151.117368

",-34.015148,151.117368,Magallana gigas,,Pacific Oyster,OsHV-1 μVar,2015,Field,Web of Science,,Individuals,NA,NA,NA,"Prevalence and Copy Numbers pooled across austral summer & site, cannot be extracted w/o contacting authors"
74,Whittington et al. 2019,2019,Long-term temporal and spatial patterns of Ostreid herpesvirus 1 (OsHV-1) infection and mortality in sentinel Pacific oyster spat (Crassostrea gigas) inform farm management,https://www.sciencedirect.com/science/article/pii/S0044848619307513,"Neverfail Bay, Hawkesbury River Estuary",Australia,NA,"-33.576791, 151.130190

","-33.576791, 151.130190

",-33.576791,151.13019,Magallana gigas,,Pacific Oyster,OsHV-1 μVar,2015,Field,Web of Science,,Individuals,NA,NA,NA,"Prevalence and Copy Numbers pooled across austral summer & site, cannot be extracted w/o contacting authors"
74,Whittington et al. 2019,2019,Long-term temporal and spatial patterns of Ostreid herpesvirus 1 (OsHV-1) infection and mortality in sentinel Pacific oyster spat (Crassostrea gigas) inform farm management,https://www.sciencedirect.com/science/article/pii/S0044848619307513,"Coba Bay, Georges River Estuary",Australia,NA,"-33.544140, 151.137441

","-33.544140, 151.137441

",-33.54414,151.137441,Magallana gigas,,Pacific Oyster,OsHV-1 μVar,2015,Field,Web of Science,,Individuals,NA,NA,NA,"Prevalence and Copy Numbers pooled across austral summer & site, cannot be extracted w/o contacting authors"
74,Whittington et al. 2019,2019,Long-term temporal and spatial patterns of Ostreid herpesvirus 1 (OsHV-1) infection and mortality in sentinel Pacific oyster spat (Crassostrea gigas) inform farm management,https://www.sciencedirect.com/science/article/pii/S0044848619307513,"Site B, Hawkesbury River Estuary",Australia,NA,"-34.026340, 151.140668

","-34.026340, 151.140668

",-34.02634,151.140668,Magallana gigas,,Pacific Oyster,OsHV-1 μVar,2015,Field,Web of Science,,Individuals,NA,NA,NA,"Prevalence and Copy Numbers pooled across austral summer & site, cannot be extracted w/o contacting authors"
74,Whittington et al. 2019,2019,Long-term temporal and spatial patterns of Ostreid herpesvirus 1 (OsHV-1) infection and mortality in sentinel Pacific oyster spat (Crassostrea gigas) inform farm management,https://www.sciencedirect.com/science/article/pii/S0044848619307513,"Marramarra Creek, Georges River Estuary",Australia,NA,"-33.524691, 151.140707

","-33.524691, 151.140707

",-33.524691,151.140707,Magallana gigas,,Pacific Oyster,OsHV-1 μVar,2015,Field,Web of Science,,Individuals,NA,NA,NA,"Prevalence and Copy Numbers pooled across austral summer & site, cannot be extracted w/o contacting authors"
74,Whittington et al. 2019,2019,Long-term temporal and spatial patterns of Ostreid herpesvirus 1 (OsHV-1) infection and mortality in sentinel Pacific oyster spat (Crassostrea gigas) inform farm management,https://www.sciencedirect.com/science/article/pii/S0044848619307513,"Site A, Hawkesbury River Estuary",Australia,NA,"-34.009025, 151.146594

","-34.009025, 151.146594

",-34.009025,151.146594,Magallana gigas,,Pacific Oyster,OsHV-1 μVar,2015,Field,Web of Science,,Individuals,NA,NA,NA,"Prevalence and Copy Numbers pooled across austral summer & site, cannot be extracted w/o contacting authors"
74,Whittington et al. 2019,2019,Long-term temporal and spatial patterns of Ostreid herpesvirus 1 (OsHV-1) infection and mortality in sentinel Pacific oyster spat (Crassostrea gigas) inform farm management,https://www.sciencedirect.com/science/article/pii/S0044848619307513,"Site C, Hawkesbury River Estuary",Australia,NA,"-34.034890, 151.149019

","-34.034890, 151.149019

",-34.03489,151.149019,Magallana gigas,,Pacific Oyster,OsHV-1 μVar,2015,Field,Web of Science,,Individuals,NA,NA,NA,"Prevalence and Copy Numbers pooled across austral summer & site, cannot be extracted w/o contacting authors"
74,Whittington et al. 2019,2019,Long-term temporal and spatial patterns of Ostreid herpesvirus 1 (OsHV-1) infection and mortality in sentinel Pacific oyster spat (Crassostrea gigas) inform farm management,https://www.sciencedirect.com/science/article/pii/S0044848619307513,"The Shed, Hawkesbury River Estuary",Australia,NA,"-34.038334, 151.151312

","-34.038334, 151.151312

",-34.038334,151.151312,Magallana gigas,,Pacific Oyster,OsHV-1 μVar,2015,Field,Web of Science,,Individuals,NA,NA,NA,"Prevalence and Copy Numbers pooled across austral summer & site, cannot be extracted w/o contacting authors"
74,Whittington et al. 2019,2019,Long-term temporal and spatial patterns of Ostreid herpesvirus 1 (OsHV-1) infection and mortality in sentinel Pacific oyster spat (Crassostrea gigas) inform farm management,https://www.sciencedirect.com/science/article/pii/S0044848619307513,"Pelican Gut, Hawkesbury River Estuary",Australia,NA,"-34.006447, 151.152415

","-34.006447, 151.152415

",-34.006447,151.152415,Magallana gigas,,Pacific Oyster,OsHV-1 μVar,2015,Field,Web of Science,,Individuals,NA,NA,NA,"Prevalence and Copy Numbers pooled across austral summer & site, cannot be extracted w/o contacting authors"
74,Whittington et al. 2019,2019,Long-term temporal and spatial patterns of Ostreid herpesvirus 1 (OsHV-1) infection and mortality in sentinel Pacific oyster spat (Crassostrea gigas) inform farm management,https://www.sciencedirect.com/science/article/pii/S0044848619307513,"Kimmerikong Bay, Georges River Estuary",Australia,NA,"-33.547661295076125, 151.15438977805232","-33.547661295076125, 151.15438977805232",-33.5476613,151.1543898,Magallana gigas,,Pacific Oyster,OsHV-1 μVar,2015,Field,Web of Science,,Individuals,NA,NA,NA,"Prevalence and Copy Numbers pooled across austral summer & site, cannot be extracted w/o contacting authors"
74,Whittington et al. 2019,2019,Long-term temporal and spatial patterns of Ostreid herpesvirus 1 (OsHV-1) infection and mortality in sentinel Pacific oyster spat (Crassostrea gigas) inform farm management,https://www.sciencedirect.com/science/article/pii/S0044848619307513,"Mooney Mooney, Georges River Estuary",Australia,NA,"-33.526243, 151.203150

","-33.526243, 151.203150

",-33.526243,151.20315,Magallana gigas,,Pacific Oyster,OsHV-1 μVar,2015,Field,Web of Science,,Individuals,NA,NA,NA,"Prevalence and Copy Numbers pooled across austral summer & site, cannot be extracted w/o contacting authors"
74,Whittington et al. 2019,2019,Long-term temporal and spatial patterns of Ostreid herpesvirus 1 (OsHV-1) infection and mortality in sentinel Pacific oyster spat (Crassostrea gigas) inform farm management,https://www.sciencedirect.com/science/article/pii/S0044848619307513,"Porto Bay, Georges River Estuary",Australia,NA,"-33.515123, 151.236633

","-33.515123, 151.236633

",-33.515123,151.236633,Magallana gigas,,Pacific Oyster,OsHV-1 μVar,2015,Field,Web of Science,,Individuals,NA,NA,NA,"Prevalence and Copy Numbers pooled across austral summer & site, cannot be extracted w/o contacting authors"
74,Whittington et al. 2019,2019,Long-term temporal and spatial patterns of Ostreid herpesvirus 1 (OsHV-1) infection and mortality in sentinel Pacific oyster spat (Crassostrea gigas) inform farm management,https://www.sciencedirect.com/science/article/pii/S0044848619307513,"Mullet Creek, Georges River Estuary",Australia,NA,"33.516612, 151.237209","33.516612, 151.237209",33.516612,151.237209,Magallana gigas,,Pacific Oyster,OsHV-1 μVar,2015,Field,Web of Science,,Individuals,NA,NA,NA,"Prevalence and Copy Numbers pooled across austral summer & site, cannot be extracted w/o contacting authors"
74,Whittington et al. 2019,2019,Long-term temporal and spatial patterns of Ostreid herpesvirus 1 (OsHV-1) infection and mortality in sentinel Pacific oyster spat (Crassostrea gigas) inform farm management,https://www.sciencedirect.com/science/article/pii/S0044848619307513,"Patonga Creek, Georges River Estuary",Australia,NA,"-33.539670, 151.264963

","-33.539670, 151.264963

",-33.53967,151.264963,Magallana gigas,,Pacific Oyster,OsHV-1 μVar,2015,Field,Web of Science,,Individuals,NA,NA,NA,"Prevalence and Copy Numbers pooled across austral summer & site, cannot be extracted w/o contacting authors"
74,Whittington et al. 2019,2019,Long-term temporal and spatial patterns of Ostreid herpesvirus 1 (OsHV-1) infection and mortality in sentinel Pacific oyster spat (Crassostrea gigas) inform farm management,https://www.sciencedirect.com/science/article/pii/S0044848619307513,"Limekiln Bar, Hawkesbury River Estuary",Australia,NA,"-33.588996, 151.117076

","-33.588996, 151.117076

",-33.588996,151.117076,Magallana gigas,,Pacific Oyster,OsHV-1 μVar,2016,Field,Web of Science,,Individuals,NA,NA,NA,"Prevalence and Copy Numbers pooled across austral summer & site, cannot be extracted w/o contacting authors"
74,Whittington et al. 2019,2019,Long-term temporal and spatial patterns of Ostreid herpesvirus 1 (OsHV-1) infection and mortality in sentinel Pacific oyster spat (Crassostrea gigas) inform farm management,https://www.sciencedirect.com/science/article/pii/S0044848619307513,"Sylvania Waters, Hawkesbury River Estuary",Australia,NA,"-34.015148, 151.117368

","-34.015148, 151.117368

",-34.015148,151.117368,Magallana gigas,,Pacific Oyster,OsHV-1 μVar,2016,Field,Web of Science,,Individuals,NA,NA,NA,"Prevalence and Copy Numbers pooled across austral summer & site, cannot be extracted w/o contacting authors"
74,Whittington et al. 2019,2019,Long-term temporal and spatial patterns of Ostreid herpesvirus 1 (OsHV-1) infection and mortality in sentinel Pacific oyster spat (Crassostrea gigas) inform farm management,https://www.sciencedirect.com/science/article/pii/S0044848619307513,"Neverfail Bay, Hawkesbury River Estuary",Australia,NA,"-33.576791, 151.130190

","-33.576791, 151.130190

",-33.576791,151.13019,Magallana gigas,,Pacific Oyster,OsHV-1 μVar,2016,Field,Web of Science,,Individuals,NA,NA,NA,"Prevalence and Copy Numbers pooled across austral summer & site, cannot be extracted w/o contacting authors"
74,Whittington et al. 2019,2019,Long-term temporal and spatial patterns of Ostreid herpesvirus 1 (OsHV-1) infection and mortality in sentinel Pacific oyster spat (Crassostrea gigas) inform farm management,https://www.sciencedirect.com/science/article/pii/S0044848619307513,"Coba Bay, Georges River Estuary",Australia,NA,"-33.544140, 151.137441

","-33.544140, 151.137441

",-33.54414,151.137441,Magallana gigas,,Pacific Oyster,OsHV-1 μVar,2016,Field,Web of Science,,Individuals,NA,NA,NA,"Prevalence and Copy Numbers pooled across austral summer & site, cannot be extracted w/o contacting authors"
74,Whittington et al. 2019,2019,Long-term temporal and spatial patterns of Ostreid herpesvirus 1 (OsHV-1) infection and mortality in sentinel Pacific oyster spat (Crassostrea gigas) inform farm management,https://www.sciencedirect.com/science/article/pii/S0044848619307513,"Site B, Hawkesbury River Estuary",Australia,NA,"-34.026340, 151.140668

","-34.026340, 151.140668

",-34.02634,151.140668,Magallana gigas,,Pacific Oyster,OsHV-1 μVar,2016,Field,Web of Science,,Individuals,NA,NA,NA,"Prevalence and Copy Numbers pooled across austral summer & site, cannot be extracted w/o contacting authors"
74,Whittington et al. 2019,2019,Long-term temporal and spatial patterns of Ostreid herpesvirus 1 (OsHV-1) infection and mortality in sentinel Pacific oyster spat (Crassostrea gigas) inform farm management,https://www.sciencedirect.com/science/article/pii/S0044848619307513,"Marramarra Creek, Georges River Estuary",Australia,NA,"-33.524691, 151.140707

","-33.524691, 151.140707

",-33.524691,151.140707,Magallana gigas,,Pacific Oyster,OsHV-1 μVar,2016,Field,Web of Science,,Individuals,NA,NA,NA,"Prevalence and Copy Numbers pooled across austral summer & site, cannot be extracted w/o contacting authors"
74,Whittington et al. 2019,2019,Long-term temporal and spatial patterns of Ostreid herpesvirus 1 (OsHV-1) infection and mortality in sentinel Pacific oyster spat (Crassostrea gigas) inform farm management,https://www.sciencedirect.com/science/article/pii/S0044848619307513,"Site A, Hawkesbury River Estuary",Australia,NA,"-34.009025, 151.146594

","-34.009025, 151.146594

",-34.009025,151.146594,Magallana gigas,,Pacific Oyster,OsHV-1 μVar,2016,Field,Web of Science,,Individuals,NA,NA,NA,"Prevalence and Copy Numbers pooled across austral summer & site, cannot be extracted w/o contacting authors"
74,Whittington et al. 2019,2019,Long-term temporal and spatial patterns of Ostreid herpesvirus 1 (OsHV-1) infection and mortality in sentinel Pacific oyster spat (Crassostrea gigas) inform farm management,https://www.sciencedirect.com/science/article/pii/S0044848619307513,"Site C, Hawkesbury River Estuary",Australia,NA,"-34.034890, 151.149019

","-34.034890, 151.149019

",-34.03489,151.149019,Magallana gigas,,Pacific Oyster,OsHV-1 μVar,2016,Field,Web of Science,,Individuals,NA,NA,NA,"Prevalence and Copy Numbers pooled across austral summer & site, cannot be extracted w/o contacting authors"
74,Whittington et al. 2019,2019,Long-term temporal and spatial patterns of Ostreid herpesvirus 1 (OsHV-1) infection and mortality in sentinel Pacific oyster spat (Crassostrea gigas) inform farm management,https://www.sciencedirect.com/science/article/pii/S0044848619307513,"Pelican Gut, Hawkesbury River Estuary",Australia,NA,"-34.006447, 151.152415

","-34.006447, 151.152415

",-34.006447,151.152415,Magallana gigas,,Pacific Oyster,OsHV-1 μVar,2016,Field,Web of Science,,Individuals,NA,NA,NA,"Prevalence and Copy Numbers pooled across austral summer & site, cannot be extracted w/o contacting authors"
74,Whittington et al. 2019,2019,Long-term temporal and spatial patterns of Ostreid herpesvirus 1 (OsHV-1) infection and mortality in sentinel Pacific oyster spat (Crassostrea gigas) inform farm management,https://www.sciencedirect.com/science/article/pii/S0044848619307513,"Kimmerikong Bay, Georges River Estuary",Australia,NA,"-33.547661295076125, 151.15438977805232","-33.547661295076125, 151.15438977805232",-33.5476613,151.1543898,Magallana gigas,,Pacific Oyster,OsHV-1 μVar,2016,Field,Web of Science,,Individuals,NA,NA,NA,"Prevalence and Copy Numbers pooled across austral summer & site, cannot be extracted w/o contacting authors"
74,Whittington et al. 2019,2019,Long-term temporal and spatial patterns of Ostreid herpesvirus 1 (OsHV-1) infection and mortality in sentinel Pacific oyster spat (Crassostrea gigas) inform farm management,https://www.sciencedirect.com/science/article/pii/S0044848619307513,"Mooney Mooney, Georges River Estuary",Australia,NA,"-33.526243, 151.203150

","-33.526243, 151.203150

",-33.526243,151.20315,Magallana gigas,,Pacific Oyster,OsHV-1 μVar,2016,Field,Web of Science,,Individuals,NA,NA,NA,"Prevalence and Copy Numbers pooled across austral summer & site, cannot be extracted w/o contacting authors"
74,Whittington et al. 2019,2019,Long-term temporal and spatial patterns of Ostreid herpesvirus 1 (OsHV-1) infection and mortality in sentinel Pacific oyster spat (Crassostrea gigas) inform farm management,https://www.sciencedirect.com/science/article/pii/S0044848619307513,"Porto Bay, Georges River Estuary",Australia,NA,"-33.515123, 151.236633

","-33.515123, 151.236633

",-33.515123,151.236633,Magallana gigas,,Pacific Oyster,OsHV-1 μVar,2016,Field,Web of Science,,Individuals,NA,NA,NA,"Prevalence and Copy Numbers pooled across austral summer & site, cannot be extracted w/o contacting authors"
74,Whittington et al. 2019,2019,Long-term temporal and spatial patterns of Ostreid herpesvirus 1 (OsHV-1) infection and mortality in sentinel Pacific oyster spat (Crassostrea gigas) inform farm management,https://www.sciencedirect.com/science/article/pii/S0044848619307513,"Mullet Creek, Georges River Estuary",Australia,NA,"33.516612, 151.237209","33.516612, 151.237209",33.516612,151.237209,Magallana gigas,,Pacific Oyster,OsHV-1 μVar,2016,Field,Web of Science,,Individuals,NA,NA,NA,"Prevalence and Copy Numbers pooled across austral summer & site, cannot be extracted w/o contacting authors"
74,Whittington et al. 2019,2019,Long-term temporal and spatial patterns of Ostreid herpesvirus 1 (OsHV-1) infection and mortality in sentinel Pacific oyster spat (Crassostrea gigas) inform farm management,https://www.sciencedirect.com/science/article/pii/S0044848619307513,"Patonga Creek, Georges River Estuary",Australia,NA,"-33.539670, 151.264963

","-33.539670, 151.264963

",-33.53967,151.264963,Magallana gigas,,Pacific Oyster,OsHV-1 μVar,2016,Field,Web of Science,,Individuals,NA,NA,NA,"Prevalence and Copy Numbers pooled across austral summer & site, cannot be extracted w/o contacting authors"
74,Whittington et al. 2019,2019,Long-term temporal and spatial patterns of Ostreid herpesvirus 1 (OsHV-1) infection and mortality in sentinel Pacific oyster spat (Crassostrea gigas) inform farm management,https://www.sciencedirect.com/science/article/pii/S0044848619307513,"Limekiln Bar, Hawkesbury River Estuary",Australia,NA,"-33.588996, 151.117076

","-33.588996, 151.117076

",-33.588996,151.117076,Magallana gigas,,Pacific Oyster,OsHV-1 μVar,2017,Field,Web of Science,,Individuals,NA,NA,NA,"Prevalence and Copy Numbers pooled across austral summer & site, cannot be extracted w/o contacting authors"
74,Whittington et al. 2019,2019,Long-term temporal and spatial patterns of Ostreid herpesvirus 1 (OsHV-1) infection and mortality in sentinel Pacific oyster spat (Crassostrea gigas) inform farm management,https://www.sciencedirect.com/science/article/pii/S0044848619307513,"Sylvania Waters, Hawkesbury River Estuary",Australia,NA,"-34.015148, 151.117368

","-34.015148, 151.117368

",-34.015148,151.117368,Magallana gigas,,Pacific Oyster,OsHV-1 μVar,2017,Field,Web of Science,,Individuals,NA,NA,NA,"Prevalence and Copy Numbers pooled across austral summer & site, cannot be extracted w/o contacting authors"
74,Whittington et al. 2019,2019,Long-term temporal and spatial patterns of Ostreid herpesvirus 1 (OsHV-1) infection and mortality in sentinel Pacific oyster spat (Crassostrea gigas) inform farm management,https://www.sciencedirect.com/science/article/pii/S0044848619307513,"Neverfail Bay, Hawkesbury River Estuary",Australia,NA,"-33.576791, 151.130190

","-33.576791, 151.130190

",-33.576791,151.13019,Magallana gigas,,Pacific Oyster,OsHV-1 μVar,2017,Field,Web of Science,,Individuals,NA,NA,NA,"Prevalence and Copy Numbers pooled across austral summer & site, cannot be extracted w/o contacting authors"
74,Whittington et al. 2019,2019,Long-term temporal and spatial patterns of Ostreid herpesvirus 1 (OsHV-1) infection and mortality in sentinel Pacific oyster spat (Crassostrea gigas) inform farm management,https://www.sciencedirect.com/science/article/pii/S0044848619307513,"Coba Bay, Georges River Estuary",Australia,NA,"-33.544140, 151.137441

","-33.544140, 151.137441

",-33.54414,151.137441,Magallana gigas,,Pacific Oyster,OsHV-1 μVar,2017,Field,Web of Science,,Individuals,NA,NA,NA,"Prevalence and Copy Numbers pooled across austral summer & site, cannot be extracted w/o contacting authors"
74,Whittington et al. 2019,2019,Long-term temporal and spatial patterns of Ostreid herpesvirus 1 (OsHV-1) infection and mortality in sentinel Pacific oyster spat (Crassostrea gigas) inform farm management,https://www.sciencedirect.com/science/article/pii/S0044848619307513,"Site B, Hawkesbury River Estuary",Australia,NA,"-34.026340, 151.140668

","-34.026340, 151.140668

",-34.02634,151.140668,Magallana gigas,,Pacific Oyster,OsHV-1 μVar,2017,Field,Web of Science,,Individuals,NA,NA,NA,"Prevalence and Copy Numbers pooled across austral summer & site, cannot be extracted w/o contacting authors"
74,Whittington et al. 2019,2019,Long-term temporal and spatial patterns of Ostreid herpesvirus 1 (OsHV-1) infection and mortality in sentinel Pacific oyster spat (Crassostrea gigas) inform farm management,https://www.sciencedirect.com/science/article/pii/S0044848619307513,"Marramarra Creek, Georges River Estuary",Australia,NA,"-33.524691, 151.140707

","-33.524691, 151.140707

",-33.524691,151.140707,Magallana gigas,,Pacific Oyster,OsHV-1 μVar,2017,Field,Web of Science,,Individuals,NA,NA,NA,"Prevalence and Copy Numbers pooled across austral summer & site, cannot be extracted w/o contacting authors"
74,Whittington et al. 2019,2019,Long-term temporal and spatial patterns of Ostreid herpesvirus 1 (OsHV-1) infection and mortality in sentinel Pacific oyster spat (Crassostrea gigas) inform farm management,https://www.sciencedirect.com/science/article/pii/S0044848619307513,"Site A, Hawkesbury River Estuary",Australia,NA,"-34.009025, 151.146594

","-34.009025, 151.146594

",-34.009025,151.146594,Magallana gigas,,Pacific Oyster,OsHV-1 μVar,2017,Field,Web of Science,,Individuals,NA,NA,NA,"Prevalence and Copy Numbers pooled across austral summer & site, cannot be extracted w/o contacting authors"
74,Whittington et al. 2019,2019,Long-term temporal and spatial patterns of Ostreid herpesvirus 1 (OsHV-1) infection and mortality in sentinel Pacific oyster spat (Crassostrea gigas) inform farm management,https://www.sciencedirect.com/science/article/pii/S0044848619307513,"Site C, Hawkesbury River Estuary",Australia,NA,"-34.034890, 151.149019

","-34.034890, 151.149019

",-34.03489,151.149019,Magallana gigas,,Pacific Oyster,OsHV-1 μVar,2017,Field,Web of Science,,Individuals,NA,NA,NA,"Prevalence and Copy Numbers pooled across austral summer & site, cannot be extracted w/o contacting authors"
74,Whittington et al. 2019,2019,Long-term temporal and spatial patterns of Ostreid herpesvirus 1 (OsHV-1) infection and mortality in sentinel Pacific oyster spat (Crassostrea gigas) inform farm management,https://www.sciencedirect.com/science/article/pii/S0044848619307513,"Pelican Gut, Hawkesbury River Estuary",Australia,NA,"-34.006447, 151.152415

","-34.006447, 151.152415

",-34.006447,151.152415,Magallana gigas,,Pacific Oyster,OsHV-1 μVar,2017,Field,Web of Science,,Individuals,NA,NA,NA,"Prevalence and Copy Numbers pooled across austral summer & site, cannot be extracted w/o contacting authors"
74,Whittington et al. 2019,2019,Long-term temporal and spatial patterns of Ostreid herpesvirus 1 (OsHV-1) infection and mortality in sentinel Pacific oyster spat (Crassostrea gigas) inform farm management,https://www.sciencedirect.com/science/article/pii/S0044848619307513,"Kimmerikong Bay, Georges River Estuary",Australia,NA,"-33.547661295076125, 151.15438977805232","-33.547661295076125, 151.15438977805232",-33.5476613,151.1543898,Magallana gigas,,Pacific Oyster,OsHV-1 μVar,2017,Field,Web of Science,,Individuals,NA,NA,NA,"Prevalence and Copy Numbers pooled across austral summer & site, cannot be extracted w/o contacting authors"
74,Whittington et al. 2019,2019,Long-term temporal and spatial patterns of Ostreid herpesvirus 1 (OsHV-1) infection and mortality in sentinel Pacific oyster spat (Crassostrea gigas) inform farm management,https://www.sciencedirect.com/science/article/pii/S0044848619307513,"Mooney Mooney, Georges River Estuary",Australia,NA,"-33.526243, 151.203150

","-33.526243, 151.203150

",-33.526243,151.20315,Magallana gigas,,Pacific Oyster,OsHV-1 μVar,2017,Field,Web of Science,,Individuals,NA,NA,NA,"Prevalence and Copy Numbers pooled across austral summer & site, cannot be extracted w/o contacting authors"
74,Whittington et al. 2019,2019,Long-term temporal and spatial patterns of Ostreid herpesvirus 1 (OsHV-1) infection and mortality in sentinel Pacific oyster spat (Crassostrea gigas) inform farm management,https://www.sciencedirect.com/science/article/pii/S0044848619307513,"Porto Bay, Georges River Estuary",Australia,NA,"-33.515123, 151.236633

","-33.515123, 151.236633

",-33.515123,151.236633,Magallana gigas,,Pacific Oyster,OsHV-1 μVar,2017,Field,Web of Science,,Individuals,NA,NA,NA,"Prevalence and Copy Numbers pooled across austral summer & site, cannot be extracted w/o contacting authors"
74,Whittington et al. 2019,2019,Long-term temporal and spatial patterns of Ostreid herpesvirus 1 (OsHV-1) infection and mortality in sentinel Pacific oyster spat (Crassostrea gigas) inform farm management,https://www.sciencedirect.com/science/article/pii/S0044848619307513,"Mullet Creek, Georges River Estuary",Australia,NA,"33.516612, 151.237209","33.516612, 151.237209",33.516612,151.237209,Magallana gigas,,Pacific Oyster,OsHV-1 μVar,2017,Field,Web of Science,,Individuals,NA,NA,NA,"Prevalence and Copy Numbers pooled across austral summer & site, cannot be extracted w/o contacting authors"
74,Whittington et al. 2019,2019,Long-term temporal and spatial patterns of Ostreid herpesvirus 1 (OsHV-1) infection and mortality in sentinel Pacific oyster spat (Crassostrea gigas) inform farm management,https://www.sciencedirect.com/science/article/pii/S0044848619307513,"Patonga Creek, Georges River Estuary",Australia,NA,"-33.539670, 151.264963

","-33.539670, 151.264963

",-33.53967,151.264963,Magallana gigas,,Pacific Oyster,OsHV-1 μVar,2017,Field,Web of Science,,Individuals,NA,NA,NA,"Prevalence and Copy Numbers pooled across austral summer & site, cannot be extracted w/o contacting authors"
75,Grijalva-Chon et al. 2013,2013,"Detection of a new OsHV-1 DNA strain in the healthyPacific oyster,Crassostrea gigasThunberg, from the Gulfof California",https://pubmed.ncbi.nlm.nih.gov/24033643/,"Estero La Cruz, Sonora",Mexico,"28°47′34″N, 111°53′27″W","28.79278, -111.89083","28.79278, -111.89083",28.79278,-111.89083,Magallana gigas,,Pacific Oyster,OsHV-1 μVar,2011,Field,Snowball,,Individuals,NA,NA,NA,
79,Chen et al. 2014,2014,Bioinformatics analysis of hemocyte miRNAs of scallop Chlamys farreri against acute viral necrobiotic virus (AVNV),https://www.sciencedirect.com/science/article/pii/S1050464814000035?via%3Dihub,"Weihai, Shandong Province",China,NA,"37.510880, 122.139127","37.510880, 122.139127",37.51088,122.139127,Chlamys farreri,,Scallop,AVNV,NA,Lab,Web of Science,,Individuals,NA,NA,NA,
81,Peeler et al. 2012,2012,Investigation of mortality in Pacific oysters associated with Ostreid herpesvirus-1 μVar in the Republic of Ireland in 2009,https://www.sciencedirect.com/science/article/pii/S016758771200061X,Caherciveen,Ireland,NA,"51.949487, -10.225544

","51.949487, -10.225544

",51.949487,-10.225544,Magallana gigas,,Pacific Oyster,OsHV-1 μVar,2009,Field,Snowball,,NA,NA,NA,NA,"Prevalence and Copy Numbers pooled across sites, years -- will need to contact authors"
81,Peeler et al. 2012,2012,Investigation of mortality in Pacific oysters associated with Ostreid herpesvirus-1 μVar in the Republic of Ireland in 2009,https://www.sciencedirect.com/science/article/pii/S016758771200061X,Achill Sound,Ireland,NA,"53.930654, -9.922565","53.930654, -9.922565",53.930654,-9.922565,Magallana gigas,,Pacific Oyster,OsHV-1 μVar,2009,Field,Snowball,,NA,NA,NA,NA,"Prevalence and Copy Numbers pooled across sites, years -- will need to contact authors"
81,Peeler et al. 2012,2012,Investigation of mortality in Pacific oysters associated with Ostreid herpesvirus-1 μVar in the Republic of Ireland in 2009,https://www.sciencedirect.com/science/article/pii/S016758771200061X,Clew Bay,Ireland,NA,"53.832573, -9.780322","53.832573, -9.780322",53.832573,-9.780322,Magallana gigas,,Pacific Oyster,OsHV-1 μVar,2009,Field,Snowball,,NA,NA,NA,NA,"Prevalence and Copy Numbers pooled across sites, years -- will need to contact authors"
81,Peeler et al. 2012,2012,Investigation of mortality in Pacific oysters associated with Ostreid herpesvirus-1 μVar in the Republic of Ireland in 2009,https://www.sciencedirect.com/science/article/pii/S016758771200061X,Castlemaine,Ireland,NA,"52.167350, -9.702215","52.167350, -9.702213",52.16735,-9.702213,Magallana gigas,,Pacific Oyster,OsHV-1 μVar,2009,Field,Snowball,,NA,NA,NA,NA,"Prevalence and Copy Numbers pooled across sites, years -- will need to contact authors"
81,Peeler et al. 2012,2012,Investigation of mortality in Pacific oysters associated with Ostreid herpesvirus-1 μVar in the Republic of Ireland in 2009,https://www.sciencedirect.com/science/article/pii/S016758771200061X,Baltimore/River Ilen,Ireland,NA,"51.487829, -9.368446","51.487829, -9.368446",51.487829,-9.368446,Magallana gigas,,Pacific Oyster,OsHV-1 μVar,2009,Field,Snowball,,NA,NA,NA,NA,"Prevalence and Copy Numbers pooled across sites, years -- will need to contact authors"
81,Peeler et al. 2012,2012,Investigation of mortality in Pacific oysters associated with Ostreid herpesvirus-1 μVar in the Republic of Ireland in 2009,https://www.sciencedirect.com/science/article/pii/S016758771200061X,Loughras,Ireland,NA,"54.789360, -8.549237","54.789360, -8.549237",54.78936,-8.549237,Magallana gigas,,Pacific Oyster,OsHV-1 μVar,2009,Field,Snowball,,NA,NA,NA,NA,"Prevalence and Copy Numbers pooled across sites, years -- will need to contact authors"
81,Peeler et al. 2012,2012,Investigation of mortality in Pacific oysters associated with Ostreid herpesvirus-1 μVar in the Republic of Ireland in 2009,https://www.sciencedirect.com/science/article/pii/S016758771200061X,Dungloe,Ireland,NA,"54.949387, -8.364449","54.949387, -8.364449",54.949387,-8.364449,Magallana gigas,,Pacific Oyster,OsHV-1 μVar,2009,Field,Snowball,,NA,NA,NA,NA,"Prevalence and Copy Numbers pooled across sites, years -- will need to contact authors"
81,Peeler et al. 2012,2012,Investigation of mortality in Pacific oysters associated with Ostreid herpesvirus-1 μVar in the Republic of Ireland in 2009,https://www.sciencedirect.com/science/article/pii/S016758771200061X,Trawenagh,Ireland,NA,"54.891657, -8.359944","54.891657, -8.359944",54.891657,-8.359944,Magallana gigas,,Pacific Oyster,OsHV-1 μVar,2009,Field,Snowball,,NA,NA,NA,NA,"Prevalence and Copy Numbers pooled across sites, years -- will need to contact authors"
81,Peeler et al. 2012,2012,Investigation of mortality in Pacific oysters associated with Ostreid herpesvirus-1 μVar in the Republic of Ireland in 2009,https://www.sciencedirect.com/science/article/pii/S016758771200061X,Donegal Bay,Ireland,NA,"54.650475, -8.117177","54.650475, -8.117177",54.650475,-8.117177,Magallana gigas,,Pacific Oyster,OsHV-1 μVar,2009,Field,Snowball,,NA,NA,NA,NA,"Prevalence and Copy Numbers pooled across sites, years -- will need to contact authors"
81,Peeler et al. 2012,2012,Investigation of mortality in Pacific oysters associated with Ostreid herpesvirus-1 μVar in the Republic of Ireland in 2009,https://www.sciencedirect.com/science/article/pii/S016758771200061X,Dungarvan Harbour,Ireland,NA,"52.06904729263853, -7.573733962411507","52.06904729263853, -7.573733962411507",52.06904729,-7.573733962,Magallana gigas,,Pacific Oyster,OsHV-1 μVar,2009,Field,Snowball,,NA,NA,NA,NA,"Prevalence and Copy Numbers pooled across sites, years -- will need to contact authors"
81,Peeler et al. 2012,2012,Investigation of mortality in Pacific oysters associated with Ostreid herpesvirus-1 μVar in the Republic of Ireland in 2009,https://www.sciencedirect.com/science/article/pii/S016758771200061X,Trawbreaga,Ireland,NA,"55.286209, -7.293413","55.286209, -7.293413",55.286209,-7.293413,Magallana gigas,,Pacific Oyster,OsHV-1 μVar,2009,Field,Snowball,,NA,NA,NA,NA,"Prevalence and Copy Numbers pooled across sites, years -- will need to contact authors"
81,Peeler et al. 2012,2012,Investigation of mortality in Pacific oysters associated with Ostreid herpesvirus-1 μVar in the Republic of Ireland in 2009,https://www.sciencedirect.com/science/article/pii/S016758771200061X,Waterford Harbour,Ireland,NA,"52.164997, -6.918275","52.164997, -6.918275",52.164997,-6.918275,Magallana gigas,,Pacific Oyster,OsHV-1 μVar,2009,Field,Snowball,,NA,NA,NA,NA,"Prevalence and Copy Numbers pooled across sites, years -- will need to contact authors"
81,Peeler et al. 2012,2012,Investigation of mortality in Pacific oysters associated with Ostreid herpesvirus-1 μVar in the Republic of Ireland in 2009,https://www.sciencedirect.com/science/article/pii/S016758771200061X,Carlingford Lough,Ireland,NA,"54.042005, -6.183865","54.042005, -6.183865",54.042005,-6.183865,Magallana gigas,,Pacific Oyster,OsHV-1 μVar,2009,Field,Snowball,,NA,NA,NA,NA,"Prevalence and Copy Numbers pooled across sites, years -- will need to contact authors"
82,Martenot et al. 2011,2011,"Detection of different variants of Ostreid Herpesvirus 1 in the Pacific oyster, Crassostrea gigas between 2008 and 2010",https://www.sciencedirect.com/science/article/pii/S0168170211001481?via%3Dihub,Clew Bay,Ireland,NA,"53.832573, -9.780322","53.832573, -9.780322",53.832573,-9.780322,Magallana gigas,,Pacific Oyster,OsHV-1 μVar,2008,Field,Web of Science,,NA,NA,NA,NA,"Prevalence and Copy Numbers pooled across sites, years -- will need to contact authors"
82,Martenot et al. 2011,2011,"Detection of different variants of Ostreid Herpesvirus 1 in the Pacific oyster, Crassostrea gigas between 2008 and 2010",https://www.sciencedirect.com/science/article/pii/S0168170211001481?via%3Dihub,Cork,Ireland,NA,"51.857920, -8.264120","51.857920, -8.264120",51.85792,-8.26412,Magallana gigas,,Pacific Oyster,OsHV-1 μVar,2008,Field,Web of Science,,NA,NA,NA,NA,"Prevalence and Copy Numbers pooled across sites, years -- will need to contact authors"
82,Martenot et al. 2011,2011,"Detection of different variants of Ostreid Herpesvirus 1 in the Pacific oyster, Crassostrea gigas between 2008 and 2010",https://www.sciencedirect.com/science/article/pii/S0168170211001481?via%3Dihub,Donegal,Ireland,NA,"54.650475, -8.117177","54.650475, -8.117177",54.650475,-8.117177,Magallana gigas,,Pacific Oyster,OsHV-1 μVar,2008,Field,Web of Science,,NA,NA,NA,NA,"Prevalence and Copy Numbers pooled across sites, years -- will need to contact authors"
82,Martenot et al. 2011,2011,"Detection of different variants of Ostreid Herpesvirus 1 in the Pacific oyster, Crassostrea gigas between 2008 and 2010",https://www.sciencedirect.com/science/article/pii/S0168170211001481?via%3Dihub,Brittany,France,NA,"48.605617, -2.647681","48.605617, -2.647681",48.605617,-2.647681,Magallana gigas,,Pacific Oyster,OsHV-1 μVar,2008,Field,Web of Science,,NA,NA,NA,NA,"Prevalence and Copy Numbers pooled across sites, years -- will need to contact authors"
82,Martenot et al. 2011,2011,"Detection of different variants of Ostreid Herpesvirus 1 in the Pacific oyster, Crassostrea gigas between 2008 and 2010",https://www.sciencedirect.com/science/article/pii/S0168170211001481?via%3Dihub,Jersey,United Kingdom,NA,"49.243001, -2.074068","49.243001, -2.074068",49.243001,-2.074068,Magallana gigas,,Pacific Oyster,OsHV-1 μVar,2008,Field,Web of Science,,NA,NA,NA,NA,"Prevalence and Copy Numbers pooled across sites, years -- will need to contact authors"
82,Martenot et al. 2011,2011,"Detection of different variants of Ostreid Herpesvirus 1 in the Pacific oyster, Crassostrea gigas between 2008 and 2010",https://www.sciencedirect.com/science/article/pii/S0168170211001481?via%3Dihub,Normandy,France,NA,"49.717346, -1.907873","49.717346, -1.907873",49.717346,-1.907873,Magallana gigas,,Pacific Oyster,OsHV-1 μVar,2008,Field,Web of Science,,NA,NA,NA,NA,"Prevalence and Copy Numbers pooled across sites, years -- will need to contact authors"
82,Martenot et al. 2011,2011,"Detection of different variants of Ostreid Herpesvirus 1 in the Pacific oyster, Crassostrea gigas between 2008 and 2010",https://www.sciencedirect.com/science/article/pii/S0168170211001481?via%3Dihub,Arcachon,France,NA,"44.651403, -1.175354","44.651403, -1.175354",44.651403,-1.175354,Magallana gigas,,Pacific Oyster,OsHV-1 μVar,2008,Field,Web of Science,,NA,NA,NA,NA,"Prevalence and Copy Numbers pooled across sites, years -- will need to contact authors"
82,Martenot et al. 2011,2011,"Detection of different variants of Ostreid Herpesvirus 1 in the Pacific oyster, Crassostrea gigas between 2008 and 2010",https://www.sciencedirect.com/science/article/pii/S0168170211001481?via%3Dihub,Baie des Veys,France,NA,"49.386373, -1.130040","49.386373, -1.130040",49.386373,-1.13004,Magallana gigas,,Pacific Oyster,OsHV-1 μVar,2008,Field,Web of Science,,NA,NA,NA,NA,"Prevalence and Copy Numbers pooled across sites, years -- will need to contact authors"
82,Martenot et al. 2011,2011,"Detection of different variants of Ostreid Herpesvirus 1 in the Pacific oyster, Crassostrea gigas between 2008 and 2010",https://www.sciencedirect.com/science/article/pii/S0168170211001481?via%3Dihub,Clew Bay,Ireland,NA,"53.832573, -9.780322","53.832573, -9.780322",53.832573,-9.780322,Magallana gigas,,Pacific Oyster,OsHV-1 μVar,2009,Field,Web of Science,,NA,NA,NA,NA,"Prevalence and Copy Numbers pooled across sites, years -- will need to contact authors"
82,Martenot et al. 2011,2011,"Detection of different variants of Ostreid Herpesvirus 1 in the Pacific oyster, Crassostrea gigas between 2008 and 2010",https://www.sciencedirect.com/science/article/pii/S0168170211001481?via%3Dihub,Cork,Ireland,NA,"51.857920, -8.264120","51.857920, -8.264120",51.85792,-8.26412,Magallana gigas,,Pacific Oyster,OsHV-1 μVar,2009,Field,Web of Science,,NA,NA,NA,NA,"Prevalence and Copy Numbers pooled across sites, years -- will need to contact authors"
82,Martenot et al. 2011,2011,"Detection of different variants of Ostreid Herpesvirus 1 in the Pacific oyster, Crassostrea gigas between 2008 and 2010",https://www.sciencedirect.com/science/article/pii/S0168170211001481?via%3Dihub,Donegal,Ireland,NA,"54.650475, -8.117177","54.650475, -8.117177",54.650475,-8.117177,Magallana gigas,,Pacific Oyster,OsHV-1 μVar,2009,Field,Web of Science,,NA,NA,NA,NA,"Prevalence and Copy Numbers pooled across sites, years -- will need to contact authors"
82,Martenot et al. 2011,2011,"Detection of different variants of Ostreid Herpesvirus 1 in the Pacific oyster, Crassostrea gigas between 2008 and 2010",https://www.sciencedirect.com/science/article/pii/S0168170211001481?via%3Dihub,Brittany,France,NA,"48.605617, -2.647681","48.605617, -2.647681",48.605617,-2.647681,Magallana gigas,,Pacific Oyster,OsHV-1 μVar,2009,Field,Web of Science,,NA,NA,NA,NA,"Prevalence and Copy Numbers pooled across sites, years -- will need to contact authors"
82,Martenot et al. 2011,2011,"Detection of different variants of Ostreid Herpesvirus 1 in the Pacific oyster, Crassostrea gigas between 2008 and 2010",https://www.sciencedirect.com/science/article/pii/S0168170211001481?via%3Dihub,Jersey,United Kingdom,NA,"49.243001, -2.074068","49.243001, -2.074068",49.243001,-2.074068,Magallana gigas,,Pacific Oyster,OsHV-1 μVar,2009,Field,Web of Science,,NA,NA,NA,NA,"Prevalence and Copy Numbers pooled across sites, years -- will need to contact authors"
82,Martenot et al. 2011,2011,"Detection of different variants of Ostreid Herpesvirus 1 in the Pacific oyster, Crassostrea gigas between 2008 and 2010",https://www.sciencedirect.com/science/article/pii/S0168170211001481?via%3Dihub,Normandy,France,NA,"49.717346, -1.907873","49.717346, -1.907873",49.717346,-1.907873,Magallana gigas,,Pacific Oyster,OsHV-1 μVar,2009,Field,Web of Science,,NA,NA,NA,NA,"Prevalence and Copy Numbers pooled across sites, years -- will need to contact authors"
82,Martenot et al. 2011,2011,"Detection of different variants of Ostreid Herpesvirus 1 in the Pacific oyster, Crassostrea gigas between 2008 and 2010",https://www.sciencedirect.com/science/article/pii/S0168170211001481?via%3Dihub,Arcachon,France,NA,"44.651403, -1.175354","44.651403, -1.175354",44.651403,-1.175354,Magallana gigas,,Pacific Oyster,OsHV-1 μVar,2009,Field,Web of Science,,NA,NA,NA,NA,"Prevalence and Copy Numbers pooled across sites, years -- will need to contact authors"
82,Martenot et al. 2011,2011,"Detection of different variants of Ostreid Herpesvirus 1 in the Pacific oyster, Crassostrea gigas between 2008 and 2010",https://www.sciencedirect.com/science/article/pii/S0168170211001481?via%3Dihub,Baie des Veys,France,NA,"49.386373, -1.130040","49.386373, -1.130040",49.386373,-1.13004,Magallana gigas,,Pacific Oyster,OsHV-1 μVar,2009,Field,Web of Science,,NA,NA,NA,NA,"Prevalence and Copy Numbers pooled across sites, years -- will need to contact authors"
82,Martenot et al. 2011,2011,"Detection of different variants of Ostreid Herpesvirus 1 in the Pacific oyster, Crassostrea gigas between 2008 and 2010",https://www.sciencedirect.com/science/article/pii/S0168170211001481?via%3Dihub,Clew Bay,Ireland,NA,"53.832573, -9.780322","53.832573, -9.780322",53.832573,-9.780322,Magallana gigas,,Pacific Oyster,OsHV-1 μVar,2010,Field,Web of Science,,NA,NA,NA,NA,"Prevalence and Copy Numbers pooled across sites, years -- will need to contact authors"
82,Martenot et al. 2011,2011,"Detection of different variants of Ostreid Herpesvirus 1 in the Pacific oyster, Crassostrea gigas between 2008 and 2010",https://www.sciencedirect.com/science/article/pii/S0168170211001481?via%3Dihub,Cork,Ireland,NA,"51.857920, -8.264120","51.857920, -8.264120",51.85792,-8.26412,Magallana gigas,,Pacific Oyster,OsHV-1 μVar,2010,Field,Web of Science,,NA,NA,NA,NA,"Prevalence and Copy Numbers pooled across sites, years -- will need to contact authors"
82,Martenot et al. 2011,2011,"Detection of different variants of Ostreid Herpesvirus 1 in the Pacific oyster, Crassostrea gigas between 2008 and 2010",https://www.sciencedirect.com/science/article/pii/S0168170211001481?via%3Dihub,Donegal,Ireland,NA,"54.650475, -8.117177","54.650475, -8.117177",54.650475,-8.117177,Magallana gigas,,Pacific Oyster,OsHV-1 μVar,2010,Field,Web of Science,,NA,NA,NA,NA,"Prevalence and Copy Numbers pooled across sites, years -- will need to contact authors"
82,Martenot et al. 2011,2011,"Detection of different variants of Ostreid Herpesvirus 1 in the Pacific oyster, Crassostrea gigas between 2008 and 2010",https://www.sciencedirect.com/science/article/pii/S0168170211001481?via%3Dihub,Brittany,France,NA,"48.605617, -2.647681","48.605617, -2.647681",48.605617,-2.647681,Magallana gigas,,Pacific Oyster,OsHV-1 μVar,2010,Field,Web of Science,,NA,NA,NA,NA,"Prevalence and Copy Numbers pooled across sites, years -- will need to contact authors"
82,Martenot et al. 2011,2011,"Detection of different variants of Ostreid Herpesvirus 1 in the Pacific oyster, Crassostrea gigas between 2008 and 2010",https://www.sciencedirect.com/science/article/pii/S0168170211001481?via%3Dihub,Jersey,United Kingdom,NA,"49.243001, -2.074068","49.243001, -2.074068",49.243001,-2.074068,Magallana gigas,,Pacific Oyster,OsHV-1 μVar,2010,Field,Web of Science,,NA,NA,NA,NA,"Prevalence and Copy Numbers pooled across sites, years -- will need to contact authors"
82,Martenot et al. 2011,2011,"Detection of different variants of Ostreid Herpesvirus 1 in the Pacific oyster, Crassostrea gigas between 2008 and 2010",https://www.sciencedirect.com/science/article/pii/S0168170211001481?via%3Dihub,Normandy,France,NA,"49.717346, -1.907873","49.717346, -1.907873",49.717346,-1.907873,Magallana gigas,,Pacific Oyster,OsHV-1 μVar,2010,Field,Web of Science,,NA,NA,NA,NA,"Prevalence and Copy Numbers pooled across sites, years -- will need to contact authors"
82,Martenot et al. 2011,2011,"Detection of different variants of Ostreid Herpesvirus 1 in the Pacific oyster, Crassostrea gigas between 2008 and 2010",https://www.sciencedirect.com/science/article/pii/S0168170211001481?via%3Dihub,Arcachon,France,NA,"44.651403, -1.175354","44.651403, -1.175354",44.651403,-1.175354,Magallana gigas,,Pacific Oyster,OsHV-1 μVar,2010,Field,Web of Science,,NA,NA,NA,NA,"Prevalence and Copy Numbers pooled across sites, years -- will need to contact authors"
82,Martenot et al. 2011,2011,"Detection of different variants of Ostreid Herpesvirus 1 in the Pacific oyster, Crassostrea gigas between 2008 and 2010",https://www.sciencedirect.com/science/article/pii/S0168170211001481?via%3Dihub,Baie des Veys,France,NA,"49.386373, -1.130040","49.386373, -1.130040",49.386373,-1.13004,Magallana gigas,,Pacific Oyster,OsHV-1 μVar,2010,Field,Web of Science,,NA,NA,NA,NA,"Prevalence and Copy Numbers pooled across sites, years -- will need to contact authors"
84,Martínez-García et al. 2020,2020,"Prevalence and genotypic diversity of ostreid herpesvirus type 1 in Crassostrea gigas cultured in the Gulf of California, Mexico",https://www.int-res.com/abstracts/dao/v138/p185-194/,"La Cruz coastal lagoon, Sonora",Mexico,NA,"28.79278, -111.89083","28.79278, -111.89083",28.79278,-111.89083,Magallana gigas,,Pacific Oyster,OsHV-1,2017,Field,Web of Science,,NA,NA,NA,NA,"Overall prevalence provided, not broken down by strain; low viral load"
84,Martínez-García et al. 2020,2020,"Prevalence and genotypic diversity of ostreid herpesvirus type 1 in Crassostrea gigas cultured in the Gulf of California, Mexico",https://www.int-res.com/abstracts/dao/v138/p185-194/,"La Cruz coastal lagoon, Sonora",Mexico,NA,"28.79278, -111.89083","28.79278, -111.89083",28.79278,-111.89083,Magallana gigas,,Pacific Oyster,OsHV-1 μVar,2017,Field,Web of Science,,NA,NA,NA,NA,"Overall prevalence provided, not broken down by strain; low viral load"
84,Martínez-García et al. 2020,2020,"Prevalence and genotypic diversity of ostreid herpesvirus type 1 in Crassostrea gigas cultured in the Gulf of California, Mexico",https://www.int-res.com/abstracts/dao/v138/p185-194/,"La Cruz coastal lagoon, Sonora",Mexico,NA,"28.79278, -111.89083","28.79278, -111.89083",28.79278,-111.89083,Magallana gigas,,Pacific Oyster,AVNV,2017,Field,Web of Science,,NA,NA,NA,NA,"Overall prevalence provided, not broken down by strain; low viral load"
84,Martínez-García et al. 2020,2020,"Prevalence and genotypic diversity of ostreid herpesvirus type 1 in Crassostrea gigas cultured in the Gulf of California, Mexico",https://www.int-res.com/abstracts/dao/v138/p185-194/,"La Cruz coastal lagoon, Sonora",Mexico,NA,"28.79278, -111.89083","28.79278, -111.89083",28.79278,-111.89083,Magallana gigas,,Pacific Oyster,OsHV-1,2018,Field,Web of Science,,NA,NA,NA,NA,"Overall prevalence provided, not broken down by strain; low viral load"
84,Martínez-García et al. 2020,2020,"Prevalence and genotypic diversity of ostreid herpesvirus type 1 in Crassostrea gigas cultured in the Gulf of California, Mexico",https://www.int-res.com/abstracts/dao/v138/p185-194/,"La Cruz coastal lagoon, Sonora",Mexico,NA,"28.79278, -111.89083","28.79278, -111.89083",28.79278,-111.89083,Magallana gigas,,Pacific Oyster,OsHV-1 μVar,2018,Field,Web of Science,,NA,NA,NA,NA,"Overall prevalence provided, not broken down by strain; low viral load"
84,Martínez-García et al. 2020,2020,"Prevalence and genotypic diversity of ostreid herpesvirus type 1 in Crassostrea gigas cultured in the Gulf of California, Mexico",https://www.int-res.com/abstracts/dao/v138/p185-194/,"La Cruz coastal lagoon, Sonora",Mexico,NA,"28.79278, -111.89083","28.79278, -111.89083",28.79278,-111.89083,Magallana gigas,,Pacific Oyster,AVNV,2018,Field,Web of Science,,NA,NA,NA,NA,"Overall prevalence provided, not broken down by strain; low viral load"
85,Martenot et al. 2012,2012,Detection of the OsHV-1 μVar in the Pacific oyster Crassostrea gigas before 2008 in France and description of two new microvariants of the Ostreid Herpesvirus 1 (OsHV-1),https://www.sciencedirect.com/science/article/pii/S004484861101012X?via%3Dihub,"Bay of St Vaast La Hougue, Normandy",France,NA,"49.599347, -1.258256","49.599347, -1.258256",49.599347,-1.258256,Magallana gigas,,Pacific Oyster,OsHV-1 μVar,2004,Field,Web of Science,,NA,NA,NA,NA,"Overall prevalence provided, not broken down by strain; low viral load"
85,Martenot et al. 2012,2012,Detection of the OsHV-1 μVar in the Pacific oyster Crassostrea gigas before 2008 in France and description of two new microvariants of the Ostreid Herpesvirus 1 (OsHV-1),https://www.sciencedirect.com/science/article/pii/S004484861101012X?via%3Dihub,"Bay of St Vaast La Hougue, Normandy",France,NA,"49.599347, -1.258256","49.599347, -1.258256",49.599347,-1.258256,Magallana gigas,,Pacific Oyster,OsHV-1 μVar,2005,Field,Web of Science,,NA,NA,NA,NA,"Overall prevalence provided, not broken down by strain; low viral load"
85,Martenot et al. 2012,2012,Detection of the OsHV-1 μVar in the Pacific oyster Crassostrea gigas before 2008 in France and description of two new microvariants of the Ostreid Herpesvirus 1 (OsHV-1),https://www.sciencedirect.com/science/article/pii/S004484861101012X?via%3Dihub,United Kingdom,United Kingdom,NA,"53.726216, -4.723132","53.726216, -4.723132",53.726216,-4.723132,Magallana gigas,,Pacific Oyster,OsHV-1 μVar,2010,Field,Web of Science,,NA,NA,NA,NA,"Overall prevalence provided, not broken down by strain; low viral load"
85,Martenot et al. 2012,2012,Detection of the OsHV-1 μVar in the Pacific oyster Crassostrea gigas before 2008 in France and description of two new microvariants of the Ostreid Herpesvirus 1 (OsHV-1),https://www.sciencedirect.com/science/article/pii/S004484861101012X?via%3Dihub,Brittany,France,NA,"48.605617, -2.647681","48.605617, -2.647681",48.605617,-2.647681,Magallana gigas,,Pacific Oyster,OsHV-1 μVar,2010,Field,Web of Science,,NA,NA,NA,NA,"Overall prevalence provided, not broken down by strain; low viral load"
85,Martenot et al. 2012,2012,Detection of the OsHV-1 μVar in the Pacific oyster Crassostrea gigas before 2008 in France and description of two new microvariants of the Ostreid Herpesvirus 1 (OsHV-1),https://www.sciencedirect.com/science/article/pii/S004484861101012X?via%3Dihub,Vendée,France,NA,"46.832531, -2.150655","46.832531, -2.150655",46.832531,-2.150655,Magallana gigas,,Pacific Oyster,OsHV-1 μVar,2010,Field,Web of Science,,NA,NA,NA,NA,"Overall prevalence provided, not broken down by strain; low viral load"
85,Martenot et al. 2012,2012,Detection of the OsHV-1 μVar in the Pacific oyster Crassostrea gigas before 2008 in France and description of two new microvariants of the Ostreid Herpesvirus 1 (OsHV-1),https://www.sciencedirect.com/science/article/pii/S004484861101012X?via%3Dihub,Normandy,France,NA,"49.717346, -1.907873","49.717346, -1.907873",49.717346,-1.907873,Magallana gigas,,Pacific Oyster,OsHV-1 μVar,2010,Field,Web of Science,,NA,NA,NA,NA,"Overall prevalence provided, not broken down by strain; low viral load"
85,Martenot et al. 2012,2012,Detection of the OsHV-1 μVar in the Pacific oyster Crassostrea gigas before 2008 in France and description of two new microvariants of the Ostreid Herpesvirus 1 (OsHV-1),https://www.sciencedirect.com/science/article/pii/S004484861101012X?via%3Dihub,Gironde,France,NA,"45.470914, -1.174064","45.470914, -1.174064",45.470914,-1.174064,Magallana gigas,,Pacific Oyster,OsHV-1 μVar,2010,Field,Web of Science,,NA,NA,NA,NA,"Overall prevalence provided, not broken down by strain; low viral load"
85,Martenot et al. 2012,2012,Detection of the OsHV-1 μVar in the Pacific oyster Crassostrea gigas before 2008 in France and description of two new microvariants of the Ostreid Herpesvirus 1 (OsHV-1),https://www.sciencedirect.com/science/article/pii/S004484861101012X?via%3Dihub,Languedoc-Rousillon (Pond of Thau),France,NA,"43.379087, 3.571483","43.379087, 3.571483",43.379087,3.571483,Magallana gigas,,Pacific Oyster,OsHV-1 μVar,2010,Field,Web of Science,,NA,NA,NA,NA,"Overall prevalence provided, not broken down by strain; low viral load"
85,Martenot et al. 2012,2012,Detection of the OsHV-1 μVar in the Pacific oyster Crassostrea gigas before 2008 in France and description of two new microvariants of the Ostreid Herpesvirus 1 (OsHV-1),https://www.sciencedirect.com/science/article/pii/S004484861101012X?via%3Dihub,New Caledonia,France,NA,"-20.816845, 165.289901","-20.816845, 165.289901",-20.816845,165.289901,Magallana gigas,,Pacific Oyster,OsHV-1 μVar,2010,Field,Web of Science,,NA,NA,NA,NA,"Overall prevalence provided, not broken down by strain; low viral load"
85,Martenot et al. 2012,2012,Detection of the OsHV-1 μVar in the Pacific oyster Crassostrea gigas before 2008 in France and description of two new microvariants of the Ostreid Herpesvirus 1 (OsHV-1),https://www.sciencedirect.com/science/article/pii/S004484861101012X?via%3Dihub,NA,Ireland,NA,"-41.283525, 174.832068

","-41.283525, 174.832068

",-41.283525,174.832068,Magallana gigas,,Pacific Oyster,OsHV-1 μVar,2010,Field,Web of Science,,NA,NA,NA,NA,"Overall prevalence provided, not broken down by strain; low viral load"
85,Martenot et al. 2012,2012,Detection of the OsHV-1 μVar in the Pacific oyster Crassostrea gigas before 2008 in France and description of two new microvariants of the Ostreid Herpesvirus 1 (OsHV-1),https://www.sciencedirect.com/science/article/pii/S004484861101012X?via%3Dihub,United Kingdom,United Kingdom,NA,"53.726216, -4.723132","53.726216, -4.723132",53.726216,-4.723132,Magallana gigas,,Pacific Oyster,OsHV-1 μVar,2011,Field,Web of Science,,NA,NA,NA,NA,"Overall prevalence provided, not broken down by strain; low viral load"
85,Martenot et al. 2012,2012,Detection of the OsHV-1 μVar in the Pacific oyster Crassostrea gigas before 2008 in France and description of two new microvariants of the Ostreid Herpesvirus 1 (OsHV-1),https://www.sciencedirect.com/science/article/pii/S004484861101012X?via%3Dihub,Brittany,France,NA,"48.605617, -2.647681","48.605617, -2.647681",48.605617,-2.647681,Magallana gigas,,Pacific Oyster,OsHV-1 μVar,2011,Field,Web of Science,,NA,NA,NA,NA,"Overall prevalence provided, not broken down by strain; low viral load"
85,Martenot et al. 2012,2012,Detection of the OsHV-1 μVar in the Pacific oyster Crassostrea gigas before 2008 in France and description of two new microvariants of the Ostreid Herpesvirus 1 (OsHV-1),https://www.sciencedirect.com/science/article/pii/S004484861101012X?via%3Dihub,Vendée,France,NA,"46.832531, -2.150655","46.832531, -2.150655",46.832531,-2.150655,Magallana gigas,,Pacific Oyster,OsHV-1 μVar,2011,Field,Web of Science,,NA,NA,NA,NA,"Overall prevalence provided, not broken down by strain; low viral load"
85,Martenot et al. 2012,2012,Detection of the OsHV-1 μVar in the Pacific oyster Crassostrea gigas before 2008 in France and description of two new microvariants of the Ostreid Herpesvirus 1 (OsHV-1),https://www.sciencedirect.com/science/article/pii/S004484861101012X?via%3Dihub,Normandy,France,NA,"49.717346, -1.907873","49.717346, -1.907873",49.717346,-1.907873,Magallana gigas,,Pacific Oyster,OsHV-1 μVar,2011,Field,Web of Science,,NA,NA,NA,NA,"Overall prevalence provided, not broken down by strain; low viral load"
85,Martenot et al. 2012,2012,Detection of the OsHV-1 μVar in the Pacific oyster Crassostrea gigas before 2008 in France and description of two new microvariants of the Ostreid Herpesvirus 1 (OsHV-1),https://www.sciencedirect.com/science/article/pii/S004484861101012X?via%3Dihub,Gironde,France,NA,"45.470914, -1.174064","45.470914, -1.174064",45.470914,-1.174064,Magallana gigas,,Pacific Oyster,OsHV-1 μVar,2011,Field,Web of Science,,NA,NA,NA,NA,"Overall prevalence provided, not broken down by strain; low viral load"
85,Martenot et al. 2012,2012,Detection of the OsHV-1 μVar in the Pacific oyster Crassostrea gigas before 2008 in France and description of two new microvariants of the Ostreid Herpesvirus 1 (OsHV-1),https://www.sciencedirect.com/science/article/pii/S004484861101012X?via%3Dihub,Languedoc-Rousillon (Pond of Thau),France,NA,"43.379087, 3.571483","43.379087, 3.571483",43.379087,3.571483,Magallana gigas,,Pacific Oyster,OsHV-1 μVar,2011,Field,Web of Science,,NA,NA,NA,NA,"Overall prevalence provided, not broken down by strain; low viral load"
85,Martenot et al. 2012,2012,Detection of the OsHV-1 μVar in the Pacific oyster Crassostrea gigas before 2008 in France and description of two new microvariants of the Ostreid Herpesvirus 1 (OsHV-1),https://www.sciencedirect.com/science/article/pii/S004484861101012X?via%3Dihub,New Caledonia,France,NA,"-20.816845, 165.289901","-20.816845, 165.289901",-20.816845,165.289901,Magallana gigas,,Pacific Oyster,OsHV-1 μVar,2011,Field,Web of Science,,NA,NA,NA,NA,"Overall prevalence provided, not broken down by strain; low viral load"
85,Martenot et al. 2012,2012,Detection of the OsHV-1 μVar in the Pacific oyster Crassostrea gigas before 2008 in France and description of two new microvariants of the Ostreid Herpesvirus 1 (OsHV-1),https://www.sciencedirect.com/science/article/pii/S004484861101012X?via%3Dihub,NA,Ireland,NA,"-41.283525, 174.832068

","-41.283525, 174.832068

",-41.283525,174.832068,Magallana gigas,,Pacific Oyster,OsHV-1 μVar,2011,Field,Web of Science,,NA,NA,NA,NA,"Overall prevalence provided, not broken down by strain; low viral load"
87,Arzeta-Pino et al. 2018,2018,Herpes virus OsHV‐1 and the protistPerkinsus marinusmodifythe expression of the Down syndrome cell adhesion moleculegene in gill and mantle ofCrassostreaspp.,https://onlinelibrary.wiley.com/doi/epdf/10.1111/are.13832,Baja California Sur,Mexico,NA,"30.433320, -115.966632","30.433320, -115.966632",30.43332,-115.966632,Magallana gigas,,Pacific Oyster,OsHV-1,NA,Field,Web of Science,NA,Individuals,NA,NA,NA,Adults
87,Arzeta-Pino et al. 2018,2018,Herpes virus OsHV‐1 and the protistPerkinsus marinusmodifythe expression of the Down syndrome cell adhesion moleculegene in gill and mantle ofCrassostreaspp.,https://onlinelibrary.wiley.com/doi/epdf/10.1111/are.13832,Sonora,Mexico,NA,"28.79278, -111.89083","28.79278, -111.89083",28.79278,-111.89083,Magallana gigas,,Pacific Oyster,OsHV-1,NA,Field,Web of Science,NA,Individuals,NA,NA,NA,Adults
87,Arzeta-Pino et al. 2018,2018,Herpes virus OsHV‐1 and the protistPerkinsus marinusmodifythe expression of the Down syndrome cell adhesion moleculegene in gill and mantle ofCrassostreaspp.,https://onlinelibrary.wiley.com/doi/epdf/10.1111/are.13832,Nayarit,Mexico,NA,"21.493684, -105.225316","21.493684, -105.225316",21.493684,-105.225316,Magallana gigas,,Pacific Oyster,OsHV-1,NA,Field,Web of Science,NA,Individuals,NA,NA,NA,Adults
88,Trancart et al. 2023,2023,Diversity and molecular epidemiology of Ostreid herpesvirus 1 in farmed Crassostrea gigas in Australia: Geographic clusters and implications for “microvariants” in global mortality events,https://www.sciencedirect.com/science/article/pii/S0168170222003239,"Site A, Georges River",Australia,NA,"-34.009025, 151.146594

","-34.009025, 151.146594

",-34.009025,151.146594,Magallana gigas,,Pacific Oyster,OsHV-1 non-μvar variant,2011,Field,Google Scholar Notification,,NA,NA,NA,NA,Grouped by variant & austral summer; no viral load data
88,Trancart et al. 2023,2023,Diversity and molecular epidemiology of Ostreid herpesvirus 1 in farmed Crassostrea gigas in Australia: Geographic clusters and implications for “microvariants” in global mortality events,https://www.sciencedirect.com/science/article/pii/S0168170222003239,"Site C, Georges River",Australia,NA,"-34.034890, 151.149019

","-34.034890, 151.149019

",-34.03489,151.149019,Magallana gigas,,Pacific Oyster,OsHV-1 non-μvar variant,2011,Field,Google Scholar Notification,,NA,NA,NA,NA,Grouped by variant & austral summer; no viral load data
88,Trancart et al. 2023,2023,Diversity and molecular epidemiology of Ostreid herpesvirus 1 in farmed Crassostrea gigas in Australia: Geographic clusters and implications for “microvariants” in global mortality events,https://www.sciencedirect.com/science/article/pii/S0168170222003239,"Site B, Georges River",Australia,NA,"-34.026340, 151.140668

","-34.026340, 151.140668

",-34.02634,151.140668,Magallana gigas,,Pacific Oyster,OsHV-1 non-μvar variant,2012,Field,Google Scholar Notification,,NA,NA,NA,NA,Grouped by variant & austral summer; no viral load data
88,Trancart et al. 2023,2023,Diversity and molecular epidemiology of Ostreid herpesvirus 1 in farmed Crassostrea gigas in Australia: Geographic clusters and implications for “microvariants” in global mortality events,https://www.sciencedirect.com/science/article/pii/S0168170222003239,"Site A, Georges River",Australia,NA,"-34.009025, 151.146594

","-34.009025, 151.146594

",-34.009025,151.146594,Magallana gigas,,Pacific Oyster,OsHV-1 non-μvar variant,2012,Field,Google Scholar Notification,,NA,NA,NA,NA,Grouped by variant & austral summer; no viral load data
88,Trancart et al. 2023,2023,Diversity and molecular epidemiology of Ostreid herpesvirus 1 in farmed Crassostrea gigas in Australia: Geographic clusters and implications for “microvariants” in global mortality events,https://www.sciencedirect.com/science/article/pii/S0168170222003239,"Coba, Hawkesbury River",Australia,NA,"-33.544140, 151.137441

","-33.544140, 151.137441

",-33.54414,151.137441,Magallana gigas,,Pacific Oyster,OsHV-1 non-μvar variant,2013,Field,Google Scholar Notification,,NA,NA,NA,NA,Grouped by variant & austral summer; no viral load data
88,Trancart et al. 2023,2023,Diversity and molecular epidemiology of Ostreid herpesvirus 1 in farmed Crassostrea gigas in Australia: Geographic clusters and implications for “microvariants” in global mortality events,https://www.sciencedirect.com/science/article/pii/S0168170222003239,"Porto, Hawkesbury River",Australia,NA,"-33.572045, 151.221846

","-33.572045, 151.221846

",-33.572045,151.221846,Magallana gigas,,Pacific Oyster,OsHV-1 non-μvar variant,2013,Field,Google Scholar Notification,,NA,NA,NA,NA,Grouped by variant & austral summer; no viral load data
88,Trancart et al. 2023,2023,Diversity and molecular epidemiology of Ostreid herpesvirus 1 in farmed Crassostrea gigas in Australia: Geographic clusters and implications for “microvariants” in global mortality events,https://www.sciencedirect.com/science/article/pii/S0168170222003239,"Mullet, Hawkesbury River",Australia,NA,"-33.515123, 151.236633

","-33.515123, 151.236633

",-33.515123,151.236633,Magallana gigas,,Pacific Oyster,OsHV-1 non-μvar variant,2013,Field,Google Scholar Notification,,NA,NA,NA,NA,Grouped by variant & austral summer; no viral load data
88,Trancart et al. 2023,2023,Diversity and molecular epidemiology of Ostreid herpesvirus 1 in farmed Crassostrea gigas in Australia: Geographic clusters and implications for “microvariants” in global mortality events,https://www.sciencedirect.com/science/article/pii/S0168170222003239,"Neverfail, Georges River",Australia,NA,"-33.576791, 151.130190
","-33.576791, 151.130190
",-33.576791,151.13019,Magallana gigas,,Pacific Oyster,OsHV-1 non-μvar variant,2014,Field,Google Scholar Notification,,NA,NA,NA,NA,Grouped by variant & austral summer; no viral load data
88,Trancart et al. 2023,2023,Diversity and molecular epidemiology of Ostreid herpesvirus 1 in farmed Crassostrea gigas in Australia: Geographic clusters and implications for “microvariants” in global mortality events,https://www.sciencedirect.com/science/article/pii/S0168170222003239,"Site C, Georges River",Australia,NA,"-34.034890, 151.149019

","-34.034890, 151.149019

",-34.03489,151.149019,Magallana gigas,,Pacific Oyster,OsHV-1 non-μvar variant,2014,Field,Google Scholar Notification,,NA,NA,NA,NA,Grouped by variant & austral summer; no viral load data
88,Trancart et al. 2023,2023,Diversity and molecular epidemiology of Ostreid herpesvirus 1 in farmed Crassostrea gigas in Australia: Geographic clusters and implications for “microvariants” in global mortality events,https://www.sciencedirect.com/science/article/pii/S0168170222003239,"The Shed, Georges River",Australia,NA,"-34.038334, 151.151312
","-34.038334, 151.151312
",-34.038334,151.151312,Magallana gigas,,Pacific Oyster,OsHV-1 non-μvar variant,2014,Field,Google Scholar Notification,,NA,NA,NA,NA,Grouped by variant & austral summer; no viral load data
88,Trancart et al. 2023,2023,Diversity and molecular epidemiology of Ostreid herpesvirus 1 in farmed Crassostrea gigas in Australia: Geographic clusters and implications for “microvariants” in global mortality events,https://www.sciencedirect.com/science/article/pii/S0168170222003239,"Kimmerikong, Hawkesbury River",Australia,NA,"-33.547661295076125, 151.15438977805232","-33.547661295076125, 151.15438977805232",-33.5476613,151.1543898,Magallana gigas,,Pacific Oyster,OsHV-1 non-μvar variant,2014,Field,Google Scholar Notification,,NA,NA,NA,NA,Grouped by variant & austral summer; no viral load data
88,Trancart et al. 2023,2023,Diversity and molecular epidemiology of Ostreid herpesvirus 1 in farmed Crassostrea gigas in Australia: Geographic clusters and implications for “microvariants” in global mortality events,https://www.sciencedirect.com/science/article/pii/S0168170222003239,"Mooney, Hawkesbury River",Australia,NA,"-33.526243, 151.203150

","-33.526243, 151.203150

",-33.526243,151.20315,Magallana gigas,,Pacific Oyster,OsHV-1 non-μvar variant,2014,Field,Google Scholar Notification,,NA,NA,NA,NA,Grouped by variant & austral summer; no viral load data
88,Trancart et al. 2023,2023,Diversity and molecular epidemiology of Ostreid herpesvirus 1 in farmed Crassostrea gigas in Australia: Geographic clusters and implications for “microvariants” in global mortality events,https://www.sciencedirect.com/science/article/pii/S0168170222003239,"Porto, Hawkesbury River",Australia,NA,"-33.572045, 151.221846

","-33.572045, 151.221846

",-33.572045,151.221846,Magallana gigas,,Pacific Oyster,OsHV-1 non-μvar variant,2014,Field,Google Scholar Notification,,NA,NA,NA,NA,Grouped by variant & austral summer; no viral load data
88,Trancart et al. 2023,2023,Diversity and molecular epidemiology of Ostreid herpesvirus 1 in farmed Crassostrea gigas in Australia: Geographic clusters and implications for “microvariants” in global mortality events,https://www.sciencedirect.com/science/article/pii/S0168170222003239,"Pitt Water, Tasmania",Australia,NA,"-42.811881, 147.489271","-42.811881, 147.489271",-42.811881,147.489271,Magallana gigas,,Pacific Oyster,OsHV-1 non-μvar variant,2015,Field,Google Scholar Notification,,NA,NA,NA,NA,Grouped by variant & austral summer; no viral load data
88,Trancart et al. 2023,2023,Diversity and molecular epidemiology of Ostreid herpesvirus 1 in farmed Crassostrea gigas in Australia: Geographic clusters and implications for “microvariants” in global mortality events,https://www.sciencedirect.com/science/article/pii/S0168170222003239,"Site C, Georges River",Australia,NA,"-34.034890, 151.149019

","-34.034890, 151.149019

",-34.03489,151.140668,Magallana gigas,,Pacific Oyster,OsHV-1 non-μvar variant,2015,Field,Google Scholar Notification,,NA,NA,NA,NA,Grouped by variant & austral summer; no viral load data
88,Trancart et al. 2023,2023,Diversity and molecular epidemiology of Ostreid herpesvirus 1 in farmed Crassostrea gigas in Australia: Geographic clusters and implications for “microvariants” in global mortality events,https://www.sciencedirect.com/science/article/pii/S0168170222003239,"Site B, Georges River",Australia,NA,"-34.026340, 151.140668

","-34.026340, 151.140668

",-34.02634,151.140668,Magallana gigas,,Pacific Oyster,OsHV-1 non-μvar variant,2015,Field,Google Scholar Notification,,NA,NA,NA,NA,Grouped by variant & austral summer; no viral load data
88,Trancart et al. 2023,2023,Diversity and molecular epidemiology of Ostreid herpesvirus 1 in farmed Crassostrea gigas in Australia: Geographic clusters and implications for “microvariants” in global mortality events,https://www.sciencedirect.com/science/article/pii/S0168170222003239,"Mullet, Hawkesbury River",Australia,NA,"-33.515123, 151.236633

","-33.515123, 151.236633

",-33.515123,151.236633,Magallana gigas,,Pacific Oyster,OsHV-1 non-μvar variant,2015,Field,Google Scholar Notification,,NA,NA,NA,NA,Grouped by variant & austral summer; no viral load data
90,Paul-Pont et al. 2014,2014,"Descriptive epidemiology of mass mortality due to Ostreid herpesvirus-1 (OsHV-1) in commercially farmed Pacific oysters (Crassostrea gigas) in the Hawkesbury River estuary, Australia",https://www.sciencedirect.com/science/article/pii/S0044848613006480,Mooney Mooney Creek,Australia,NA,"-33.497724, 151.196961

","-33.497724, 151.196961

",-33.497724,151.196961,Magallana gigas,,Pacific Oyster,OsHV-1 μVar,2013,Field,Web of Science,,Pools,NA,NA,NA,Table 6
92,Keeling et al. 2014,2014,New Zealand juvenile oyster mortality associated with ostreid herpesvirus 1—an opportunistic longitudinal study,https://www.int-res.com/abstracts/dao/v109/n3/p231-239/,Coromandel,New Zealand,NA,"-36.748620, 175.479523

","-36.748620, 175.479523

",-36.74862,175.479523,Magallana gigas,,Pacific Oyster,OsHV-1 μVar,1999,Field,Snowball,,Individuals,NA,NA,NA,Prevalence not broken down by year or site
92,Keeling et al. 2014,2014,New Zealand juvenile oyster mortality associated with ostreid herpesvirus 1—an opportunistic longitudinal study,https://www.int-res.com/abstracts/dao/v109/n3/p231-239/,Bay of Islands,New Zealand,NA,"-35.213178, 174.126784

","-35.213178, 174.126784

",-35.213178,174.126784,Magallana gigas,,Pacific Oyster,OsHV-1 μVar,2010,Field,Snowball,,Individuals,NA,NA,NA,Prevalence not broken down by year or site
92,Keeling et al. 2014,2014,New Zealand juvenile oyster mortality associated with ostreid herpesvirus 1—an opportunistic longitudinal study,https://www.int-res.com/abstracts/dao/v109/n3/p231-239/,Kaipara,New Zealand,NA,"-36.379587, 174.238498

","-36.379587, 174.238498

",-36.379587,174.238498,Magallana gigas,,Pacific Oyster,OsHV-1 μVar,2010,Field,Snowball,,Individuals,NA,NA,NA,Prevalence not broken down by year or site
92,Keeling et al. 2014,2014,New Zealand juvenile oyster mortality associated with ostreid herpesvirus 1—an opportunistic longitudinal study,https://www.int-res.com/abstracts/dao/v109/n3/p231-239/,Dyers Creek,New Zealand,NA,"-36.458464, 174.702045

","-36.458464, 174.702045

",-36.458464,174.702045,Magallana gigas,,Pacific Oyster,OsHV-1 μVar,2010,Field,Snowball,,Individuals,NA,NA,NA,Prevalence not broken down by year or site
92,Keeling et al. 2014,2014,New Zealand juvenile oyster mortality associated with ostreid herpesvirus 1—an opportunistic longitudinal study,https://www.int-res.com/abstracts/dao/v109/n3/p231-239/,Mahurangi Harbour,New Zealand,NA,"-36.476935, 174.722596","-36.476935, 174.722596",-36.476935,174.722596,Magallana gigas,,Pacific Oyster,OsHV-1 μVar,2010,Field,Snowball,,Individuals,NA,NA,NA,Prevalence not broken down by year or site
92,Keeling et al. 2014,2014,New Zealand juvenile oyster mortality associated with ostreid herpesvirus 1—an opportunistic longitudinal study,https://www.int-res.com/abstracts/dao/v109/n3/p231-239/,Bay of Islands,New Zealand,NA,"-35.213178, 174.126784

","-35.213178, 174.126784

",-35.213178,174.126784,Magallana gigas,,Pacific Oyster,OsHV-1 μVar,2011,Field,Snowball,,Individuals,NA,NA,NA,Prevalence not broken down by year or site
92,Keeling et al. 2014,2014,New Zealand juvenile oyster mortality associated with ostreid herpesvirus 1—an opportunistic longitudinal study,https://www.int-res.com/abstracts/dao/v109/n3/p231-239/,Houhora harbour,New Zealand,NA,"-34.795816, 173.121269

","-34.795816, 173.121269

",-34.795816,173.121269,Magallana gigas,,Pacific Oyster,OsHV-1 μVar,2012,Field,Snowball,,Individuals,NA,NA,NA,Prevalence not broken down by year or site
96,Le Deuff et al. 1994,1994,"Experimental transmission of a Herpes-like virus to axenic larvae of Pacific oyster, Crassostrea gigas",https://archimer.ifremer.fr/doc/1994/publication-2887.pdf,France,France,NA,"49.717346, -1.907873","49.717346, -1.907873",49.717346,-1.907873,Magallana gigas,,Pacific Oyster,Herpes-like virus,NA,Lab,Web of Science,,NA,NA,NA,NA,
97,Le Deuff et al. 1996,1996,Effects of temperature on herpes-like virus detection among hatchery-reared larval Pacific oyster Crassostrea gigas,https://www.int-res.com/articles/dao/24/d024p149.pdf,La Tremblade,France,NA,"45.795130, -1.236367","45.795130, -1.236367",45.79513,-1.236367,Magallana gigas,,Pacific Oyster,Herpes-like virus,NA,NA,NA,NA,NA,NA,NA,NA,Lesions observed via Light Microscopy & TEM; not included
97,Le Deuff et al. 1996,1996,Effects of temperature on herpes-like virus detection among hatchery-reared larval Pacific oyster Crassostrea gigas,https://www.int-res.com/articles/dao/24/d024p149.pdf,Arcachon,France,NA,"44.651403, -1.175354","44.651403, -1.175354",44.651403,-1.175354,Magallana gigas,,Pacific Oyster,Herpes-like virus,NA,NA,NA,NA,NA,NA,NA,NA,Lesions observed via Light Microscopy & TEM; not included
97,Le Deuff et al. 1996,1996,Effects of temperature on herpes-like virus detection among hatchery-reared larval Pacific oyster Crassostrea gigas,https://www.int-res.com/articles/dao/24/d024p149.pdf,Marennes,France,NA,"45.835796, -1.158623","45.835796, -1.158623",45.835796,-1.158623,Magallana gigas,,Pacific Oyster,Herpes-like virus,NA,NA,NA,NA,NA,NA,NA,NA,Lesions observed via Light Microscopy & TEM; not included
98,Friedman et al. 2020,2020,Unraveling concordant and varying responses of oyster species to Ostreid Herpesvirus 1 variants,https://www.sciencedirect.com/science/article/pii/S0048969720332721?via%3Dihub,"Tomales Bay, California",USA,"38°07′30.9”N, 122°51′48.4”W","38.1252500, -122.8634444","38.1252500, -122.8634444",38.12525,-122.8634444,Magallana gigas,,Pacific Oyster,OsHV-1,2017,Field,Snowball,TB OsHV-1,NA,NA,NA,4590000,No prevalence data available
99,Divilov et al. 2019,2019,First evaluation of resistance to both a California OsHV-1 variant and a French OsHV-1 microvariant in Pacific oysters,https://bmcgenomdata.biomedcentral.com/articles/10.1186/s12863-019-0791-3#Abs1,"Tomales Bay, California",USA,NA,"38.210853, -122.932268","38.210853, -122.932268",38.210853,-122.932268,Magallana gigas,,Pacific Oyster,OsHV-1 μVar,2018,Field,Web of Science,,Individuals,NA,NA,14800000,Fig 2A error bar
101,Kim et al. 2019,2019,Mass mortality in Korean bay scallop (Argopecten irradians) associated with Ostreid Herpesvirus-1 μVar,https://pubmed.ncbi.nlm.nih.gov/30972971/,South Coast,Korea,NA,"35.013575, 128.538183

","35.013575, 128.538183

",35.013575,128.538183,Magallana gigas,,Pacific Oyster,OsHV-1 μVar,2017,Field,Snowball,,NA,NA,NA,NA,
101,Kim et al. 2019,2019,Mass mortality in Korean bay scallop (Argopecten irradians) associated with Ostreid Herpesvirus-1 μVar,https://pubmed.ncbi.nlm.nih.gov/30972971/,South Coast,Korea,NA,"35.013575, 128.538183

","35.013575, 128.538183

",35.013575,128.538183,Magallana gigas,,Pacific Oyster,OsHV-1 μVar,2018,Field,Snowball,,NA,NA,NA,NA,
102,Tang et al. 2010,2010,Physiological and immune responses of zhikong scallop Chlamys farreri to the acute viral necrobiotic virus infection,https://www.sciencedirect.com/science/article/pii/S1050464810000690?via%3Dihub,"Jiaozhou Bay in Qingdao, Shandong Province",China,NA,"37.264727, 119.380916","37.264727, 119.380916",37.264727,119.380916,Chlamys farreri,,Scallop,AVNV,2007,Field,Web of Science,,NA,NA,NA,NA,
103,Whittington et al. 2013,2013,"Final Report: 2011/053 Aquatic Animal Health Subprogram: Pacific oyster mortality syndrome (POMS) – understanding biotic and abiotic environmental and husbandry effects to reduce economic losses
",https://www.frdc.com.au/sites/default/files/products/2011-053-DLD.pdf,Woolooware Bay,Australia,"-34.031666666666666, 151.1511111111111
",NA,"-34.031666666666666, 151.1511111111111
",-34.03166667,151.1511111,Magallana gigas,,Pacific Oyster,OsHV-1,2011,Field,Snowball,,Pools,NA,NA,NA,
103,Whittington et al. 2013,2013,"Final Report: 2011/053 Aquatic Animal Health Subprogram: Pacific oyster mortality syndrome (POMS) – understanding biotic and abiotic environmental and husbandry effects to reduce economic losses
",https://www.frdc.com.au/sites/default/files/products/2011-053-DLD.pdf,Woolooware Bay,Australia,"-34.031666666666666, 151.1511111111111
",NA,"-34.031666666666666, 151.1511111111111
",-34.03166667,151.1511111,Saccostrea glomerata,,Other Oyster,OsHV-1,2011,Field,Snowball,,Pools,NA,6,NA,
103,Whittington et al. 2013,2013,"Final Report: 2011/053 Aquatic Animal Health Subprogram: Pacific oyster mortality syndrome (POMS) – understanding biotic and abiotic environmental and husbandry effects to reduce economic losses
",https://www.frdc.com.au/sites/default/files/products/2011-053-DLD.pdf,Woolooware Bay,Australia,"-34.031666666666666, 151.1511111111111
",NA,"-34.031666666666666, 151.1511111111111
",-34.03166667,151.1511111,Magallana gigas,,Pacific Oyster,OsHV-1,2012,Field,Snowball,,Pools,NA,NA,NA,
103,Whittington et al. 2013,2013,"Final Report: 2011/053 Aquatic Animal Health Subprogram: Pacific oyster mortality syndrome (POMS) – understanding biotic and abiotic environmental and husbandry effects to reduce economic losses
",https://www.frdc.com.au/sites/default/files/products/2011-053-DLD.pdf,Woolooware Bay,Australia,"-34.031666666666666, 151.1511111111111
",NA,"-34.031666666666666, 151.1511111111111
",-34.03166667,151.1511111,Saccostrea glomerata,,Other Oyster,OsHV-1,2012,Field,Snowball,,Pools,NA,2,NA,
105,Dundon et al. 2011,2011,Detection of Type 1 Ostreid Herpes variant (OsHV-1 μVar) with no associated mortality in French-origin Pacific cupped oyster Crassostrea gigas farmed in Italy,https://www.sciencedirect.com/science/article/pii/S0044848611001256,Marche,Italy,43°25′N 13°43′E,"43.416143, 13.718034","43.416143, 13.718034",43.416143,13.718034,Magallana gigas,,Pacific Oyster,OsHV-1 μVar,2010,Field,Snowball,,Individuals,NA,120,9.92,viral copies from RT-PCR
107,Bai et al. 2017,2017,Experimental infection of adult Scapharca broughtonii with Ostreid herpesvirus SB strain,https://www.sciencedirect.com/science/article/pii/S0022201116302348?via%3Dihub,"Chengshantou area, Shandong Province",China,NA,"37.391497, 122.703273","37.391497, 122.703273",37.391497,122.703273,Scapharca broughtonii,Ark Clam,Clam,OsHV-1,NA,Lab,Web of Science,OsHV-1 SB,NA,NA,NA,63000,
108,Mortensen et al. 2016,2016,Summer mortalities and detection of ostreid herpesvirus microvariant in Pacific oyster Crassostrea gigas in Sweden and Norway,https://www.int-res.com/abstracts/dao/v117/n3/p171-176,Hui,Norway,"59.1260, 10.3656",NA,"59.1260, 10.3656",59.126,10.3656,Magallana gigas,,Pacific Oyster,OsHV-1 μVar,2010,Field,Snowball,,Individuals,NA,NA,NA,
108,Mortensen et al. 2016,2016,Summer mortalities and detection of ostreid herpesvirus microvariant in Pacific oyster Crassostrea gigas in Sweden and Norway,https://www.int-res.com/abstracts/dao/v117/n3/p171-176,Koster,Sweden,"58.8967, 11.0491",NA,"58.8967, 11.0491",58.8967,11.0491,Magallana gigas,,Pacific Oyster,OsHV-1 μVar,2014,Field,Snowball,,Individuals,NA,NA,NA,spat
110,Vanhuysse et al. 2021,2021,Changes in benthic macrofauna in oyster parks during an OsHV-1 μVar oyster spat mortality outbreak,https://www.sciencedirect.com/science/article/pii/S0025326X21002733?via%3Dihub,"Bay des Veys, Normandy ",France,49°22′53.2″ N; 001°05′44.2″ W ,"49.386373, -1.130040","49.386373, -1.130040",49.386373,-1.13004,Arenicola marina,,Annelid,OsHV-1 μVar,2017,Field,Web of Science,,Individuals,NA,NA,NA,
110,Vanhuysse et al. 2021,2021,Changes in benthic macrofauna in oyster parks during an OsHV-1 μVar oyster spat mortality outbreak,https://www.sciencedirect.com/science/article/pii/S0025326X21002733?via%3Dihub,"Bay des Veys, Normandy ",France,49°22′53.2″ N; 001°05′44.2″ W ,"49.386373, -1.130040","49.386373, -1.130040",49.386373,-1.13004,Crangon crangon,,Crustacean,OsHV-1 μVar,2017,Field,Web of Science,,Individuals,NA,NA,NA,
110,Vanhuysse et al. 2021,2021,Changes in benthic macrofauna in oyster parks during an OsHV-1 μVar oyster spat mortality outbreak,https://www.sciencedirect.com/science/article/pii/S0025326X21002733?via%3Dihub,"Bay des Veys, Normandy ",France,49°22′53.2″ N; 001°05′44.2″ W ,"49.386373, -1.130040","49.386373, -1.130040",49.386373,-1.13004,Cerastoderma edule,,Cockle,OsHV-1 μVar,2017,Field,Web of Science,,Individuals,NA,NA,NA,
110,Vanhuysse et al. 2021,2021,Changes in benthic macrofauna in oyster parks during an OsHV-1 μVar oyster spat mortality outbreak,https://www.sciencedirect.com/science/article/pii/S0025326X21002733?via%3Dihub,"Bay des Veys, Normandy ",France,49°22′53.2″ N; 001°05′44.2″ W ,"49.386373, -1.130040","49.386373, -1.130040",49.386373,-1.13004,Crepidula fornicata,,Gastropod,OsHV-1 μVar,2017,Field,Web of Science,,Individuals,NA,NA,NA,
110,Vanhuysse et al. 2021,2021,Changes in benthic macrofauna in oyster parks during an OsHV-1 μVar oyster spat mortality outbreak,https://www.sciencedirect.com/science/article/pii/S0025326X21002733?via%3Dihub,"Bay des Veys, Normandy ",France,49°22′53.2″ N; 001°05′44.2″ W ,"49.386373, -1.130040","49.386373, -1.130040",49.386373,-1.13004,Golfingia vulgaris,,Annelid,OsHV-1 μVar,2017,Field,Web of Science,,Individuals,NA,NA,NA,
110,Vanhuysse et al. 2021,2021,Changes in benthic macrofauna in oyster parks during an OsHV-1 μVar oyster spat mortality outbreak,https://www.sciencedirect.com/science/article/pii/S0025326X21002733?via%3Dihub,"Bay des Veys, Normandy ",France,49°22′53.2″ N; 001°05′44.2″ W ,"49.386373, -1.130040","49.386373, -1.130040",49.386373,-1.13004,L. conchilega,,Annelid,OsHV-1 μVar,2017,Field,Web of Science,,Individuals,NA,NA,NA,
110,Vanhuysse et al. 2021,2021,Changes in benthic macrofauna in oyster parks during an OsHV-1 μVar oyster spat mortality outbreak,https://www.sciencedirect.com/science/article/pii/S0025326X21002733?via%3Dihub,"Bay des Veys, Normandy ",France,49°22′53.2″ N; 001°05′44.2″ W ,"49.386373, -1.130040","49.386373, -1.130040",49.386373,-1.13004,Lineus spp.,,Annelid,OsHV-1 μVar,2017,Field,Web of Science,,Individuals,NA,NA,NA,
110,Vanhuysse et al. 2021,2021,Changes in benthic macrofauna in oyster parks during an OsHV-1 μVar oyster spat mortality outbreak,https://www.sciencedirect.com/science/article/pii/S0025326X21002733?via%3Dihub,"Bay des Veys, Normandy ",France,49°22′53.2″ N; 001°05′44.2″ W ,"49.386373, -1.130040","49.386373, -1.130040",49.386373,-1.13004,Balanus spp.,,Crustacean,OsHV-1 μVar,2017,Field,Web of Science,,Individuals,NA,NA,NA,
110,Vanhuysse et al. 2021,2021,Changes in benthic macrofauna in oyster parks during an OsHV-1 μVar oyster spat mortality outbreak,https://www.sciencedirect.com/science/article/pii/S0025326X21002733?via%3Dihub,"Bay des Veys, Normandy ",France,49°22′53.2″ N; 001°05′44.2″ W ,"49.386373, -1.130040","49.386373, -1.130040",49.386373,-1.13004,Phyllodoce mucosa,,Annelid,OsHV-1 μVar,2017,Field,Web of Science,,Individuals,NA,NA,NA,
110,Vanhuysse et al. 2021,2021,Changes in benthic macrofauna in oyster parks during an OsHV-1 μVar oyster spat mortality outbreak,https://www.sciencedirect.com/science/article/pii/S0025326X21002733?via%3Dihub,"Bay des Veys, Normandy ",France,49°22′53.2″ N; 001°05′44.2″ W ,"49.386373, -1.130040","49.386373, -1.130040",49.386373,-1.13004,Carcinus maenas,,Crab,OsHV-1 μVar,2017,Field,Web of Science,,Individuals,NA,NA,NA,
110,Vanhuysse et al. 2021,2021,Changes in benthic macrofauna in oyster parks during an OsHV-1 μVar oyster spat mortality outbreak,https://www.sciencedirect.com/science/article/pii/S0025326X21002733?via%3Dihub,"Bay des Veys, Normandy ",France,49°22′53.2″ N; 001°05′44.2″ W ,"49.386373, -1.130040","49.386373, -1.130040",49.386373,-1.13004,Gammarus obtusatus,,Crustacean,OsHV-1 μVar,2017,Field,Web of Science,,Individuals,NA,NA,NA,
110,Vanhuysse et al. 2021,2021,Changes in benthic macrofauna in oyster parks during an OsHV-1 μVar oyster spat mortality outbreak,https://www.sciencedirect.com/science/article/pii/S0025326X21002733?via%3Dihub,"Bay des Veys, Normandy ",France,49°22′53.2″ N; 001°05′44.2″ W ,"49.386373, -1.130040","49.386373, -1.130040",49.386373,-1.13004,Littorina littorea,,Gastropod,OsHV-1 μVar,2017,Field,Web of Science,,Individuals,NA,NA,NA,
110,Vanhuysse et al. 2021,2021,Changes in benthic macrofauna in oyster parks during an OsHV-1 μVar oyster spat mortality outbreak,https://www.sciencedirect.com/science/article/pii/S0025326X21002733?via%3Dihub,"Bay des Veys, Normandy ",France,49°22′53.2″ N; 001°05′44.2″ W ,"49.386373, -1.130040","49.386373, -1.130040",49.386373,-1.13004,Mytilus edulis,,Mussel,OsHV-1 μVar,2017,Field,Web of Science,,Individuals,NA,NA,NA,
110,Vanhuysse et al. 2021,2021,Changes in benthic macrofauna in oyster parks during an OsHV-1 μVar oyster spat mortality outbreak,https://www.sciencedirect.com/science/article/pii/S0025326X21002733?via%3Dihub,"Bay des Veys, Normandy ",France,49°22′53.2″ N; 001°05′44.2″ W ,"49.386373, -1.130040","49.386373, -1.130040",49.386373,-1.13004,Scoloplos armiger,,Annelid,OsHV-1 μVar,2017,Field,Web of Science,,Individuals,NA,NA,NA,
111,Xin et al. 2019,2019,"OsHV-1 infection leads to mollusc tissue lesion and iron redistribution, revealing a strategy of iron limitation against pathogen",https://academic.oup.com/metallomics/article/11/4/822/5952389,QingdaoE),China,"36 50 N, 120 96 E","36.129835, 120.260250","36.129835, 120.260250",36.129835,120.26025,Scapharca broughtonii,,Clam,OsHV-1,NA,NA,NA,,Individuals,NA,NA,NA,
112,Gittenberger et al. 2016,2016,"Ostreid herpesvirus OsHV-1lVar in Pacific oystersCrassostrea gigas (Thunberg 1793) of the Wadden Sea, aUNESCO world heritage site",https://onlinelibrary.wiley.com/doi/epdf/10.1111/jfd.12332,Vierhuistergat,Netherlands,NA,"53.411719, 6.241308","53.411719, 6.241308",53.411719,6.241308,Magallana gigas,,Pacific Oyster,OsHV-1 μVar,2012,Field,Snowball,,Individuals,NA,NA,NA,
112,Gittenberger et al. 2016,2016,"Ostreid herpesvirus OsHV-1lVar in Pacific oystersCrassostrea gigas (Thunberg 1793) of the Wadden Sea, aUNESCO world heritage site",https://onlinelibrary.wiley.com/doi/epdf/10.1111/jfd.12332,Schiermonnikoog,Netherlands,NA,"53.488658, 6.286626","53.488658, 6.286626",53.488658,6.286626,Magallana gigas,,Pacific Oyster,OsHV-1 μVar,2012,Field,Snowball,,Individuals,NA,NA,NA,
112,Gittenberger et al. 2016,2016,"Ostreid herpesvirus OsHV-1lVar in Pacific oystersCrassostrea gigas (Thunberg 1793) of the Wadden Sea, aUNESCO world heritage site",https://onlinelibrary.wiley.com/doi/epdf/10.1111/jfd.12332,Eemshaven,Netherlands,NA,"53.446789, 6.834127","53.446789, 6.834127",53.446789,6.834127,Magallana gigas,,Pacific Oyster,OsHV-1 μVar,2012,Field,Snowball,,Individuals,NA,NA,NA,
113,Morrissey et al. 2016,2016,An investigation of ostreid herpes virus microvariants found in Crassostrea gigas oyster producing bays in Ireland,https://www.sciencedirect.com/science/article/abs/pii/S004484861500109X?via%3Dihub,Castlemaine,Ireland,NA,"52.167350, -9.702213","52.167350, -9.702213",52.16735,-9.702213,Magallana gigas,,Pacific Oyster,OsHV-1 μVar,2008,Field,Snowball,,Individuals,NA,NA,NA,
113,Morrissey et al. 2016,2016,An investigation of ostreid herpes virus microvariants found in Crassostrea gigas oyster producing bays in Ireland,https://www.sciencedirect.com/science/article/abs/pii/S004484861500109X?via%3Dihub,Woodstown,Ireland,NA,"52.251708, -7.195320","52.251708, -7.195320",52.251708,-7.19532,Magallana gigas,,Pacific Oyster,OsHV-1 μVar,2008,Field,Snowball,,Individuals,NA,NA,NA,
113,Morrissey et al. 2016,2016,An investigation of ostreid herpes virus microvariants found in Crassostrea gigas oyster producing bays in Ireland,https://www.sciencedirect.com/science/article/abs/pii/S004484861500109X?via%3Dihub,Valentia River/Caherciveen,Ireland,NA,"51.949487, -10.225544

","51.949487, -10.225544

",51.949487,-10.225544,Magallana gigas,,Pacific Oyster,OsHV-1 μVar,2009,Field,Snowball,,Individuals,NA,NA,NA,
113,Morrissey et al. 2016,2016,An investigation of ostreid herpes virus microvariants found in Crassostrea gigas oyster producing bays in Ireland,https://www.sciencedirect.com/science/article/abs/pii/S004484861500109X?via%3Dihub,Achill,Ireland,NA,"53.930654, -9.922565","53.930654, -9.922565",53.930654,-9.922565,Magallana gigas,,Pacific Oyster,OsHV-1 μVar,2009,Field,Snowball,,Individuals,NA,NA,NA,
113,Morrissey et al. 2016,2016,An investigation of ostreid herpes virus microvariants found in Crassostrea gigas oyster producing bays in Ireland,https://www.sciencedirect.com/science/article/abs/pii/S004484861500109X?via%3Dihub,Clew Bay,Ireland,NA,"53.832573, -9.780322","53.832573, -9.780322",53.832573,-9.780322,Magallana gigas,,Pacific Oyster,OsHV-1 μVar,2009,Field,Snowball,,Individuals,NA,NA,NA,
113,Morrissey et al. 2016,2016,An investigation of ostreid herpes virus microvariants found in Crassostrea gigas oyster producing bays in Ireland,https://www.sciencedirect.com/science/article/abs/pii/S004484861500109X?via%3Dihub,Castlemaine,Ireland,NA,"52.167350, -9.702214","52.167350, -9.702213",52.16735,-9.702213,Magallana gigas,,Pacific Oyster,OsHV-1 μVar,2009,Field,Snowball,,Individuals,NA,NA,NA,
113,Morrissey et al. 2016,2016,An investigation of ostreid herpes virus microvariants found in Crassostrea gigas oyster producing bays in Ireland,https://www.sciencedirect.com/science/article/abs/pii/S004484861500109X?via%3Dihub,Castlemaine,Ireland,NA,"52.167350, -9.702215","52.167350, -9.702213",52.16735,-9.702213,Magallana gigas,,Pacific Oyster,OsHV-1 μVar,2009,Field,Snowball,,Individuals,NA,NA,NA,
113,Morrissey et al. 2016,2016,An investigation of ostreid herpes virus microvariants found in Crassostrea gigas oyster producing bays in Ireland,https://www.sciencedirect.com/science/article/abs/pii/S004484861500109X?via%3Dihub,Baltimore,Ireland,NA,"51.487829, -9.368446","51.487829, -9.368446",51.487829,-9.368446,Magallana gigas,,Pacific Oyster,OsHV-1 μVar,2009,Field,Snowball,,Individuals,NA,NA,NA,
113,Morrissey et al. 2016,2016,An investigation of ostreid herpes virus microvariants found in Crassostrea gigas oyster producing bays in Ireland,https://www.sciencedirect.com/science/article/abs/pii/S004484861500109X?via%3Dihub,Poulnarone Creek,Ireland,NA,"52.619069, -9.050952","52.619069, -9.050952",52.619069,-9.050952,Magallana gigas,,Pacific Oyster,OsHV-1 μVar,2009,Field,Snowball,,Individuals,NA,NA,NA,
113,Morrissey et al. 2016,2016,An investigation of ostreid herpes virus microvariants found in Crassostrea gigas oyster producing bays in Ireland,https://www.sciencedirect.com/science/article/abs/pii/S004484861500109X?via%3Dihub,Loughras Beag,Ireland,NA,"54.789360, -8.549237","54.789360, -8.549237",54.78936,-8.549237,Magallana gigas,,Pacific Oyster,OsHV-1 μVar,2009,Field,Snowball,,Individuals,NA,NA,NA,
113,Morrissey et al. 2016,2016,An investigation of ostreid herpes virus microvariants found in Crassostrea gigas oyster producing bays in Ireland,https://www.sciencedirect.com/science/article/abs/pii/S004484861500109X?via%3Dihub,Dungloe,Ireland,NA,"54.949387, -8.364449","54.949387, -8.364449",54.949387,-8.364449,Magallana gigas,,Pacific Oyster,OsHV-1 μVar,2009,Field,Snowball,,Individuals,NA,NA,NA,
113,Morrissey et al. 2016,2016,An investigation of ostreid herpes virus microvariants found in Crassostrea gigas oyster producing bays in Ireland,https://www.sciencedirect.com/science/article/abs/pii/S004484861500109X?via%3Dihub,Trawenagh,Ireland,NA,"54.891657, -8.359944","54.891657, -8.359944",54.891657,-8.359944,Magallana gigas,,Pacific Oyster,OsHV-1 μVar,2009,Field,Snowball,,Individuals,NA,NA,NA,
113,Morrissey et al. 2016,2016,An investigation of ostreid herpes virus microvariants found in Crassostrea gigas oyster producing bays in Ireland,https://www.sciencedirect.com/science/article/abs/pii/S004484861500109X?via%3Dihub,Donegal Bay,Ireland,NA,"54.650475, -8.117177","54.650475, -8.117177",54.650475,-8.117177,Magallana gigas,,Pacific Oyster,OsHV-1 μVar,2009,Field,Snowball,,Individuals,NA,NA,NA,
113,Morrissey et al. 2016,2016,An investigation of ostreid herpes virus microvariants found in Crassostrea gigas oyster producing bays in Ireland,https://www.sciencedirect.com/science/article/abs/pii/S004484861500109X?via%3Dihub,Donegal Bay,Ireland,NA,"54.650475, -8.117177","54.650475, -8.117177",54.650475,-8.117177,Magallana gigas,,Pacific Oyster,OsHV-1 μVar,2009,Field,Snowball,,Individuals,NA,NA,NA,
113,Morrissey et al. 2016,2016,An investigation of ostreid herpes virus microvariants found in Crassostrea gigas oyster producing bays in Ireland,https://www.sciencedirect.com/science/article/abs/pii/S004484861500109X?via%3Dihub,Ballymacoda,Ireland,NA,"51.899636, -7.922395","51.899636, -7.922395",51.899636,-7.922395,Magallana gigas,,Pacific Oyster,OsHV-1 μVar,2009,Field,Snowball,,Individuals,NA,NA,NA,
113,Morrissey et al. 2016,2016,An investigation of ostreid herpes virus microvariants found in Crassostrea gigas oyster producing bays in Ireland,https://www.sciencedirect.com/science/article/abs/pii/S004484861500109X?via%3Dihub,Dungarvan,Ireland,NA,"52.06904729263853, -7.573733962411507","52.06904729263853, -7.573733962411507",52.06904729,-7.573733962,Magallana gigas,,Pacific Oyster,OsHV-1 μVar,2009,Field,Snowball,,Individuals,NA,NA,NA,
113,Morrissey et al. 2016,2016,An investigation of ostreid herpes virus microvariants found in Crassostrea gigas oyster producing bays in Ireland,https://www.sciencedirect.com/science/article/abs/pii/S004484861500109X?via%3Dihub,Lough Swilly,Ireland,NA,"55.227967, -7.545227","55.227967, -7.545227",55.227967,-7.545227,Magallana gigas,,Pacific Oyster,OsHV-1 μVar,2009,Field,Snowball,,Individuals,NA,NA,NA,
113,Morrissey et al. 2016,2016,An investigation of ostreid herpes virus microvariants found in Crassostrea gigas oyster producing bays in Ireland,https://www.sciencedirect.com/science/article/abs/pii/S004484861500109X?via%3Dihub,Trawbreaga,Ireland,NA,"55.286209, -7.293413","55.286209, -7.293413",55.286209,-7.293413,Magallana gigas,,Pacific Oyster,OsHV-1 μVar,2009,Field,Snowball,,Individuals,NA,NA,NA,
113,Morrissey et al. 2016,2016,An investigation of ostreid herpes virus microvariants found in Crassostrea gigas oyster producing bays in Ireland,https://www.sciencedirect.com/science/article/abs/pii/S004484861500109X?via%3Dihub,Woodstown,Ireland,NA,"52.251708, -7.195321","52.251708, -7.195320",52.251708,-7.19532,Magallana gigas,,Pacific Oyster,OsHV-1 μVar,2009,Field,Snowball,,Individuals,NA,NA,NA,
113,Morrissey et al. 2016,2016,An investigation of ostreid herpes virus microvariants found in Crassostrea gigas oyster producing bays in Ireland,https://www.sciencedirect.com/science/article/abs/pii/S004484861500109X?via%3Dihub,Carlingford,Ireland,NA,"54.042005, -6.183865","54.042005, -6.183865",54.042005,-6.183865,Magallana gigas,,Pacific Oyster,OsHV-1 μVar,2009,Field,Snowball,,Individuals,NA,NA,NA,
113,Morrissey et al. 2016,2016,An investigation of ostreid herpes virus microvariants found in Crassostrea gigas oyster producing bays in Ireland,https://www.sciencedirect.com/science/article/abs/pii/S004484861500109X?via%3Dihub,Valentia River/Caherciveen,Ireland,NA,"51.949487, -10.225544

","51.949487, -10.225544

",51.949487,-10.225544,Magallana gigas,,Pacific Oyster,OsHV-1 μVar,2010,Field,Snowball,,Individuals,NA,NA,NA,
113,Morrissey et al. 2016,2016,An investigation of ostreid herpes virus microvariants found in Crassostrea gigas oyster producing bays in Ireland,https://www.sciencedirect.com/science/article/abs/pii/S004484861500109X?via%3Dihub,Castlemaine,Ireland,NA,"52.167350, -9.702216","52.167350, -9.702213",52.16735,-9.702213,Magallana gigas,,Pacific Oyster,OsHV-1 μVar,2010,Field,Snowball,,Individuals,NA,NA,NA,
113,Morrissey et al. 2016,2016,An investigation of ostreid herpes virus microvariants found in Crassostrea gigas oyster producing bays in Ireland,https://www.sciencedirect.com/science/article/abs/pii/S004484861500109X?via%3Dihub,Shannon Estuary,Ireland,NA,"2.611278, -9.583906","2.611278, -9.583906",2.611278,-9.583906,Magallana gigas,,Pacific Oyster,OsHV-1 μVar,2010,Field,Snowball,,Individuals,NA,NA,NA,
113,Morrissey et al. 2016,2016,An investigation of ostreid herpes virus microvariants found in Crassostrea gigas oyster producing bays in Ireland,https://www.sciencedirect.com/science/article/abs/pii/S004484861500109X?via%3Dihub,Sherkin,Ireland,NA,"51.478292, -9.425799","51.478292, -9.425799",51.478292,-9.425799,Magallana gigas,,Pacific Oyster,OsHV-1 μVar,2010,Field,Snowball,,Individuals,NA,NA,NA,
113,Morrissey et al. 2016,2016,An investigation of ostreid herpes virus microvariants found in Crassostrea gigas oyster producing bays in Ireland,https://www.sciencedirect.com/science/article/abs/pii/S004484861500109X?via%3Dihub,Cork Harbour,Ireland,NA,"51.857920, -8.264120","51.857920, -8.264120",51.85792,-8.26412,Magallana gigas,,Pacific Oyster,OsHV-1 μVar,2010,Field,Snowball,,Individuals,NA,NA,NA,
113,Morrissey et al. 2016,2016,An investigation of ostreid herpes virus microvariants found in Crassostrea gigas oyster producing bays in Ireland,https://www.sciencedirect.com/science/article/abs/pii/S004484861500109X?via%3Dihub,Mulroy,Ireland,NA,"55.137866, -7.687481","55.137866, -7.687481",55.137866,-7.687481,Magallana gigas,,Pacific Oyster,OsHV-1 μVar,2010,Field,Snowball,,Individuals,NA,NA,NA,
113,Morrissey et al. 2016,2016,An investigation of ostreid herpes virus microvariants found in Crassostrea gigas oyster producing bays in Ireland,https://www.sciencedirect.com/science/article/abs/pii/S004484861500109X?via%3Dihub,Dungarvan,Ireland,NA,"52.06904729263853, -7.573733962411507","52.06904729263853, -7.573733962411507",52.06904729,-7.573733962,Magallana gigas,,Pacific Oyster,OsHV-1 μVar,2010,Field,Snowball,,Individuals,NA,NA,NA,
113,Morrissey et al. 2016,2016,An investigation of ostreid herpes virus microvariants found in Crassostrea gigas oyster producing bays in Ireland,https://www.sciencedirect.com/science/article/abs/pii/S004484861500109X?via%3Dihub,Lough Foyle,Ireland,NA,"55.113687, -7.117060","55.113687, -7.117060",55.113687,-7.11706,Magallana gigas,,Pacific Oyster,OsHV-1 μVar,2010,Field,Snowball,,Individuals,NA,NA,NA,
113,Morrissey et al. 2016,2016,An investigation of ostreid herpes virus microvariants found in Crassostrea gigas oyster producing bays in Ireland,https://www.sciencedirect.com/science/article/abs/pii/S004484861500109X?via%3Dihub,Bannow Bay,Ireland,NA,"52.450000, -6.783333","52.450000, -6.783333",52.45,-6.783333,Magallana gigas,,Pacific Oyster,OsHV-1 μVar,2010,Field,Snowball,,Individuals,NA,NA,NA,
113,Morrissey et al. 2016,2016,An investigation of ostreid herpes virus microvariants found in Crassostrea gigas oyster producing bays in Ireland,https://www.sciencedirect.com/science/article/abs/pii/S004484861500109X?via%3Dihub,Wexford,Ireland,NA,"52.340121, -6.459543

","52.340121, -6.459543

",52.340121,-6.459543,Magallana gigas,,Pacific Oyster,OsHV-1 μVar,2010,Field,Snowball,,Individuals,NA,NA,NA,
113,Morrissey et al. 2016,2016,An investigation of ostreid herpes virus microvariants found in Crassostrea gigas oyster producing bays in Ireland,https://www.sciencedirect.com/science/article/abs/pii/S004484861500109X?via%3Dihub,Ballinakill,Ireland,NA,"53.562195, -9.998939","53.562195, -9.998939",53.562195,-9.998939,Magallana gigas,,Pacific Oyster,OsHV-1 μVar,2011,Field,Snowball,,Individuals,NA,NA,NA,
113,Morrissey et al. 2016,2016,An investigation of ostreid herpes virus microvariants found in Crassostrea gigas oyster producing bays in Ireland,https://www.sciencedirect.com/science/article/abs/pii/S004484861500109X?via%3Dihub,Achill,Ireland,NA,"53.930654, -9.922565","53.930654, -9.922565",53.930654,-9.922565,Magallana gigas,,Pacific Oyster,OsHV-1 μVar,2011,Field,Snowball,,Individuals,NA,NA,NA,
113,Morrissey et al. 2016,2016,An investigation of ostreid herpes virus microvariants found in Crassostrea gigas oyster producing bays in Ireland,https://www.sciencedirect.com/science/article/abs/pii/S004484861500109X?via%3Dihub,Castlemaine,Ireland,NA,"52.167350, -9.702217","52.167350, -9.702213",52.16735,-9.702213,Magallana gigas,,Pacific Oyster,OsHV-1 μVar,2011,Field,Snowball,,Individuals,NA,NA,NA,
113,Morrissey et al. 2016,2016,An investigation of ostreid herpes virus microvariants found in Crassostrea gigas oyster producing bays in Ireland,https://www.sciencedirect.com/science/article/abs/pii/S004484861500109X?via%3Dihub,Gweedore,Ireland,NA,"55.049771, -8.326477","55.049771, -8.326477",55.049771,-8.326477,Magallana gigas,,Pacific Oyster,OsHV-1 μVar,2011,Field,Snowball,,Individuals,NA,NA,NA,
113,Morrissey et al. 2016,2016,An investigation of ostreid herpes virus microvariants found in Crassostrea gigas oyster producing bays in Ireland,https://www.sciencedirect.com/science/article/abs/pii/S004484861500109X?via%3Dihub,Donegal Bay,Ireland,NA,"54.650475, -8.117177","54.650475, -8.117177",54.650475,-8.117177,Magallana gigas,,Pacific Oyster,OsHV-1 μVar,2011,Field,Snowball,,Individuals,NA,NA,NA,
113,Morrissey et al. 2016,2016,An investigation of ostreid herpes virus microvariants found in Crassostrea gigas oyster producing bays in Ireland,https://www.sciencedirect.com/science/article/abs/pii/S004484861500109X?via%3Dihub,Ballymacoda,Ireland,NA,"51.899636, -7.922395","51.899636, -7.922395",51.899636,-7.922395,Magallana gigas,,Pacific Oyster,OsHV-1 μVar,2011,Field,Snowball,,Individuals,NA,NA,NA,
113,Morrissey et al. 2016,2016,An investigation of ostreid herpes virus microvariants found in Crassostrea gigas oyster producing bays in Ireland,https://www.sciencedirect.com/science/article/abs/pii/S004484861500109X?via%3Dihub,Woodstown,Ireland,NA,"52.251708, -7.195322","52.251708, -7.195320",52.251708,-7.19532,Magallana gigas,,Pacific Oyster,OsHV-1 μVar,2011,Field,Snowball,,Individuals,NA,NA,NA,
113,Morrissey et al. 2016,2016,An investigation of ostreid herpes virus microvariants found in Crassostrea gigas oyster producing bays in Ireland,https://www.sciencedirect.com/science/article/abs/pii/S004484861500109X?via%3Dihub,Carlingford,Ireland,NA,"54.042005, -6.183865","54.042005, -6.183865",54.042005,-6.183865,Magallana gigas,,Pacific Oyster,OsHV-1 μVar,2011,Field,Snowball,,Individuals,NA,NA,NA,
113,Morrissey et al. 2016,2016,An investigation of ostreid herpes virus microvariants found in Crassostrea gigas oyster producing bays in Ireland,https://www.sciencedirect.com/science/article/abs/pii/S004484861500109X?via%3Dihub,Sherkin,Ireland,NA,"51.478292, -9.425799","51.478292, -9.425799",51.478292,-9.425799,Magallana gigas,,Pacific Oyster,OsHV-1 μVar,2012,Field,Snowball,,Individuals,NA,NA,NA,
113,Morrissey et al. 2016,2016,An investigation of ostreid herpes virus microvariants found in Crassostrea gigas oyster producing bays in Ireland,https://www.sciencedirect.com/science/article/abs/pii/S004484861500109X?via%3Dihub,Baltimore,Ireland,NA,"51.487829, -9.368446","51.487829, -9.368446",51.487829,-9.368446,Magallana gigas,,Pacific Oyster,OsHV-1 μVar,2012,Field,Snowball,,Individuals,NA,NA,NA,
113,Morrissey et al. 2016,2016,An investigation of ostreid herpes virus microvariants found in Crassostrea gigas oyster producing bays in Ireland,https://www.sciencedirect.com/science/article/abs/pii/S004484861500109X?via%3Dihub,Drumcliff,Ireland,NA,"54.328095, -8.508715","54.328095, -8.508715",54.328095,-8.508715,Magallana gigas,,Pacific Oyster,OsHV-1 μVar,2012,Field,Snowball,,Individuals,NA,NA,NA,
113,Morrissey et al. 2016,2016,An investigation of ostreid herpes virus microvariants found in Crassostrea gigas oyster producing bays in Ireland,https://www.sciencedirect.com/science/article/abs/pii/S004484861500109X?via%3Dihub,Oysterhaven,Ireland,NA,"51.705851, -8.460733

","51.705851, -8.460733

",51.705851,-8.460733,Magallana gigas,,Pacific Oyster,OsHV-1 μVar,2012,Field,Snowball,,Individuals,NA,NA,NA,
113,Morrissey et al. 2016,2016,An investigation of ostreid herpes virus microvariants found in Crassostrea gigas oyster producing bays in Ireland,https://www.sciencedirect.com/science/article/abs/pii/S004484861500109X?via%3Dihub,Gweedore,Ireland,NA,"55.049771, -8.326477","55.049771, -8.326477",55.049771,-8.326477,Magallana gigas,,Pacific Oyster,OsHV-1 μVar,2012,Field,Snowball,,Individuals,NA,NA,NA,
113,Morrissey et al. 2016,2016,An investigation of ostreid herpes virus microvariants found in Crassostrea gigas oyster producing bays in Ireland,https://www.sciencedirect.com/science/article/abs/pii/S004484861500109X?via%3Dihub,Donegal Bay,Ireland,NA,"54.650475, -8.117177","54.650475, -8.117177",54.650475,-8.117177,Magallana gigas,,Pacific Oyster,OsHV-1 μVar,2012,Field,Snowball,,Individuals,NA,NA,NA,
113,Morrissey et al. 2016,2016,An investigation of ostreid herpes virus microvariants found in Crassostrea gigas oyster producing bays in Ireland,https://www.sciencedirect.com/science/article/abs/pii/S004484861500109X?via%3Dihub,Woodstown,Ireland,NA,"52.251708, -7.195323","52.251708, -7.195320",52.251708,-7.19532,Magallana gigas,,Pacific Oyster,OsHV-1 μVar,2012,Field,Snowball,,Individuals,NA,NA,NA,
115,Pernet et al. 2021,2021,Competition for food reduces disease susceptibility in a marine invertebrate,https://esajournals.onlinelibrary.wiley.com/doi/10.1002/ecs2.3435,Anse du Roz,France,"48°19′547″ N, 4°19′841″ W","48.324605, -4.322631","48.324605, -4.322631",48.324605,-4.322631,Ostrea edulis,,Other Oyster,OsHV-1,2017,Lab,Web of Science,,Individuals,NA,NA,1450,Intensity from Fig. 5
115,Pernet et al. 2021,2021,Competition for food reduces disease susceptibility in a marine invertebrate,https://esajournals.onlinelibrary.wiley.com/doi/10.1002/ecs2.3435,Oyster Farm near Anse du Roz,France,"48°20′06.19″ N, 4°19′06.37″ W","48.325176, -4.317438","48.325176, -4.317438",48.325176,-4.317438,Mytilus spp.,,Mussel,OsHV-1,2017,Lab,Web of Science,,Individuals,NA,NA,251000000,Intensity from Fig. 5
98,Friedman et al. 2020,2020,Unraveling concordant and varying responses of oyster species to Ostreid Herpesvirus 1 variants,https://www.sciencedirect.com/science/article/pii/S0048969720332721?via%3Dihub,"Tomales Bay, California",USA,"38°07′30.9”N, 122°51′48.4”W","38.1252500, -122.8634444","38.1252500, -122.8634444",38.12525,-122.8634444,Crassoastrea virginica,,Other Oyster,OsHV-1 μVar,2017,Lab,Snowball,FRA  μVar,NA,,,14400000,Dead oyster; selected highest error bar
98,Friedman et al. 2020,2020,Unraveling concordant and varying responses of oyster species to Ostreid Herpesvirus 1 variants,https://www.sciencedirect.com/science/article/pii/S0048969720332721?via%3Dihub,"Tomales Bay, California",USA,"38°07′30.9”N, 122°51′48.4”W","38.1252500, -122.8634444","38.1252500, -122.8634444",38.12525,-122.8634444,Crassostrea sikamea,,Other Oyster,OsHV-1 μVar,2017,Lab,Snowball,AUS  μVar,NA,,,3540000,Dead oyster; selected highest error bar
